Label,Mean,Peak,Peak_to_Peak,RMS,Std,time
3,0.0042655084362524,2.7358136726546904,5.438734231536926,0.5730743381310733,0.573058463389337,2026-01-01 01:40:00
3,0.0051308244838448,2.74190499001996,5.444825548902196,0.5588288072609358,0.5588052527176136,2026-01-01 01:40:01
3,0.0061321640897891,3.033476047904192,6.002790219560878,0.6007191062414668,0.6006878067408417,2026-01-01 01:40:02
3,0.0050126465818363,3.033476047904192,6.002790219560878,0.6173761605808444,0.617355810718414,2026-01-01 01:40:03
3,0.0058878768829528,2.977842015968064,5.560560578842315,0.5527255340204056,0.5526941729962003,2026-01-01 01:40:04
3,0.0051217033706025,2.8584521956087823,5.600357185628742,0.5680801015517867,0.5680570129253505,2026-01-01 01:40:05
3,0.0036992062749501,2.8584521956087823,5.600357185628742,0.5679309941357432,0.5679189466578387,2026-01-01 01:40:06
3,0.0049484022189995,2.527084530938124,4.932748802395209,0.5942393692437541,0.5942187655019772,2026-01-01 01:40:07
3,0.0046795276634231,2.8584521956087823,5.625128542914172,0.5761709344007107,0.5761519310642248,2026-01-01 01:40:08
3,0.0047100635642777,2.8584521956087823,5.625128542914172,0.5741571100545368,0.57413779036691,2026-01-01 01:40:09
3,0.0057728715420721,2.54779500998004,4.931530538922155,0.6025905919917596,0.6025629390454893,2026-01-01 01:40:10
3,0.0043610818402257,3.003019461077844,5.613758083832336,0.5675726129608633,0.5675558579984923,2026-01-01 01:40:11
3,0.0047616176826035,3.003019461077844,5.9085778443113774,0.5794867910770888,0.5794672277444741,2026-01-01 01:40:12
3,0.0052823142776946,2.905558383233533,5.636499001996008,0.5799276274473809,0.5799035697705437,2026-01-01 01:40:13
3,0.0028077165980538,2.730940618762475,5.423302894211577,0.5886052917146234,0.5885985951070236,2026-01-01 01:40:14
3,0.0045891096712824,3.236113872255489,6.152636626746507,0.5923826567678074,0.5923648808899047,2026-01-01 01:40:15
3,0.0048318105975548,3.236113872255489,6.152636626746507,0.5652479943542047,0.5652273425160891,2026-01-01 01:40:16
3,0.0045236755980227,2.8937818363273453,5.655991217564869,0.5916033354029577,0.5915860400812281,2026-01-01 01:40:17
3,0.0053655940072979,2.8109399201596807,5.573149301397205,0.5860051781411211,0.5859806133390044,2026-01-01 01:40:18
3,0.0042520250514595,2.839772155688623,5.38350628742515,0.5735291232633504,0.5735133612342341,2026-01-01 01:40:19
3,0.0046981664600486,2.839772155688623,5.532946606786427,0.5757630458035349,0.5757438772100639,2026-01-01 01:40:20
3,0.0037178450715756,2.943730638722555,5.638529441117765,0.5878508312267773,0.587839074409006,2026-01-01 01:40:21
3,0.0035957014681574,2.943730638722555,5.638529441117765,0.6094287473667946,0.6094181397431588,2026-01-01 01:40:22
3,0.0048738470324975,2.7658641716566867,5.284826946107785,0.5829252020960748,0.5829048265830825,2026-01-01 01:40:23
3,0.0046541471744011,2.9035279441117763,5.669392115768464,0.5893997504740005,0.5893813746403028,2026-01-01 01:40:24
3,0.0042524216216005,2.9035279441117763,5.554469261477045,0.5963929332487087,0.59637777267379,2026-01-01 01:40:25
3,0.0038693348654253,2.46332874251497,4.915693113772456,0.5765418801283481,0.5765288958843517,2026-01-01 01:40:26
3,0.0041001386874688,3.156926746506986,6.05639381237525,0.5889734193913603,0.588959147659916,2026-01-01 01:40:27
3,0.0041278985973365,3.156926746506986,6.05639381237525,0.5634016007436587,0.5633864785151372,2026-01-01 01:40:28
3,0.004135036859874,2.8937818363273453,5.575585828343313,0.5914518532535445,0.5914373983670798,2026-01-01 01:40:29
3,0.0041255191764907,2.8937818363273453,5.575585828343313,0.5941844811270561,0.5941701588802263,2026-01-01 01:40:30
3,0.0031297315525199,2.803224251497006,5.4907134730538925,0.5787751023470025,0.5787666402594334,2026-01-01 01:40:31
3,0.0035905460563248,2.803224251497006,5.4907134730538925,0.5771016835601055,0.5770905138251066,2026-01-01 01:40:32
3,0.0037341044473552,2.949009780439121,5.800558483033932,0.5562399450616358,0.5562274111783307,2026-01-01 01:40:33
3,0.0047818427597929,2.949009780439121,5.800558483033932,0.59686612330426,0.5968469679307056,2026-01-01 01:40:34
3,0.0045914890921282,2.7991633732534926,5.307973952095808,0.602061127917236,0.6020436196629703,2026-01-01 01:40:35
3,0.003376794750343,2.7991633732534926,5.307973952095808,0.5775906218300935,0.5775807507901282,2026-01-01 01:40:36
3,0.0039760122333458,3.019262974051896,5.601981536926147,0.5647171315104508,0.5647031343530086,2026-01-01 01:40:37
3,0.003153129190837,3.019262974051896,5.620255489021956,0.5792155659203425,0.5792069833666791,2026-01-01 01:40:38
3,0.004233386254834,2.947791516966068,5.788781936127744,0.601248024634468,0.6012331208172644,2026-01-01 01:40:39
3,0.0050023357581711,2.947791516966068,5.788781936127744,0.5732413166178021,0.5732194899989651,2026-01-01 01:40:40
3,0.0038518857792228,2.851954790419162,5.6316259481037925,0.5791472764537869,0.5791344669416446,2026-01-01 01:40:41
3,0.004282957522455,2.851954790419162,5.6316259481037925,0.5906604001707647,0.5906448718178705,2026-01-01 01:40:42
3,0.0044257227732035,3.127688423153693,6.026749401197605,0.5934215869689426,0.5934050832767386,2026-01-01 01:40:43
3,0.0035596135853293,3.127688423153693,6.026749401197605,0.5823515854228529,0.5823407062842451,2026-01-01 01:40:44
3,0.0034116929227482,2.991649001996008,5.614976347305388,0.5386364547857568,0.5386256499421185,2026-01-01 01:40:45
3,0.0038015213713198,3.0452525948103792,5.733553992015968,0.5932596763025413,0.5932474963806079,2026-01-01 01:40:46
3,0.003972443102077,3.0452525948103792,5.845228143712575,0.6208475581572049,0.620834849348492,2026-01-01 01:40:47
3,0.0032546511469248,2.799975548902196,5.354267964071857,0.5733293560323807,0.5733201180269328,2026-01-01 01:40:48
3,0.0039407174907996,2.822310379241517,5.541474451097805,0.5415132756546006,0.5414989367079434,2026-01-01 01:40:49
3,0.0044665694977233,2.822310379241517,5.541474451097805,0.5602304836471225,0.5602126779754371,2026-01-01 01:40:50
3,0.0042377485263847,2.606271656686627,5.113051796407186,0.6294327635414666,0.6294184977476233,2026-01-01 01:40:51
3,0.0052727965943113,2.606271656686627,5.113051796407186,0.6079311581824943,0.6079082913607807,2026-01-01 01:40:52
3,0.0042817678120321,2.5583532934131736,5.035895109780439,0.5559888812276942,0.5559723936610763,2026-01-01 01:40:53
3,0.0034295385790918,2.5583532934131736,4.884018263473054,0.5607466821593812,0.5607361944960291,2026-01-01 01:40:54
3,0.0053041256354478,2.609114271457086,5.167061477045909,0.5981753567909449,0.5981518400232649,2026-01-01 01:40:55
3,0.0044733111901197,2.609114271457086,5.167061477045909,0.6055038348813139,0.6054873108026078,2026-01-01 01:40:56
3,0.0027910606521332,2.592058582834331,5.116706586826347,0.5317563210215073,0.5317489961690238,2026-01-01 01:40:57
3,0.0037824860045533,2.592058582834331,5.063102994011976,0.5539273933598291,0.5539144788810274,2026-01-01 01:40:58
3,0.0041005352576097,2.862513073852296,5.361171457085828,0.6025500230190438,0.6025360701658045,2026-01-01 01:40:59
3,0.0055317568963635,2.862513073852296,5.361171457085828,0.6045846194932774,0.6045593120558731,2026-01-01 01:41:00
3,0.0041552619370633,2.6704335329341315,5.020869860279442,0.5769296682570026,0.5769147041923697,2026-01-01 01:41:01
3,0.0029738794871195,2.6704335329341315,4.992037624750498,0.5347150170776147,0.5347067472260939,2026-01-01 01:41:02
3,0.0047528931395022,2.704544910179641,5.371323652694612,0.5975879917225694,0.5975690904471366,2026-01-01 01:41:03
3,0.0044054976960142,2.704544910179641,5.371323652694612,0.6163652418707498,0.6163494974253149,2026-01-01 01:41:04
3,0.0047104601344186,2.7979451097804398,5.362795808383233,0.5913618567272583,0.5913430959749445,2026-01-01 01:41:05
3,0.0045708674447979,2.7979451097804398,5.54634750499002,0.579575385575968,0.5795573610405912,2026-01-01 01:41:06
3,0.0051482735700474,2.748402395209581,5.494368263473055,0.5505117090002969,0.550487635670117,2026-01-01 01:41:07
3,0.0045748331462075,3.144744111776447,5.8907099800399205,0.5989752248751744,0.5989577538657882,2026-01-01 01:41:08
3,0.0032689276719997,3.144744111776447,6.110403493013973,0.6171640997614948,0.6171554424505155,2026-01-01 01:41:09
3,0.0040362908947729,3.091546606786427,6.057205988023952,0.5893552457419441,0.5893414239974651,2026-01-01 01:41:10
3,0.0045026573805513,2.8202799401197605,5.515890918163673,0.5523994666494562,0.5523811155634459,2026-01-01 01:41:11
3,0.0026248977630676,2.9412941117764477,5.777005389221557,0.5688090701958786,0.568803013572215,2026-01-01 01:41:12
3,0.0045724537253617,3.159769361277445,6.0036023952095805,0.6146948137349436,0.614677807228768,2026-01-01 01:41:13
3,0.0059941576807322,3.159769361277445,6.0036023952095805,0.5854005398231055,0.5853698506917502,2026-01-01 01:41:14
3,0.0037436221307385,2.63550998003992,5.107366566866268,0.5634005595731333,0.5633881218313552,2026-01-01 01:41:15
3,0.0046109210290356,2.6562204590818363,5.206858083832335,0.5713404830657863,0.5713218768759954,2026-01-01 01:41:16
3,0.0057907171984156,3.003831636726547,5.752640119760479,0.5975694276747334,0.5975413696856782,2026-01-01 01:41:17
3,0.0046795276634231,3.003831636726547,5.752640119760479,0.609794552755002,0.6097765972801188,2026-01-01 01:41:18
3,0.0031174378781499,2.663936127744511,5.102087425149701,0.5456041816819795,0.5455952755018489,2026-01-01 01:41:19
3,0.0032990670027133,2.663936127744511,5.102087425149701,0.5505593450484683,0.5505494606092262,2026-01-01 01:41:20
3,0.0044792597422342,2.568911576846307,5.021682035928144,0.5858006937809034,0.5857835684502848,2026-01-01 01:41:21
3,0.0056078983634293,2.6850526946107784,5.261273852295409,0.6136311093407303,0.6136054838629466,2026-01-01 01:41:22
3,0.0039986167313809,2.7833259481037924,5.468378642714571,0.5941914097184823,0.5941779552015312,2026-01-01 01:41:23
3,0.0047937398640219,2.7833259481037924,5.381475848303393,0.5478327253284939,0.5478117514246671,2026-01-01 01:41:24
3,0.0045090025028068,2.5607898203592816,4.932342714570858,0.5747041521647757,0.5746864635711053,2026-01-01 01:41:25
3,0.0032165804133919,2.4381512974051898,4.816201596806387,0.579720833798735,0.5797119101335979,2026-01-01 01:41:26
3,0.0045212961771768,2.872259181636726,5.704315668662675,0.5841210061968657,0.5841035077461161,2026-01-01 01:41:27
3,0.0044808460227981,2.88281746506986,5.755076646706586,0.5949685440993284,0.5949516707150208,2026-01-01 01:41:28
3,0.004903986363211,2.88281746506986,5.7347722554890215,0.5895798964085852,0.5895595009555079,2026-01-01 01:41:29
3,0.0043269768081025,2.964847205588822,5.76847754491018,0.5872958728004865,0.5872799328090371,2026-01-01 01:41:30
3,0.0033069984055326,2.964847205588822,5.76847754491018,0.5765396701082106,0.5765301856538217,2026-01-01 01:41:31
3,0.0046240078436876,2.6952048902195607,5.333151397205588,0.583836426763716,0.5838181153130532,2026-01-01 01:41:32
3,0.0045454869557759,2.5953072854291417,5.073255189620758,0.5765998226772695,0.576581905768637,2026-01-01 01:41:33
3,0.003228477517621,2.6330734530938127,5.230411177644711,0.5823499714069498,0.5823410221945501,2026-01-01 01:41:34
3,0.0050812532162238,2.869010479041916,5.620255489021956,0.5978929585775152,0.5978713664178332,2026-01-01 01:41:35
3,0.004680717373846,2.869010479041916,5.620255489021956,0.5791381424051784,0.579119226820684,2026-01-01 01:41:36
3,0.0038499029285179,2.74474760479042,5.338836626746508,0.5679208876968476,0.5679078384120229,2026-01-01 01:41:37
3,0.0045879199608595,2.9721567864271456,5.7169043912175646,0.5582534128728123,0.55823455999658,2026-01-01 01:41:38
3,0.005103461144118,2.9774359281437124,5.9495927145708585,0.5709410135734556,0.5709182040052982,2026-01-01 01:41:39
3,0.0047033218718812,2.9774359281437124,5.63731117764471,0.592940460404212,0.5929218062676801,2026-01-01 01:41:40
3,0.0021287885167165,2.739062375249501,5.3989376247504985,0.5666808001994031,0.5666768016904229,2026-01-01 01:41:41
3,0.0043991525737587,2.9104314371257485,5.772132335329341,0.5793746688863691,0.5793579674120506,2026-01-01 01:41:42
3,0.005897394566336,2.9104314371257485,5.772132335329341,0.5740696373115486,0.5740393446623167,2026-01-01 01:41:43
3,0.0042778021106225,2.4446487025948103,4.65782734530938,0.5849084033615047,0.5848927600270045,2026-01-01 01:41:44
3,0.0041433648328343,2.879974850299401,5.411120259481038,0.5735566528399453,0.573541686841352,2026-01-01 01:41:45
3,0.0047096669941367,2.913680139720559,5.647463373253493,0.5786681060154374,0.5786489401669183,2026-01-01 01:41:46
3,0.0045161407653443,2.913680139720559,5.647463373253493,0.5997750273636201,0.5997580244745533,2026-01-01 01:41:47
3,0.0041124323618388,2.876726147704591,5.457414271457086,0.5674527651189182,0.5674378631543506,2026-01-01 01:41:48
3,0.004743375456119,2.876726147704591,5.551626646706587,0.585959603585397,0.5859404043272984,2026-01-01 01:41:49
3,0.0045228824577407,2.727691916167665,5.402592415169661,0.5874103171101173,0.5873929044359337,2026-01-01 01:41:50
3,0.0043590989895209,2.752869361277445,5.48056127744511,0.5878624601934782,0.5878462982453222,2026-01-01 01:41:51
3,0.0043932040216442,2.9741872255489024,5.707564371257485,0.5872255574870316,0.5872091238429281,2026-01-01 01:41:52
3,0.0044324644656,2.9741872255489024,5.707564371257485,0.5700883849865782,0.5700711534145244,2026-01-01 01:41:53
3,0.0037519501036988,2.988806387225549,5.854568163672655,0.607075879644973,0.6070642853249869,2026-01-01 01:41:54
3,0.0032641688303081,2.988806387225549,5.854568163672655,0.5909214187921655,0.5909124033130402,2026-01-01 01:41:55
3,0.0036075985723864,2.527084530938124,4.790211976047904,0.5755830465143246,0.5755717406781292,2026-01-01 01:41:56
3,0.0044939328374501,2.890127045908184,5.492743912175649,0.5797091812436166,0.579691762392564,2026-01-01 01:41:57
3,0.0056824535499313,2.890127045908184,5.566651896207585,0.5906136846078864,0.5905863477661475,2026-01-01 01:41:58
3,0.0048520356747442,2.7796711576846307,5.456196007984032,0.6038951088598632,0.6038756165425766,2026-01-01 01:41:59
3,0.0032931184505988,2.923832335329341,5.703503493013972,0.5691568797646244,0.5691473527604899,2026-01-01 01:42:00
3,0.0034446082444486,2.923832335329341,5.645839021956087,0.5856716148062325,0.5856614850438624,2026-01-01 01:42:01
3,0.0041758835843937,2.7220066866267465,5.387161077844311,0.5933004116315433,0.5932857156871791,2026-01-01 01:42:02
3,0.0036920680124126,2.665154391217565,5.240157285429142,0.5761269012734959,0.5761150709752282,2026-01-01 01:42:03
3,0.0043618749805077,3.013577744510978,5.750203592814371,0.5729090249611565,0.5728924200306699,2026-01-01 01:42:04
3,0.0045177270459081,3.013577744510978,5.750203592814371,0.5615549041789006,0.5615367312560354,2026-01-01 01:42:05
3,0.0037832791448353,2.8170312375249504,5.620661576846308,0.6233172692016983,0.6233057876227163,2026-01-01 01:42:06
3,0.0042429039382173,2.8170312375249504,5.620661576846308,0.6076239112001873,0.607609097387773,2026-01-01 01:42:07
3,0.0045502457974675,2.6168299401197608,5.190614570858283,0.5530726014545523,0.553053883218343,2026-01-01 01:42:08
3,0.0040664302254865,2.6168299401197608,5.190614570858283,0.5621558643933602,0.5621411566653586,2026-01-01 01:42:09
3,0.0045399349738023,2.961192415169661,5.9134508982035925,0.5749926398728069,0.5749747167470349,2026-01-01 01:42:10
3,0.0039288203865706,3.110632734530938,6.06289121756487,0.6282574865826492,0.628245201985274,2026-01-01 01:42:11
3,0.0035544581734967,3.110632734530938,6.022688522954091,0.603832701836373,0.603822240095632,2026-01-01 01:42:12
3,0.004097759266623,2.7699250499001997,5.353455788423153,0.5548093436184943,0.554794210618115,2026-01-01 01:42:13
3,0.0041362265702969,2.687489221556886,5.260867764471057,0.5812311187250941,0.5812164011830565,2026-01-01 01:42:14
3,0.0048155512217752,2.687489221556886,5.260867764471057,0.6086069765496418,0.6085879249305944,2026-01-01 01:42:15
3,0.0037884345566679,3.0992622754491017,5.800964570858284,0.6037753286960853,0.6037634431676663,2026-01-01 01:42:16
3,0.0034842652585454,3.0992622754491017,5.800964570858284,0.5612402667793962,0.5612294512498572,2026-01-01 01:42:17
3,0.0043039757399263,2.67611876247505,5.339648802395209,0.5801213807824986,0.580105414759958,2026-01-01 01:42:18
3,0.0045082093625249,2.8815992015968064,5.580052794411178,0.6032425887768796,0.6032257429541409,2026-01-01 01:42:19
3,0.004420567361371,2.8815992015968064,5.580052794411178,0.5900043821974957,0.5899878215662187,2026-01-01 01:42:20
3,0.0043071483010541,2.516120159680639,4.780465868263473,0.5608219280376525,0.5608053882064461,2026-01-01 01:42:21
3,0.0036710497949413,2.933172355289421,5.607666766467066,0.5395108362676654,0.539498346469791,2026-01-01 01:42:22
3,0.0046458192014408,2.957131536926148,5.672234730538922,0.6066861461335012,0.6066683577328453,2026-01-01 01:42:23
3,0.0042893026447105,2.957131536926148,5.740863572854291,0.6235905537873043,0.6235758018521718,2026-01-01 01:42:24
3,0.0034731612945983,2.783732035928144,5.415993313373253,0.5770617819799002,0.5770513299286637,2026-01-01 01:42:25
3,0.0041413819821294,2.6322612774451097,5.2564007984031935,0.542337419470836,0.5423216070871266,2026-01-01 01:42:26
3,0.0026990563794286,2.550637624750499,4.934373153692615,0.5578931434657538,0.5578866144843062,2026-01-01 01:42:27
3,0.004382496627838,3.147586726546906,6.036495508982036,0.627071556812963,0.6270562423635858,2026-01-01 01:42:28
3,0.005599173820328,3.147586726546906,6.036495508982036,0.6150488094103226,0.6150233224923956,2026-01-01 01:42:29
3,0.0040922072846494,2.624139520958084,5.152848403193612,0.5485751357574251,0.5485598722207238,2026-01-01 01:42:30
3,0.004245679929204,2.5644446107784438,4.917317465069861,0.5576976963224181,0.5576815351840787,2026-01-01 01:42:31
0,0.0166293353365384,0.2017310769230769,0.3992898461538461,0.0670264800097582,0.0649308418916886,2026-01-01 00:30:00
0,0.0155316598557692,0.191508923076923,0.347136,0.0640327945931768,0.0621205789214545,2026-01-01 00:30:01
0,0.0169288125,0.2027741538461538,0.385104,0.0645436388806604,0.0622839997695792,2026-01-01 00:30:02
0,0.0180091712740384,0.2296855384615384,0.4120153846153845,0.0710467572814529,0.0687263520800576,2026-01-01 00:30:03
0,0.0149453365384615,0.2296855384615384,0.4009587692307692,0.0694731748850445,0.067846583881284,2026-01-01 00:30:04
0,0.0129347650240384,0.180660923076923,0.3450498461538461,0.0646137879349,0.0633058721215428,2026-01-01 00:30:05
0,0.017588680889423,0.1860849230769231,0.3542289230769231,0.0688450298865252,0.066560321849031,2026-01-01 00:30:06
0,0.0189438659855769,0.1960984615384615,0.3836436923076922,0.0718166613489638,0.0692731029248168,2026-01-01 00:30:07
0,0.0173670270432692,0.1960984615384615,0.3836436923076922,0.0689602169239686,0.0667375298455012,2026-01-01 00:30:08
0,0.0179635366586538,0.2011052307692307,0.3778024615384615,0.0672985111868098,0.0648567726507754,2026-01-01 00:30:09
0,0.0161047409855769,0.2011052307692307,0.3778024615384615,0.0652817875930062,0.0632641218158117,2026-01-01 00:30:10
0,0.0148200450721153,0.1979759999999999,0.3563150769230769,0.0647507397290596,0.0630319328556637,2026-01-01 00:30:11
0,0.0162805564903846,0.205068923076923,0.3634079999999999,0.072344102119324,0.0704883862193948,2026-01-01 00:30:12
0,0.0173939188701923,0.205068923076923,0.3738387692307692,0.067346497193121,0.0650615268074784,2026-01-01 00:30:13
0,0.0158413233173076,0.2069464615384615,0.3947003076923077,0.0619103801671005,0.0598493746666699,2026-01-01 00:30:14
0,0.0147088106971153,0.2315630769230769,0.4385095384615384,0.0689865052365771,0.0674002135948597,2026-01-01 00:30:15
0,0.0154452800480769,0.2315630769230769,0.4188996923076923,0.0670375761826384,0.0652340397697362,2026-01-01 00:30:16
0,0.015305727764423,0.2027741538461538,0.3830178461538461,0.0630857594339628,0.061200880230281,2026-01-01 00:30:17
0,0.0142575576923076,0.2027741538461538,0.3830178461538461,0.06504178415963,0.0634598750023856,2026-01-01 00:30:18
0,0.0182316400240384,0.2244701538461538,0.4024190769230769,0.0709444944929369,0.068561859666233,2026-01-01 00:30:19
0,0.0187201748798076,0.2244701538461538,0.3911538461538462,0.0727654393649162,0.070316173235172,2026-01-01 00:30:20
0,0.0168819555288461,0.2163341538461538,0.3830178461538461,0.066842311771551,0.0646752983795768,2026-01-01 00:30:21
0,0.0168998834134615,0.2180030769230769,0.4076344615384615,0.0674049048672971,0.0652519359159618,2026-01-01 00:30:22
0,0.0156559326923076,0.2200892307692307,0.4097206153846153,0.0708295393147672,0.069077604265609,2026-01-01 00:30:23
0,0.0153668455528846,0.2200892307692307,0.4218203076923077,0.0710730129351455,0.0693918815527663,2026-01-01 00:30:24
0,0.0146784555288461,0.2424110769230769,0.4441421538461538,0.072679016119453,0.071181334121941,2026-01-01 00:30:25
0,0.0173179290865384,0.2424110769230769,0.4318338461538461,0.0722203003366452,0.0701132021296193,2026-01-01 00:30:26
0,0.016955704326923,0.1986018461538461,0.3809316923076923,0.067928532052474,0.0657783365370541,2026-01-01 00:30:27
0,0.0145315691105769,0.1973501538461538,0.3698750769230769,0.0684426698003989,0.0668822289445482,2026-01-01 00:30:28
0,0.0130959122596153,0.1973501538461538,0.3713353846153846,0.0645755235811608,0.0632336566068222,2026-01-01 00:30:29
0,0.0143571796874999,0.1940123076923077,0.3761335384615384,0.0655815365226353,0.063990697168343,2026-01-01 00:30:30
0,0.014577,0.1940123076923077,0.3788455384615384,0.067248135226802,0.0656492403800854,2026-01-01 00:30:31
0,0.0145761850961538,0.1848332307692307,0.3542289230769231,0.0594889127440167,0.0576755196552913,2026-01-01 00:30:32
0,0.0178068713942307,0.172524923076923,0.3377483076923077,0.0610923192131766,0.0584395995707876,2026-01-01 00:30:33
0,0.0165519194711538,0.2048603076923076,0.3700836923076923,0.0661630496713394,0.064059215602695,2026-01-01 00:30:34
0,0.0130154405048076,0.2048603076923076,0.3757163076923077,0.0662870220118098,0.0649966737276606,2026-01-01 00:30:35
0,0.012927430889423,0.1856676923076923,0.3565236923076923,0.0660799228862723,0.0648030689030611,2026-01-01 00:30:36
0,0.0138751640624999,0.1971415384615384,0.3629907692307692,0.0650888367728895,0.0635927393236567,2026-01-01 00:30:37
0,0.0147440552884615,0.1971415384615384,0.3531858461538461,0.066454053771207,0.0647977939152041,2026-01-01 00:30:38
0,0.0167348653846153,0.2052775384615384,0.4036707692307692,0.0718308288795327,0.0698542214764398,2026-01-01 00:30:39
0,0.0151645456730769,0.2052775384615384,0.4036707692307692,0.0684003129120742,0.0666981211204546,2026-01-01 00:30:40
0,0.0124751592548076,0.1708559999999999,0.3342018461538462,0.0650687826052926,0.0638617011306622,2026-01-01 00:30:41
0,0.0138065084134615,0.2086153846153846,0.3794713846153846,0.0687800041051477,0.0673800362877103,2026-01-01 00:30:42
0,0.0148827926682692,0.2086153846153846,0.3717526153846154,0.0650598258496964,0.0633346936677374,2026-01-01 00:30:43
0,0.01424859375,0.2004793846153846,0.3800972307692307,0.0619918778575207,0.0603321680072019,2026-01-01 00:30:44
0,0.0155053792067307,0.2004793846153846,0.3800972307692307,0.0626269404206787,0.0606771528840199,2026-01-01 00:30:45
0,0.0170394356971153,0.2269735384615384,0.4120153846153846,0.0662146330785811,0.0639846486655589,2026-01-01 00:30:46
0,0.0154471135817307,0.2269735384615384,0.4120153846153846,0.0687403164795733,0.0669822199669809,2026-01-01 00:30:47
0,0.0126570865384615,0.1662664615384615,0.332532923076923,0.0646079997158844,0.0633560714347537,2026-01-01 00:30:48
0,0.0135964669471153,0.1988104615384615,0.3529772307692307,0.0641342940953634,0.0626765009047775,2026-01-01 00:30:49
0,0.0157836688701923,0.2641070769230769,0.4752258461538461,0.0689647527628759,0.0671342901998727,2026-01-01 00:30:50
0,0.016362454326923,0.2641070769230769,0.4752258461538461,0.0711298723149211,0.0692223144942173,2026-01-01 00:30:51
0,0.0168414140624999,0.1948467692307692,0.370500923076923,0.0682907427741353,0.0661815104165698,2026-01-01 00:30:52
0,0.0169589639423076,0.1875452307692307,0.3631993846153846,0.0687999018787465,0.0666769828391226,2026-01-01 00:30:53
0,0.0154420204326923,0.1908830769230769,0.3757163076923077,0.0695177304181858,0.0677809622788868,2026-01-01 00:30:54
0,0.0157046231971153,0.1908830769230769,0.3730043076923076,0.0686398854504687,0.0668191490883422,2026-01-01 00:30:55
0,0.0186439813701923,0.1908830769230769,0.3769679999999999,0.0691128276556283,0.0665506191197685,2026-01-01 00:30:56
0,0.0183473563701923,0.2630639999999999,0.449148923076923,0.0706689134929132,0.0682456580926143,2026-01-01 00:30:57
0,0.018330243389423,0.2630639999999999,0.4562418461538461,0.0690996112916824,0.0666240081197921,2026-01-01 00:30:58
0,0.0184345510817307,0.1965156923076922,0.3896935384615384,0.0640342511280887,0.0613233450159903,2026-01-01 00:30:59
0,0.0183720072115384,0.2232184615384615,0.438300923076923,0.0664538676632989,0.0638638072653864,2026-01-01 00:31:00
0,0.0172608858173076,0.2232184615384615,0.438300923076923,0.0682932467314234,0.0660759363907992,2026-01-01 00:31:01
0,0.0169779104567307,0.214248,0.3990812307692307,0.0667448801947251,0.0645494352317,2026-01-01 00:31:02
0,0.0197748641826923,0.2234270769230769,0.4063827692307692,0.0705860444415927,0.0677594599776782,2026-01-01 00:31:03
0,0.0198111274038461,0.2234270769230769,0.4063827692307692,0.067566423576125,0.0645967555366128,2026-01-01 00:31:04
0,0.0175440649038461,0.1919261538461538,0.3684147692307692,0.0651901647859346,0.06278505691219,2026-01-01 00:31:05
0,0.0174648155048076,0.207780923076923,0.3997070769230769,0.0729832112349042,0.0708627500280766,2026-01-01 00:31:06
0,0.0175793094951923,0.207780923076923,0.3928227692307692,0.0705864324986551,0.0683623604811847,2026-01-01 00:31:07
0,0.0170526778846153,0.1879624615384615,0.3692492307692308,0.0639765195656016,0.0616619917995791,2026-01-01 00:31:08
0,0.018939384014423,0.2209236923076923,0.4145187692307692,0.0682455842160557,0.0655649258227672,2026-01-01 00:31:09
0,0.0197373786057692,0.2705741538461538,0.491497846153846,0.0713366182744739,0.06855179788022,2026-01-01 00:31:10
0,0.0193885997596153,0.2705741538461538,0.5013027692307692,0.0715616778149301,0.0688850922264702,2026-01-01 00:31:11
0,0.0167246790865384,0.2307286153846153,0.4191083076923076,0.067147008520253,0.0650308070276791,2026-01-01 00:31:12
0,0.0169665018028846,0.214248,0.3876073846153846,0.0646208630726376,0.062353779042054,2026-01-01 00:31:13
0,0.0181919134615384,0.214248,0.3919883076923077,0.0668895893841598,0.0643682487923153,2026-01-01 00:31:14
0,0.0164343695913461,0.199644923076923,0.3773852307692308,0.0637758746720113,0.0616220227379395,2026-01-01 00:31:15
0,0.0179867614182692,0.1958898461538461,0.3556892307692307,0.0622866280316421,0.0596330482638143,2026-01-01 00:31:16
0,0.0203617986778846,0.1906744615384615,0.3454670769230769,0.0644361293591994,0.0611343759385567,2026-01-01 00:31:17
0,0.0171981382211538,0.1906744615384615,0.368832,0.0665446258344429,0.064283833653354,2026-01-01 00:31:18
0,0.014230462139423,0.1781575384615384,0.355272,0.0651071301254532,0.0635329232797543,2026-01-01 00:31:19
0,0.015011751201923,0.1771144615384615,0.3327415384615385,0.0622235172235971,0.0603855398380014,2026-01-01 00:31:20
0,0.0165470300480769,0.2232184615384615,0.3890676923076923,0.0675482262052333,0.0654901417013386,2026-01-01 00:31:21
0,0.016704102764423,0.2232184615384615,0.3980381538461538,0.0721894428530911,0.0702302542375813,2026-01-01 00:31:22
0,0.0167780552884615,0.1748196923076923,0.3490135384615385,0.0662032882352457,0.0640419568243846,2026-01-01 00:31:23
0,0.0171197037259615,0.1950553846153846,0.3675803076923077,0.0621870612242526,0.0597841645257692,2026-01-01 00:31:24
0,0.0146377103365384,0.2165427692307692,0.425784,0.0643266952880409,0.0626391344351442,2026-01-01 00:31:25
0,0.0151258377403846,0.2165427692307692,0.425784,0.0623404747932412,0.0604776308241179,2026-01-01 00:31:26
0,0.0165837007211538,0.1944295384615384,0.3609046153846154,0.0639385767631312,0.0617504855761153,2026-01-01 00:31:27
0,0.0152199591346153,0.199644923076923,0.3940744615384615,0.0672101334771771,0.065464149623749,2026-01-01 00:31:28
0,0.0163194681490384,0.199644923076923,0.3700836923076923,0.0639800851609143,0.0618637717612689,2026-01-01 00:31:29
0,0.0167933347355769,0.1940123076923077,0.3611132307692307,0.0638088423870915,0.061559339463964,2026-01-01 00:31:30
0,0.0154742091346153,0.200688,0.3755076923076923,0.0658289320364751,0.0639843507798669,2026-01-01 00:31:31
0,0.0146703064903846,0.200688,0.3755076923076923,0.0664173503701411,0.0647768981788127,2026-01-01 00:31:32
0,0.0165390847355769,0.2067378461538461,0.4011673846153846,0.0704663834785091,0.0684979552734949,2026-01-01 00:31:33
0,0.0189452920673076,0.224052923076923,0.4184824615384614,0.0693039066662329,0.0666641386930509,2026-01-01 00:31:34
0,0.0172356237980769,0.224052923076923,0.3901107692307692,0.0647530950659089,0.0624171177875573,2026-01-01 00:31:35
0,0.0169006983173076,0.2029827692307692,0.3713353846153846,0.066286422848144,0.0640956804347244,2026-01-01 00:31:36
0,0.0161420228365384,0.2029827692307692,0.3928227692307692,0.068532202238222,0.0666040377331977,2026-01-01 00:31:37
0,0.01340109375,0.2361526153846153,0.4424732307692307,0.0722844217403943,0.0710313192376919,2026-01-01 00:31:38
0,0.0142707998798076,0.2361526153846153,0.4424732307692307,0.0682902610777747,0.0667825128971732,2026-01-01 00:31:39
0,0.0166509302884615,0.1689784615384615,0.3371224615384615,0.0631863668555534,0.0609529611826478,2026-01-01 00:31:40
0,0.0153430096153846,0.2221753846153846,0.394908923076923,0.0721630412591974,0.0705130950938819,2026-01-01 00:31:41
0,0.0125421850961538,0.2221753846153846,0.394908923076923,0.068364790566455,0.0672044506131036,2026-01-01 00:31:42
0,0.0134263557692307,0.2086153846153846,0.3517255384615385,0.0605150025277914,0.0590067665755094,2026-01-01 00:31:43
0,0.0139265030048076,0.2086153846153846,0.4049224615384615,0.0687362320383203,0.0673106388981927,2026-01-01 00:31:44
0,0.0127721917067307,0.1998535384615384,0.3961606153846154,0.0690231447686718,0.0678311553252894,2026-01-01 00:31:45
0,0.0139236508413461,0.2134135384615384,0.3999156923076923,0.0671758472177791,0.0657170175576667,2026-01-01 00:31:46
0,0.0164893756009615,0.2134135384615384,0.3882332307692308,0.0663707862232056,0.0642898262260591,2026-01-01 00:31:47
0,0.0139590991586538,0.2163341538461538,0.4161876923076923,0.0707949276035221,0.0694050814066723,2026-01-01 00:31:48
0,0.0127108701923076,0.2163341538461538,0.4220289230769231,0.0735893841717949,0.0724833169890722,2026-01-01 00:31:49
0,0.0144378551682692,0.2056947692307692,0.4097206153846153,0.0673580788603602,0.0657925461271912,2026-01-01 00:31:50
0,0.0114290264423076,0.2138307692307692,0.412224,0.0641988061310459,0.0631732859936275,2026-01-01 00:31:51
0,0.0102258209134615,0.2138307692307692,0.412224,0.0642858136444445,0.0634673019953902,2026-01-01 00:31:52
0,0.0126092109375,0.187128,0.370500923076923,0.0636877527664499,0.062427058652271,2026-01-01 00:31:53
0,0.0119778641826923,0.2163341538461538,0.4297476923076923,0.0698596139563865,0.0688251148328597,2026-01-01 00:31:54
0,0.0084894645432692,0.2163341538461538,0.4297476923076923,0.0680679066024403,0.0675364264749558,2026-01-01 00:31:55
0,0.0084625727163461,0.1831643076923076,0.3310726153846153,0.0600008130712938,0.0594010305654447,2026-01-01 00:31:56
0,0.0114595853365384,0.205068923076923,0.3940744615384615,0.0655924770279149,0.0645836739940686,2026-01-01 00:31:57
0,0.0100709891826923,0.205068923076923,0.3940744615384615,0.0632947277477807,0.0624883808203395,2026-01-01 00:31:58
0,0.0085886790865384,0.1825384615384615,0.3481790769230769,0.0635956037228887,0.0630129780634684,2026-01-01 00:31:59
0,0.0119092085336538,0.1960984615384615,0.3830178461538461,0.0731692907496585,0.0721935998611373,2026-01-01 00:32:00
0,0.0096081237980769,0.1960984615384615,0.3830178461538461,0.0689232007838323,0.0682502129181242,2026-01-01 00:32:01
0,0.0072770913461538,0.2382387692307692,0.417648,0.0681076359802322,0.0677177526233377,2026-01-01 00:32:02
0,0.0090900486778846,0.2382387692307692,0.4364233846153846,0.0716061520373324,0.0710268401706513,2026-01-01 00:32:03
0,0.0108985240384615,0.1981846153846153,0.3659113846153846,0.0644105113748775,0.0634817780891201,2026-01-01 00:32:04
0,0.0092308233173076,0.199644923076923,0.3686233846153846,0.0640855027847412,0.0634172182302072,2026-01-01 00:32:05
0,0.0099041376201923,0.199644923076923,0.3686233846153846,0.0642874475714838,0.0635199494116342,2026-01-01 00:32:06
0,0.0106780925480769,0.1781575384615384,0.341712,0.0607780252109684,0.0598326556997081,2026-01-01 00:32:07
0,0.0082938876201923,0.2134135384615384,0.3769679999999999,0.0626069278885877,0.0620551274899217,2026-01-01 00:32:08
0,0.0076796538461538,0.2134135384615384,0.3629907692307692,0.0618844627876518,0.0614061043489938,2026-01-01 00:32:09
0,0.0077560510817307,0.2284338461538461,0.3913624615384615,0.0637776346153846,0.0633042680137057,2026-01-01 00:32:10
0,0.00835846875,0.2284338461538461,0.4551987692307692,0.0668627938153583,0.0663382935938993,2026-01-01 00:32:11
0,0.0077642001201923,0.226764923076923,0.4347544615384615,0.0652563078360711,0.0647927689552598,2026-01-01 00:32:12
0,0.0089928713942307,0.2079895384615384,0.3815575384615384,0.0661157725689886,0.0655013255322444,2026-01-01 00:32:13
0,0.008531024639423,0.1908830769230769,0.3644510769230769,0.0653925489813855,0.0648336878550377,2026-01-01 00:32:14
0,0.0051632307692307,0.1727335384615384,0.3302381538461538,0.0644319307066556,0.0642247206503146,2026-01-01 00:32:15
0,0.0050660534855769,0.2033999999999999,0.3896935384615384,0.0680217166391756,0.0678328020696593,2026-01-01 00:32:16
0,0.0058178022836538,0.2033999999999999,0.3896935384615384,0.0640683960357719,0.0638037032403671,2026-01-01 00:32:17
0,0.0077491243990384,0.1890055384615384,0.3686233846153846,0.0614912912120001,0.0610010652855114,2026-01-01 00:32:18
0,0.0082511051682692,0.1967243076923076,0.3763421538461537,0.0656924233023522,0.0651721853464926,2026-01-01 00:32:19
0,0.0060651256009615,0.1967243076923076,0.3746732307692307,0.0635951910518552,0.0633053123866119,2026-01-01 00:32:20
0,0.0061563948317307,0.2015224615384615,0.3861470769230769,0.064705401585864,0.0644118606862414,2026-01-01 00:32:21
0,0.0060471977163461,0.2015224615384615,0.3861470769230769,0.0649780828979838,0.0646960791460864,2026-01-01 00:32:22
0,0.0073559332932692,0.1583390769230769,0.3074990769230769,0.0583188795549181,0.0578531067266575,2026-01-01 00:32:23
0,0.0073033719951923,0.2238443076923077,0.3967864615384615,0.06260106782845,0.0621735832227968,2026-01-01 00:32:24
0,0.0084925204326923,0.2269735384615384,0.4508178461538461,0.0683372891727606,0.0678075378419082,2026-01-01 00:32:25
0,0.0089727025240384,0.2269735384615384,0.4531126153846153,0.0655322821323599,0.0649151031031326,2026-01-01 00:32:26
0,0.0082411225961538,0.2261390769230769,0.3955347692307692,0.0644197385194721,0.0638904265854621,2026-01-01 00:32:27
0,0.0079078269230769,0.1979759999999999,0.3765507692307692,0.0647474174327958,0.0642626978703149,2026-01-01 00:32:28
0,0.0077191766826923,0.1979759999999999,0.3780110769230769,0.0671380276946296,0.0666927962681595,2026-01-01 00:32:29
0,0.0098849873798076,0.2094498461538461,0.4174393846153846,0.0706460144389658,0.0699510284457035,2026-01-01 00:32:30
0,0.0112432283653846,0.2125790769230769,0.4220289230769231,0.0689387844394067,0.0680157762280693,2026-01-01 00:32:31
0,0.0099935733173076,0.226764923076923,0.4393439999999999,0.071633433472769,0.070932906915262,2026-01-01 00:32:32
0,0.0065273798076923,0.226764923076923,0.4341286153846153,0.0694733021293923,0.0691659816789147,2026-01-01 00:32:33
0,0.0075350084134615,0.1856676923076923,0.3381655384615384,0.0625435001664699,0.0620879461834766,2026-01-01 00:32:34
0,0.0101009368990384,0.2246787692307692,0.4145187692307692,0.0684250942891164,0.0676754357373199,2026-01-01 00:32:35
0,0.0108449441105769,0.2246787692307692,0.4145187692307692,0.0681532834897902,0.0672848960590575,2026-01-01 00:32:36
0,0.0114210811298076,0.1829556923076923,0.3542289230769231,0.0661016004616312,0.0651074534090796,2026-01-01 00:32:37
0,0.0111550150240384,0.1998535384615384,0.3828092307692308,0.0674989559035866,0.0665708245997284,2026-01-01 00:32:38
0,0.0085322469951923,0.1998535384615384,0.3773852307692308,0.0624915952676855,0.0619063828721502,2026-01-01 00:32:39
0,0.0088029987980769,0.1904658461538461,0.3767593846153846,0.0619353623898112,0.0613065765356238,2026-01-01 00:32:40
0,0.00931190625,0.1904658461538461,0.3767593846153846,0.0649915158292926,0.0643209571740067,2026-01-01 00:32:41
0,0.0109618828125,0.2246787692307692,0.4224461538461538,0.0669824560512852,0.0660793957589456,2026-01-01 00:32:42
0,0.0128487926682692,0.2246787692307692,0.4224461538461538,0.0686955629658164,0.0674832490189846,2026-01-01 00:32:43
0,0.0123800192307692,0.2301027692307692,0.4205686153846154,0.0673905557800108,0.0662436572977711,2026-01-01 00:32:44
0,0.0122090931490384,0.2301027692307692,0.4136843076923077,0.0653339923062467,0.0641830865193534,2026-01-01 00:32:45
0,0.010636532451923,0.1775316923076923,0.3442153846153846,0.0615477424675998,0.0606216857259609,2026-01-01 00:32:46
0,0.0119206171875,0.1625113846153845,0.3210590769230769,0.0631642698019207,0.0620292178370718,2026-01-01 00:32:47
0,0.0114997193509615,0.1965156923076922,0.386772923076923,0.0691328337378351,0.0681696791504278,2026-01-01 00:32:48
0,0.0116659597355769,0.1965156923076922,0.390528,0.0686138143052541,0.0676147979140942,2026-01-01 00:32:49
0,0.0137062752403846,0.1940123076923077,0.3696664615384615,0.0652664172555684,0.0638109962342916,2026-01-01 00:32:50
0,0.01215103125,0.2086153846153846,0.3673716923076923,0.0670145074482684,0.0659036922189914,2026-01-01 00:32:51
0,0.0075635300480769,0.2086153846153846,0.3817661538461538,0.0652509863055939,0.0648111427693158,2026-01-01 00:32:52
0,0.0083124266826923,0.2119532307692307,0.4228633846153846,0.0656933435964982,0.0651653201905157,2026-01-01 00:32:53
0,0.0121239356971153,0.2119532307692307,0.4228633846153846,0.0691328816894019,0.0680614833359739,2026-01-01 00:32:54
0,0.0105776556490384,0.1988104615384615,0.3669544615384615,0.0641522176866763,0.0632741672018611,2026-01-01 00:32:55
0,0.0088565787259615,0.1785747692307692,0.3448412307692307,0.0642274400326723,0.0636138747949011,2026-01-01 00:32:56
0,0.0101537019230769,0.1862935384615384,0.3602787692307692,0.0681440432978611,0.0673833286075871,2026-01-01 00:32:57
0,0.0090110030048076,0.1875452307692307,0.3738387692307692,0.0658251573202718,0.0652054687973783,2026-01-01 00:32:58
0,0.0081828569711538,0.2033999999999999,0.3909452307692307,0.0659007166527564,0.0653907126978788,2026-01-01 00:32:59
0,0.0102078930288461,0.2384473846153846,0.4224461538461538,0.0674961384989155,0.0667197694253841,2026-01-01 00:33:00
0,0.0117631370192307,0.2384473846153846,0.4224461538461538,0.0645111843676047,0.0634296580156152,2026-01-01 00:33:01
0,0.010821923076923,0.2017310769230769,0.3846867692307692,0.0671688599259964,0.0662913397411403,2026-01-01 00:33:02
0,0.0101977067307692,0.2027741538461538,0.4045052307692307,0.0721719014569007,0.0714478140836919,2026-01-01 00:33:03
0,0.0095844915865384,0.2027741538461538,0.3992898461538461,0.0672362444858969,0.0665496062617569,2026-01-01 00:33:04
0,0.0091316087740384,0.1906744615384615,0.3586098461538461,0.0617485931892097,0.0610696527093811,2026-01-01 00:33:05
0,0.0083391147836538,0.2094498461538461,0.3702923076923077,0.0631240828879743,0.0625708319033149,2026-01-01 00:33:06
0,0.0098693004807692,0.2094498461538461,0.3761335384615384,0.063882589304306,0.0631156250404202,2026-01-01 00:33:07
0,0.0132232409855769,0.1704387692307692,0.3333673846153845,0.0607291302782116,0.0592720268101687,2026-01-01 00:33:08
0,0.0099640330528846,0.1821212307692307,0.35256,0.0591370311119798,0.0582915645188932,2026-01-01 00:33:09
0,0.0102162457932692,0.1821212307692307,0.3473446153846153,0.0645687808132054,0.0637554372394643,2026-01-01 00:33:10
0,0.0095199104567307,0.1875452307692307,0.3523513846153845,0.0630873163169044,0.0623649002642109,2026-01-01 00:33:11
0,0.0094233443509615,0.213204923076923,0.4007501538461538,0.0618354454519892,0.0611131973921274,2026-01-01 00:33:12
0,0.0110806550480769,0.213204923076923,0.4013759999999999,0.0677411910925623,0.066828796595065,2026-01-01 00:33:13
0,0.0128253641826923,0.192552,0.3807230769230769,0.0669923132355783,0.0657531753319576,2026-01-01 00:33:14
0,0.0126456778846153,0.1929692307692307,0.3778024615384615,0.0675496405996071,0.0663554125597501,2026-01-01 00:33:15
0,0.0100314663461538,0.1929692307692307,0.3848953846153846,0.0673676728966194,0.0666166123009261,2026-01-01 00:33:16
0,0.0101695925480769,0.1919261538461538,0.3832264615384615,0.0614797079939747,0.060632778943658,2026-01-01 00:33:17
0,0.0100216875,0.2136221538461538,0.4143101538461538,0.0683995287669165,0.0676613724010131,2026-01-01 00:33:18
0,0.0114720126201923,0.2136221538461538,0.4143101538461538,0.0741791987263532,0.0732867412983136,2026-01-01 00:33:19
0,0.0128699801682692,0.2109101538461538,0.4134756923076922,0.0705484252922092,0.069364572525741,2026-01-01 00:33:20
0,0.0131301382211538,0.2109101538461538,0.4065913846153846,0.0661743606303625,0.0648586576729018,2026-01-01 00:33:21
0,0.0119813275240384,0.175236923076923,0.3500566153846154,0.0627328430088852,0.0615780592641499,2026-01-01 00:33:22
0,0.0108903749999999,0.175236923076923,0.3500566153846154,0.0651985045785529,0.0642825383104849,2026-01-01 00:33:23
0,0.0105018695913461,0.1758627692307692,0.3406689230769231,0.0641765007322371,0.0633114048282076,2026-01-01 00:33:24
0,0.0101991328125,0.1758627692307692,0.3448412307692308,0.0612592565011673,0.0604042564472802,2026-01-01 00:33:25
0,0.011401930889423,0.1994363076923077,0.3648683076923077,0.0679653908095099,0.0670021665312566,2026-01-01 00:33:26
0,0.0147835781249999,0.1994363076923077,0.3823919999999999,0.068223230141538,0.0666022142932747,2026-01-01 00:33:27
0,0.0137586328125,0.196932923076923,0.3798886153846154,0.0644212305074178,0.0629348469706621,2026-01-01 00:33:28
0,0.009118977764423,0.2309372307692307,0.4362147692307692,0.0731885811337763,0.0726182666614077,2026-01-01 00:33:29
0,0.0091770396634615,0.2309372307692307,0.4362147692307692,0.0738874660230622,0.0733153434031678,2026-01-01 00:33:30
0,0.0110447992788461,0.2225926153846154,0.4130584615384615,0.0677386852373509,0.0668321919928929,2026-01-01 00:33:31
0,0.0111554224759615,0.2225926153846154,0.4130584615384615,0.0681987705124468,0.067280226283747,2026-01-01 00:33:32
0,0.0123995769230769,0.1835815384615384,0.3648683076923077,0.0666329585101201,0.0654690892860141,2026-01-01 00:33:33
0,0.0122113341346153,0.1829556923076923,0.3546461538461538,0.0645114867589531,0.0633452069418308,2026-01-01 00:33:34
0,0.0088575973557692,0.1958898461538461,0.3617390769230769,0.0651357020615729,0.064530633439763,2026-01-01 00:33:35
0,0.0080033743990384,0.1958898461538461,0.3700836923076923,0.0653831406142023,0.0648914561002091,2026-01-01 00:33:36
0,0.0114966634615384,0.1906744615384615,0.3648683076923077,0.065728005199655,0.0647147386364034,2026-01-01 00:33:37
0,0.0112619711538461,0.1748196923076923,0.3331587692307692,0.0634397671465985,0.0624321396505404,2026-01-01 00:33:38
0,0.0094426983173076,0.2140393846153846,0.3775938461538461,0.0625922071116642,0.061875842132433,2026-01-01 00:33:39
0,0.0112415985576923,0.2140393846153846,0.4080516923076923,0.0656299143714611,0.0646599731075803,2026-01-01 00:33:40
0,0.0128883155048076,0.2184203076923076,0.4124326153846154,0.0675563771272249,0.0663155744452566,2026-01-01 00:33:41
0,0.0103270727163461,0.224052923076923,0.4424732307692307,0.0692983384720464,0.068524530528108,2026-01-01 00:33:42
0,0.0097067271634615,0.224052923076923,0.4424732307692307,0.0680798159577979,0.0673842770134231,2026-01-01 00:33:43
0,0.0125049032451923,0.1960984615384615,0.3853126153846153,0.0708441682150094,0.0697317973732567,2026-01-01 00:33:44
0,0.0129478034855769,0.2042344615384615,0.3934486153846154,0.0758772244211406,0.0747643469225473,2026-01-01 00:33:45
0,0.0134876772836538,0.2042344615384615,0.3988726153846154,0.0709017539000546,0.0696070489792228,2026-01-01 00:33:46
0,0.0114997193509615,0.1946381538461538,0.3855212307692307,0.0637455161677507,0.0626996593797932,2026-01-01 00:33:47
0,0.0110945084134615,0.1656406153846154,0.3304467692307692,0.0608909555115249,0.0598716990419525,2026-01-01 00:33:48
0,0.0095091129807692,0.1648061538461538,0.3291950769230769,0.0582647649110806,0.0574835593927729,2026-01-01 00:33:49
0,0.0098501502403846,0.2428283076923076,0.4186910769230769,0.0666698421896637,0.0659381710228341,2026-01-01 00:33:50
0,0.012376555889423,0.2428283076923076,0.4216116923076922,0.0726571656064163,0.0715952832124728,2026-01-01 00:33:51
0,0.0102443599759615,0.2019396923076923,0.3917796923076923,0.0657337859600273,0.0649306068454746,2026-01-01 00:33:52
0,0.0101618509615384,0.208824,0.39324,0.0650063676618644,0.0642072006991815,2026-01-01 00:33:53
0,0.010535891826923,0.2096584615384615,0.401376,0.0676393639139475,0.0668137600655344,2026-01-01 00:33:54
0,0.0096179026442307,0.2096584615384615,0.401376,0.0645086340782993,0.0637876149371806,2026-01-01 00:33:55
0,0.009455329326923,0.1981846153846153,0.37968,0.0667575495313154,0.0660845455968751,2026-01-01 00:33:56
0,0.012421579326923,0.2188375384615384,0.400332923076923,0.0703710006049877,0.0692660240895357,2026-01-01 00:33:57
0,0.0131441953125,0.2188375384615384,0.3882332307692308,0.064663139243409,0.0633131242824057,2026-01-01 00:33:58
0,0.0125028659855769,0.1877538461538461,0.3563150769230769,0.061731469142141,0.0604520688197998,2026-01-01 00:33:59
0,0.0103205534855769,0.1877538461538461,0.3504738461538461,0.0645188263965747,0.063688029764962,2026-01-01 00:34:00
0,0.0100129272836538,0.1883796923076923,0.3700836923076923,0.0682276383782947,0.0674889022424548,2026-01-01 00:34:01
0,0.0109741063701923,0.1883796923076923,0.3700836923076923,0.0670785082251529,0.0661747327541835,2026-01-01 00:34:02
0,0.0101773341346153,0.1885883076923076,0.3673716923076923,0.0634058708890681,0.0625837545463163,2026-01-01 00:34:03
0,0.0124407295673076,0.1885883076923076,0.3604873846153845,0.0633410783121121,0.0621073300792607,2026-01-01 00:34:04
0,0.0127430588942307,0.184416,0.3675803076923076,0.0623747169901976,0.0610591497617303,2026-01-01 00:34:05
0,0.0101579801682692,0.1835815384615384,0.3667458461538461,0.0609446978627548,0.0600921928080804,2026-01-01 00:34:06
0,0.0086011063701923,0.1938036923076923,0.3721698461538461,0.0619167411270072,0.0613164235828988,2026-01-01 00:34:07
0,0.0092351015624999,0.2209236923076923,0.4351716923076922,0.0688760346726829,0.0682540918287169,2026-01-01 00:34:08
0,0.0110154627403846,0.2209236923076923,0.4351716923076922,0.0721010271142391,0.0712545976870507,2026-01-01 00:34:09
0,0.0119428233173076,0.2096584615384615,0.388859076923077,0.0688851618686768,0.0678419818172006,2026-01-01 00:34:10
0,0.0124759741586538,0.1802436923076923,0.3594443076923077,0.0630513857153931,0.0618047515117073,2026-01-01 00:34:11
0,0.0123409038461538,0.2248873846153846,0.3844781538461538,0.064989595841316,0.0638071285976542,2026-01-01 00:34:12
0,0.0108979128605769,0.2248873846153846,0.4032535384615384,0.0674897813546444,0.0666040995929002,2026-01-01 00:34:13
0,0.0114498064903846,0.2065292307692307,0.3848953846153846,0.0631763823784334,0.062130163542025,2026-01-01 00:34:14
0,0.0142820048076923,0.1817039999999999,0.3617390769230769,0.0628174038532273,0.0611723022742525,2026-01-01 00:34:15
0,0.0142276099759615,0.1883796923076923,0.370500923076923,0.0663684655631421,0.0648255222545712,2026-01-01 00:34:16
0,0.0129510631009615,0.2048603076923076,0.39324,0.0703674290724998,0.0691653456495969,2026-01-01 00:34:17
0,0.013668993389423,0.2048603076923076,0.3773852307692307,0.0672951008912765,0.0658922546562719,2026-01-01 00:34:18
0,0.0126876454326923,0.1923433846153846,0.3531858461538462,0.0616008673217045,0.0602801004325683,2026-01-01 00:34:19
0,0.0127110739182692,0.1923433846153846,0.3494307692307692,0.064780646177458,0.0635213406581859,2026-01-01 00:34:20
0,0.0128111033653846,0.1848332307692307,0.3579839999999999,0.0649359027958663,0.0636596190883642,2026-01-01 00:34:21
0,0.0133479212740384,0.1731507692307692,0.3200159999999999,0.0612823556719773,0.0598110367270857,2026-01-01 00:34:22
0,0.0145935018028846,0.2415766153846154,0.4424732307692308,0.0664133665619009,0.064790161006241,2026-01-01 00:34:23
0,0.0147968203125,0.2415766153846154,0.4504006153846154,0.0696828214122075,0.0680936833238237,2026-01-01 00:34:24
0,0.0138001929086538,0.208824,0.3919883076923077,0.0665983942542161,0.0651529031810859,2026-01-01 00:34:25
0,0.0120465198317307,0.1831643076923076,0.3642424615384615,0.06592823685202,0.0648183135723212,2026-01-01 00:34:26
0,0.0133707385817307,0.1810781538461538,0.3425464615384615,0.0638574574015232,0.0624419587742598,2026-01-01 00:34:27
0,0.0163532866586538,0.1823298461538461,0.3536030769230769,0.0677937973577346,0.0657918610136654,2026-01-01 00:34:28
0,0.015777149639423,0.206112,0.3719612307692307,0.0714567674445716,0.0696932648315663,2026-01-01 00:34:29
0,0.0133434393028846,0.2071550769230769,0.4028363076923076,0.0680516213983865,0.0667306211758857,2026-01-01 00:34:30
0,0.0133662566105769,0.2071550769230769,0.4028363076923076,0.0651744663538509,0.0637891389558556,2026-01-01 00:34:31
0,0.0120595582932692,0.2238443076923077,0.4118067692307692,0.0653717915745303,0.0642498107968815,2026-01-01 00:34:32
0,0.0128186412259615,0.2238443076923077,0.4134756923076923,0.0694794117249782,0.0682866831144193,2026-01-01 00:34:33
0,0.0145038623798076,0.2067378461538461,0.4028363076923077,0.067641466613747,0.0660681919059864,2026-01-01 00:34:34
0,0.0141966436298076,0.2067378461538461,0.3976209230769231,0.061357848456985,0.05969288799278,2026-01-01 00:34:35
0,0.0130938749999999,0.1956812307692307,0.3625735384615384,0.0612549622071369,0.059839124596556,2026-01-01 00:34:36
0,0.0137150354567307,0.2328147692307692,0.4249495384615385,0.0671265369045649,0.06571049961171,2026-01-01 00:34:37
0,0.0150791844951923,0.2328147692307692,0.4410129230769231,0.0658018514902487,0.0640507755964336,2026-01-01 00:34:38
0,0.0124191346153846,0.2315630769230769,0.4497747692307692,0.0676897755207338,0.0665407454530853,2026-01-01 00:34:39
0,0.0128243455528846,0.2315630769230769,0.4497747692307692,0.0716430766761184,0.0704859319067315,2026-01-01 00:34:40
0,0.0156848617788461,0.2230098461538461,0.398664,0.0679336647978897,0.0660981688388606,2026-01-01 00:34:41
0,0.0146505450721153,0.1810781538461538,0.3369138461538461,0.065279290847112,0.0636140498835891,2026-01-01 00:34:42
0,0.0100968623798076,0.1810781538461538,0.3375396923076923,0.0644801382300304,0.0636847045706192,2026-01-01 00:34:43
0,0.0123692217548076,0.2278079999999999,0.4289132307692307,0.0724910376124817,0.0714279559228362,2026-01-01 00:34:44
0,0.0146161153846153,0.2278079999999999,0.4341286153846153,0.0732619023730128,0.0717891043987629,2026-01-01 00:34:45
0,0.0126585126201923,0.2063206153846153,0.3926141538461538,0.0641989461463976,0.0629385950316059,2026-01-01 00:34:46
0,0.0143347698317307,0.2211323076923076,0.4042966153846153,0.0656169346897714,0.0640319958454602,2026-01-01 00:34:47
0,0.016889493389423,0.2211323076923076,0.4255753846153846,0.0691249077474078,0.0670298283164762,2026-01-01 00:34:48
0,0.0153644008413461,0.2044430769230769,0.3667458461538462,0.0646141385200674,0.0627608323994902,2026-01-01 00:34:49
0,0.0127583383413461,0.1958898461538461,0.3844781538461538,0.0642414013993917,0.0629617539187521,2026-01-01 00:34:50
0,0.015091204326923,0.2196719999999999,0.4239064615384615,0.0682454045506169,0.0665559223077888,2026-01-01 00:34:51
0,0.0157934477163461,0.2196719999999999,0.4239064615384615,0.0644543336573472,0.0624894241967685,2026-01-01 00:34:52
0,0.0149351502403846,0.2036086153846153,0.3571495384615384,0.0622405953471815,0.0604221234025148,2026-01-01 00:34:53
0,0.017127852764423,0.2036086153846153,0.3667458461538461,0.063355715648853,0.0609965848638968,2026-01-01 00:34:54
0,0.017654891826923,0.2228012307692307,0.4168135384615384,0.0750660104365843,0.0729603366045211,2026-01-01 00:34:55
0,0.0142074411057692,0.2228012307692307,0.4168135384615384,0.076733910046375,0.0754071718620402,2026-01-01 00:34:56
0,0.013515384014423,0.2127876923076923,0.3782196923076922,0.0676749005911812,0.0663115869586072,2026-01-01 00:34:57
0,0.0165765703124999,0.2127876923076923,0.3744646153846154,0.0669607545385258,0.0648764977865132,2026-01-01 00:34:58
0,0.0170968864182692,0.1935950769230769,0.3819747692307692,0.0680698265497492,0.0658877664010075,2026-01-01 00:34:59
0,0.0161279657451923,0.1948467692307692,0.3884418461538461,0.0711351447918958,0.0692827362730852,2026-01-01 00:35:00
0,0.0169683353365384,0.2428283076923076,0.4376750769230769,0.0683451062679607,0.0662052048307806,2026-01-01 00:35:01
0,0.0140650366586538,0.2428283076923076,0.4259926153846153,0.0623063212114367,0.0606980428571915,2026-01-01 00:35:02
0,0.0127622091346153,0.1854590769230769,0.3621563076923076,0.0618077305191471,0.0604757932559123,2026-01-01 00:35:03
0,0.01524440625,0.2138307692307692,0.3803058461538461,0.0663480278915926,0.0645729733184752,2026-01-01 00:35:04
0,0.0167886490384615,0.2138307692307692,0.3803058461538461,0.0646941606269898,0.0624778015193727,2026-01-01 00:35:05
0,0.0156033713942307,0.1865021538461538,0.3717526153846153,0.0593815957469994,0.0572949274769918,2026-01-01 00:35:06
0,0.0152254597355769,0.1865021538461538,0.3717526153846153,0.0617310698272605,0.0598239948336655,2026-01-01 00:35:07
0,0.0147412031249999,0.2025655384615384,0.3788455384615384,0.0649682962569518,0.0632738211977003,2026-01-01 00:35:08
0,0.0140346814903846,0.2025655384615384,0.4051310769230768,0.065653952530416,0.0641363329036637,2026-01-01 00:35:09
0,0.0146265054086538,0.2025655384615384,0.3654941538461538,0.0639203848217046,0.0622244400158444,2026-01-01 00:35:10
0,0.0171311123798076,0.2244701538461538,0.394908923076923,0.0715528160043474,0.0694717961966033,2026-01-01 00:35:11
0,0.0165761628605769,0.2244701538461538,0.4251581538461538,0.0732742203815202,0.0713746607511323,2026-01-01 00:35:12
0,0.0136090979567307,0.200688,0.3840609230769231,0.0668987493615937,0.0654998864040957,2026-01-01 00:35:13
0,0.0143315102163461,0.1983932307692307,0.390528,0.0667514212942809,0.0651947855255721,2026-01-01 00:35:14
0,0.0124488786057692,0.1983932307692307,0.390528,0.0661221682928932,0.0649397148223836,2026-01-01 00:35:15
0,0.0111489032451923,0.1837901538461538,0.3563150769230769,0.0649940906560092,0.0640307252546064,2026-01-01 00:35:16
0,0.0129783623798076,0.2438713846153846,0.4276615384615384,0.0669568255952319,0.0656869743840337,2026-01-01 00:35:17
0,0.0151199296874999,0.2438713846153846,0.4141015384615384,0.0640722248315582,0.0622626510928567,2026-01-01 00:35:18
0,0.015255407451923,0.1760713846153846,0.3410861538461538,0.0578442856323535,0.0557963612056657,2026-01-01 00:35:19
0,0.01518084375,0.2261390769230769,0.4236978461538461,0.0668057682424707,0.0650580713939846,2026-01-01 00:35:20
0,0.014196032451923,0.2261390769230769,0.4236978461538461,0.0690042743501622,0.0675282351406906,2026-01-01 00:35:21
0,0.0133758317307692,0.1963070769230769,0.3919883076923076,0.06588804994702,0.0645160619639106,2026-01-01 00:35:22
0,0.0124022253605769,0.1775316923076923,0.3529772307692307,0.0686120520492691,0.0674818382419823,2026-01-01 00:35:23
0,0.0146191712740384,0.2002707692307692,0.3757163076923077,0.0656387127231731,0.0639900026505358,2026-01-01 00:35:24
0,0.0163194681490384,0.208824,0.3886504615384615,0.06509204533645,0.0630130885246469,2026-01-01 00:35:25
0,0.0136086905048076,0.208824,0.3886504615384615,0.0695130891227008,0.0681679771016047,2026-01-01 00:35:26
0,0.0127283906249999,0.1737766153846153,0.3460929230769231,0.0695530898327709,0.0683785081541189,2026-01-01 00:35:27
0,0.0136514729567307,0.1854590769230769,0.3652855384615384,0.0670124535712481,0.0656072116443789,2026-01-01 00:35:28
0,0.0147854116586538,0.1854590769230769,0.3652855384615384,0.0601984939676791,0.0583545223445522,2026-01-01 00:35:29
0,0.0129123551682692,0.17628,0.3275261538461538,0.0568734774189688,0.0553882976605567,2026-01-01 00:35:30
0,0.0141031334134615,0.2248873846153846,0.4368406153846154,0.0681336282215337,0.0666580296929955,2026-01-01 00:35:31
0,0.0154295931490384,0.2248873846153846,0.4368406153846154,0.0731447404982163,0.0714988161986375,2026-01-01 00:35:32
0,0.0132819140624999,0.1800350769230769,0.3592356923076923,0.0668157888871932,0.0654823671185941,2026-01-01 00:35:33
0,0.0138435865384615,0.1904658461538461,0.3604873846153846,0.0654838899180972,0.0640038666844246,2026-01-01 00:35:34
0,0.0143588094951923,0.1956812307692307,0.3861470769230769,0.0664379368771282,0.0648677427260271,2026-01-01 00:35:35
0,0.0141770859375,0.235944,0.4316252307692307,0.0691023900744636,0.0676324666733667,2026-01-01 00:35:36
0,0.0155004897836538,0.235944,0.4199427692307692,0.0682758391082257,0.0664930449174886,2026-01-01 00:35:37
0,0.017882657451923,0.2438713846153846,0.4593710769230769,0.0716850637196197,0.069418721703465,2026-01-01 00:35:38
0,0.0156911772836538,0.2438713846153846,0.4593710769230769,0.0748046415305176,0.0731404221341536,2026-01-01 00:35:39
0,0.0126576977163461,0.205068923076923,0.3792627692307692,0.0668816069348645,0.0656729170565106,2026-01-01 00:35:40
0,0.0130115697115384,0.2188375384615384,0.4074258461538461,0.0653287297992954,0.0640198562231369,2026-01-01 00:35:41
0,0.0149630606971153,0.2188375384615384,0.409512,0.0679406097160101,0.0662724170613812,2026-01-01 00:35:42
0,0.014924352764423,0.1906744615384615,0.3773852307692307,0.0660685018410631,0.0643607848777935,2026-01-01 00:35:43
0,0.0135805763221153,0.1992276923076923,0.3811403076923076,0.0631725668999696,0.0616955521532171,2026-01-01 00:35:44
0,0.0154943780048076,0.1992276923076923,0.336288,0.0608175593301422,0.0588107113808318,2026-01-01 00:35:45
0,0.0138977776442307,0.1881710769230769,0.3452584615384615,0.061126070974173,0.059525190711926,2026-01-01 00:35:46
0,0.0126222493990384,0.2044430769230769,0.3926141538461538,0.0652939301170865,0.0640622832112894,2026-01-01 00:35:47
0,0.0153095985576923,0.2044430769230769,0.36612,0.0642111474935744,0.0623593429603285,2026-01-01 00:35:48
0,0.0164217385817307,0.2038172307692307,0.3967864615384615,0.0653170593062943,0.0632190219662979,2026-01-01 00:35:49
0,0.0163675474759615,0.2038172307692307,0.3967864615384615,0.0701544909745558,0.0682184432065199,2026-01-01 00:35:50
0,0.0160531983173076,0.1869193846153846,0.3663286153846153,0.0668834373430393,0.0649283375315082,2026-01-01 00:35:51
0,0.015740071514423,0.1992276923076923,0.3861470769230769,0.0667748743320164,0.0648932507336273,2026-01-01 00:35:52
0,0.0126856081730769,0.1992276923076923,0.3669544615384615,0.0675884386989344,0.0663872908849184,2026-01-01 00:35:53
0,0.0123299026442307,0.2117446153846153,0.3828092307692308,0.0682805838000105,0.0671581091518668,2026-01-01 00:35:54
0,0.0160342518028846,0.2117446153846153,0.4059655384615385,0.0716956798644879,0.0698797057832446,2026-01-01 00:35:55
0,0.0172109729567307,0.1942209230769231,0.3809316923076923,0.0668327300753148,0.0645786049648223,2026-01-01 00:35:56
0,0.0154880624999999,0.1867107692307692,0.3669544615384615,0.0623184464147797,0.0603631401067561,2026-01-01 00:35:57
0,0.0158070973557692,0.2238443076923077,0.404088,0.0688318081030615,0.0669921896934405,2026-01-01 00:35:58
0,0.0146990318509615,0.2238443076923077,0.444768,0.0731522704510065,0.0716602618944532,2026-01-01 00:35:59
0,0.0135571478365384,0.2209236923076923,0.4278701538461538,0.0702952973781636,0.0689755940606727,2026-01-01 00:36:00
0,0.0154978413461538,0.2269735384615384,0.4364233846153846,0.0679957263089294,0.0662060096206401,2026-01-01 00:36:01
0,0.0166821003605769,0.2269735384615384,0.4364233846153846,0.0650381944329995,0.0628623437573266,2026-01-01 00:36:02
0,0.0174770390624999,0.1664750769230769,0.3302381538461538,0.0623983305685752,0.0599007910077408,2026-01-01 00:36:03
0,0.0157496466346153,0.218628923076923,0.3890676923076922,0.0653590805604251,0.063433098951485,2026-01-01 00:36:04
0,0.0148850336538461,0.2401163076923076,0.4587452307692307,0.0699208139367239,0.0683180502846636,2026-01-01 00:36:05
0,0.015231571514423,0.2401163076923076,0.4147273846153846,0.0664935630405922,0.06472552166676,2026-01-01 00:36:06
0,0.014521790264423,0.1875452307692307,0.3615304615384614,0.0650891097093594,0.0634484815442665,2026-01-01 00:36:07
0,0.0159222025240384,0.2365698461538461,0.4710535384615384,0.0750953508794188,0.0733879771521639,2026-01-01 00:36:08
0,0.0186659837740384,0.2365698461538461,0.4710535384615384,0.0736326983124519,0.0712274898513199,2026-01-01 00:36:09
0,0.0158050600961538,0.157296,0.2970683076923077,0.0624409765424256,0.0604075792175842,2026-01-01 00:36:10
0,0.0143074705528846,0.2004793846153846,0.3752990769230769,0.0640799553564632,0.0624622843391486,2026-01-01 00:36:11
0,0.0147507782451923,0.2004793846153846,0.3752990769230769,0.0636648974876485,0.0619324931943964,2026-01-01 00:36:12
0,0.0138918695913461,0.2184203076923076,0.4105550769230769,0.0641437484846639,0.0626213735790014,2026-01-01 00:36:13
0,0.0152600931490384,0.2184203076923076,0.4180652307692307,0.0722967352259746,0.0706678673897646,2026-01-01 00:36:14
0,0.0156359675480769,0.199644923076923,0.3886504615384615,0.0698183245785172,0.0680449481283266,2026-01-01 00:36:15
0,0.014346993389423,0.2029827692307692,0.3901107692307692,0.0649489322016933,0.0633445149545247,2026-01-01 00:36:16
0,0.0125336286057692,0.2154996923076923,0.4026276923076923,0.0683805996829996,0.0672221285513877,2026-01-01 00:36:17
0,0.0135396274038461,0.2154996923076923,0.4145187692307692,0.0664450848238937,0.0650509629984019,2026-01-01 00:36:18
0,0.0143942578125,0.2361526153846153,0.4314166153846154,0.0709745186735072,0.0694995513867773,2026-01-01 00:36:19
0,0.0143097115384615,0.2361526153846153,0.4314166153846154,0.0743489479453069,0.0729588803111724,2026-01-01 00:36:20
0,0.0161974362980769,0.1877538461538461,0.3688319999999999,0.0688469142724226,0.0669144279076199,2026-01-01 00:36:21
0,0.0167224381009615,0.1737766153846153,0.3465101538461538,0.0656345058498178,0.0634684836915873,2026-01-01 00:36:22
0,0.0132780432692307,0.172524923076923,0.3371224615384615,0.0620551869196952,0.0606179824027387,2026-01-01 00:36:23
0,0.0108408695913461,0.172524923076923,0.3333673846153846,0.0605605867826933,0.05958238177488,2026-01-01 00:36:24
0,0.0155000823317307,0.1908830769230769,0.3659113846153846,0.066460149316537,0.0646273850228057,2026-01-01 00:36:25
0,0.0155699603365384,0.1921347692307692,0.3830178461538461,0.0696397077477891,0.0678768386882897,2026-01-01 00:36:26
0,0.0145619242788461,0.1921347692307692,0.3617390769230769,0.0627310561247507,0.0610175037495289,2026-01-01 00:36:27
0,0.0177076568509615,0.1990190769230769,0.3713353846153846,0.0623065340324231,0.0597372837680296,2026-01-01 00:36:28
0,0.0155636448317307,0.1990190769230769,0.3734215384615384,0.0678478834527621,0.0660386875139969,2026-01-01 00:36:29
0,0.0128434957932692,0.1898399999999999,0.3727956923076923,0.0683478314690403,0.0671302516182429,2026-01-01 00:36:30
0,0.0123942800480769,0.1898399999999999,0.3727956923076923,0.064779975346651,0.0635832291410444,2026-01-01 00:36:31
0,0.0164569831730769,0.2238443076923077,0.4322510769230769,0.0664094445922604,0.0643380294685311,2026-01-01 00:36:32
0,0.0159490943509615,0.2238443076923077,0.4322510769230769,0.0689813504040597,0.0671122424968187,2026-01-01 00:36:33
0,0.0141190240384615,0.1748196923076923,0.3454670769230769,0.0626754892832101,0.061064475082417,2026-01-01 00:36:34
0,0.0174621670673076,0.2117446153846153,0.3736301538461538,0.0656175017524234,0.0632513182277075,2026-01-01 00:36:35
0,0.0148017097355769,0.2117446153846153,0.4141015384615384,0.0712904897029638,0.0697369579992711,2026-01-01 00:36:36
0,0.0117920661057692,0.202356923076923,0.3723784615384615,0.0654167123699057,0.0643451119685415,2026-01-01 00:36:37
0,0.0137003671875,0.1746110769230769,0.3396258461538461,0.062597447107032,0.0610797865356891,2026-01-01 00:36:38
0,0.0172645528846153,0.2150824615384615,0.3844781538461538,0.0657503100984655,0.0634431910589205,2026-01-01 00:36:39
0,0.0157649260817307,0.2150824615384615,0.3844781538461538,0.0661530130285559,0.0642470873923001,2026-01-01 00:36:40
0,0.0152772061298076,0.205068923076923,0.3730043076923077,0.0665956092697724,0.0648196123629227,2026-01-01 00:36:41
0,0.0158761604567307,0.205068923076923,0.4053396923076923,0.0670997472835031,0.0651945060159376,2026-01-01 00:36:42
0,0.014619782451923,0.2002707692307692,0.3899021538461538,0.0641872006765086,0.0625000695339199,2026-01-01 00:36:43
0,0.0149345390624999,0.1896313846153846,0.356940923076923,0.062899386157921,0.061100673662685,2026-01-01 00:36:44
0,0.0169938010817307,0.2173772307692307,0.4226547692307692,0.065229412743473,0.062976876801354,2026-01-01 00:36:45
0,0.0175644375,0.2173772307692307,0.4249495384615385,0.0706345883017917,0.0684159016594256,2026-01-01 00:36:46
0,0.0145195492788461,0.2075723076923077,0.3934486153846154,0.0669325432282383,0.0653387177081028,2026-01-01 00:36:47
0,0.0149035727163461,0.1802436923076923,0.3254399999999999,0.0626911816486857,0.0608939059085315,2026-01-01 00:36:48
0,0.01539271875,0.1802436923076923,0.3527686153846153,0.0656941658659858,0.0638653868563485,2026-01-01 00:36:49
0,0.0147369248798076,0.1764886153846153,0.351516923076923,0.0633178122932144,0.061578960682084,2026-01-01 00:36:50
0,0.0158197283653846,0.1933864615384615,0.3767593846153846,0.0626970160005582,0.06066837734619,2026-01-01 00:36:51
0,0.0190495997596153,0.2052775384615384,0.398664,0.0680474459660642,0.0653266228386474,2026-01-01 00:36:52
0,0.0163636766826923,0.2052775384615384,0.3972036923076923,0.0666002343604944,0.0645586655864036,2026-01-01 00:36:53
0,0.013616024639423,0.1919261538461538,0.3636166153846153,0.0616368956950458,0.0601141479515479,2026-01-01 00:36:54
0,0.0138562175480769,0.1783661538461538,0.3500566153846153,0.0637143390801019,0.0621894061691745,2026-01-01 00:36:55
0,0.0148100624999999,0.1783661538461538,0.3456756923076922,0.065181593760002,0.0634767848417043,2026-01-01 00:36:56
0,0.0145490895432692,0.2161255384615384,0.374256,0.0634281987001331,0.0617370260362895,2026-01-01 00:36:57
0,0.0149182409855769,0.2161255384615384,0.3800972307692307,0.0615246355179131,0.0596885823379003,2026-01-01 00:36:58
0,0.0150744987980769,0.1827470769230769,0.3467187692307692,0.0631593695481784,0.0613340480297049,2026-01-01 00:36:59
0,0.0125654098557692,0.1958898461538461,0.3698750769230768,0.0655783476959455,0.0643632671769143,2026-01-01 00:37:00
0,0.0139118347355769,0.2004793846153846,0.3963692307692307,0.0644039598606301,0.0628834708013135,2026-01-01 00:37:01
0,0.0146122445913461,0.232188923076923,0.446436923076923,0.0675808450622514,0.0659822167506572,2026-01-01 00:37:02
0,0.0147212379807692,0.232188923076923,0.446436923076923,0.0649736164111756,0.0632839314665275,2026-01-01 00:37:03
0,0.0163261911057692,0.1965156923076922,0.3502652307692308,0.0632821687115165,0.0611399080863779,2026-01-01 00:37:04
0,0.0177679597355769,0.2019396923076923,0.4032535384615384,0.0712139651837782,0.068961789739183,2026-01-01 00:37:05
0,0.0162905390625,0.2019396923076923,0.4032535384615384,0.070659529206811,0.0687559990457657,2026-01-01 00:37:06
0,0.0134357271634615,0.2056947692307692,0.4036707692307691,0.0685960784946212,0.067267400874638,2026-01-01 00:37:07
0,0.0156009266826923,0.2056947692307692,0.404088,0.0709039013119426,0.0691662801363132,2026-01-01 00:37:08
0,0.0169899302884615,0.1983932307692307,0.3798886153846154,0.0676450243724318,0.0654766492051946,2026-01-01 00:37:09
0,0.0161852127403846,0.1875452307692307,0.3442153846153846,0.0649504349357166,0.0629014935187333,2026-01-01 00:37:10
0,0.017352969951923,0.1875452307692307,0.3579839999999999,0.0651182293083127,0.062763510275459,2026-01-01 00:37:11
0,0.0168980498798076,0.1704387692307692,0.3344104615384615,0.0609300710821072,0.0585399818272107,2026-01-01 00:37:12
0,0.0147065697115384,0.1837901538461538,0.3586098461538461,0.0634767748194976,0.0617496376410814,2026-01-01 00:37:13
0,0.0136854951923076,0.1837901538461538,0.3586098461538461,0.0647732318810066,0.0633109689520858,2026-01-01 00:37:14
0,0.0160851832932692,0.161676923076923,0.3218935384615384,0.0587277365812818,0.0564819787399694,2026-01-01 00:37:15
0,0.0160395486778846,0.1823298461538461,0.3364966153846154,0.0592320923288443,0.0570190638283592,2026-01-01 00:37:16
0,0.0160122493990384,0.1823298461538461,0.3356621538461538,0.0637018224074995,0.0616565491024238,2026-01-01 00:37:17
0,0.0163009290865384,0.2275993846153846,0.4241150769230769,0.0661745301836933,0.0641353892632467,2026-01-01 00:37:18
0,0.0158500835336538,0.2275993846153846,0.4241150769230769,0.0683102175138667,0.0664459228904827,2026-01-01 00:37:19
0,0.0138784236778846,0.1885883076923076,0.3604873846153845,0.0680714511262798,0.066641667255964,2026-01-01 00:37:20
0,0.0136877361778846,0.1702301538461538,0.3304467692307692,0.0654784453854927,0.0640318099730562,2026-01-01 00:37:21
0,0.0162563131009615,0.2584744615384615,0.5073526153846154,0.0715792470348171,0.0697088293578,2026-01-01 00:37:22
0,0.0159059044471153,0.2584744615384615,0.5073526153846154,0.0741850883351051,0.0724598477434681,2026-01-01 00:37:23
0,0.0143563647836538,0.2073636923076923,0.4072172307692308,0.0688235976566322,0.067309600983817,2026-01-01 00:37:24
0,0.0133521995192307,0.2073636923076923,0.3702923076923077,0.0625470947925317,0.0611053012019791,2026-01-01 00:37:25
0,0.0144669879807692,0.1808695384615384,0.3412947692307692,0.0603105725889348,0.0585497346259524,2026-01-01 00:37:26
0,0.0136952740384615,0.2081981538461538,0.3684147692307692,0.0678870116276631,0.0664912461662879,2026-01-01 00:37:27
0,0.0145474597355769,0.2081981538461538,0.3805144615384615,0.0669493536196127,0.06534973118021,2026-01-01 00:37:28
0,0.0161084080528846,0.2111187692307692,0.408468923076923,0.0700755166055318,0.0681989531996931,2026-01-01 00:37:29
0,0.015255407451923,0.2111187692307692,0.408468923076923,0.0707143206333176,0.0690491686127173,2026-01-01 00:37:30
0,0.0141599729567307,0.2075723076923077,0.3838523076923077,0.0642023732827471,0.0626214013018062,2026-01-01 00:37:31
0,0.0136655300480769,0.1792006153846154,0.3473446153846153,0.0665878813490579,0.0651705395946766,2026-01-01 00:37:32
0,0.0132550222355769,0.196932923076923,0.3836436923076922,0.0671865935807937,0.0658660970646137,2026-01-01 00:37:33
0,0.0132283341346153,0.196932923076923,0.3869815384615384,0.0702959455038295,0.0690400690201011,2026-01-01 00:37:34
0,0.0164384441105769,0.1900486153846153,0.3761335384615384,0.0707606884662196,0.0688247963123526,2026-01-01 00:37:35
0,0.0167813149038461,0.2021483076923077,0.3673716923076923,0.0674018391928085,0.0652793642483685,2026-01-01 00:37:36
0,0.0130476292067307,0.2021483076923077,0.369875076923077,0.0648575760489922,0.0635316027110483,2026-01-01 00:37:37
0,0.0105900829326923,0.1942209230769231,0.3533944615384615,0.0614138867410037,0.0604939305064196,2026-01-01 00:37:38
0,0.0117427644230769,0.1942209230769231,0.3558978461538462,0.0649249187485222,0.063854150673283,2026-01-01 00:37:39
0,0.0133748131009615,0.2029827692307692,0.3967864615384615,0.069929611501709,0.0686386548476461,2026-01-01 00:37:40
0,0.0147483335336538,0.2029827692307692,0.3809316923076923,0.0659980511421437,0.0643290712861698,2026-01-01 00:37:41
0,0.015705641826923,0.1641803076923076,0.3198073846153846,0.0609076041291354,0.0588478466518179,2026-01-01 00:37:42
0,0.0145558125,0.1777403076923077,0.3389999999999999,0.0647137772527633,0.0630555413011823,2026-01-01 00:37:43
0,0.0126251015625,0.1777403076923077,0.3419206153846154,0.0622194855235041,0.060925127733523,2026-01-01 00:37:44
0,0.0124896237980769,0.2027741538461538,0.3805144615384615,0.0603876603038087,0.0590819669133544,2026-01-01 00:37:45
0,0.0133654417067307,0.2198806153846153,0.4130584615384615,0.0702993024210357,0.0690170767916769,2026-01-01 00:37:46
0,0.0133691087740384,0.2607692307692307,0.4700104615384615,0.0739501409967284,0.0727316319356574,2026-01-01 00:37:47
0,0.0147585198317307,0.2607692307692307,0.4737655384615384,0.0690340462152783,0.0674380132360791,2026-01-01 00:37:48
0,0.0158348040865384,0.2129963076923076,0.3963692307692307,0.0707188779834662,0.0689232811376629,2026-01-01 00:37:49
0,0.0109419176682692,0.1986018461538461,0.3819747692307692,0.0752670557306536,0.0744674701873384,2026-01-01 00:37:50
0,0.0087624573317307,0.1835815384615384,0.3573581538461538,0.0711389092847541,0.0705971936817185,2026-01-01 00:37:51
0,0.0096317560096153,0.1975587692307692,0.3917796923076923,0.0677723672480283,0.0670844470691446,2026-01-01 00:37:52
0,0.009998259014423,0.1975587692307692,0.3917796923076923,0.064621869327529,0.0638437217905155,2026-01-01 00:37:53
0,0.0097755865384615,0.2154996923076923,0.4055483076923076,0.0643108551408679,0.0635635429847861,2026-01-01 00:37:54
0,0.0110003870192307,0.2154996923076923,0.4055483076923076,0.0661826181436457,0.0652620136815802,2026-01-01 00:37:55
0,0.0112344681490384,0.2056947692307692,0.3848953846153846,0.0672650878898189,0.0663202742321932,2026-01-01 00:37:56
0,0.008276774639423,0.2056947692307692,0.3805144615384615,0.064995284033162,0.0644661302399919,2026-01-01 00:37:57
0,0.0095514879807692,0.2113273846153845,0.3969950769230769,0.0624856193063758,0.0617512890347606,2026-01-01 00:37:58
0,0.0123021959134615,0.2113273846153845,0.3969950769230769,0.0675527769512343,0.0664231409188848,2026-01-01 00:37:59
0,0.0128229194711538,0.1733593846153846,0.3396258461538461,0.0661055226936549,0.06484992572731,2026-01-01 00:38:00
0,0.0103472415865384,0.2081981538461538,0.3957433846153846,0.0669469333484667,0.0661424710478362,2026-01-01 00:38:01
0,0.0102885685096153,0.2081981538461538,0.3957433846153846,0.0701911865636492,0.0694330470974446,2026-01-01 00:38:02
0,0.0075598629807692,0.1831643076923076,0.3558978461538461,0.0668172757140463,0.0663882279139825,2026-01-01 00:38:03
0,0.0072687385817307,0.1831643076923076,0.3615304615384614,0.0651585563948865,0.0647518564281833,2026-01-01 00:38:04
0,0.0115463725961538,0.1785747692307692,0.35256,0.0647592322571157,0.0637215775259986,2026-01-01 00:38:05
0,0.012885055889423,0.2236356923076923,0.4022104615384615,0.0622704934866002,0.0609228175135651,2026-01-01 00:38:06
0,0.0114726237980769,0.2236356923076923,0.3809316923076923,0.0620873973800918,0.0610182252824615,2026-01-01 00:38:07
0,0.0103863569711538,0.1798264615384615,0.3358707692307692,0.0643929969479837,0.0635498359149007,2026-01-01 00:38:08
0,0.0117564140625,0.1693956923076923,0.3241883076923076,0.0617201207083742,0.0605900984373465,2026-01-01 00:38:09
0,0.0085623984375,0.2171686153846153,0.4130584615384615,0.0633771179447314,0.0627960541115275,2026-01-01 00:38:10
0,0.0073272079326923,0.2171686153846153,0.4130584615384615,0.0671748244934869,0.0667740149282777,2026-01-01 00:38:11
0,0.0123757409855769,0.1773230769230769,0.3542289230769231,0.0619243097252193,0.0606750456942786,2026-01-01 00:38:12
0,0.0136117463942307,0.1773230769230769,0.3446326153846153,0.0597433319997218,0.0581720386313574,2026-01-01 00:38:13
0,0.0112108359374999,0.1965156923076922,0.3707095384615384,0.0639068314867774,0.0629158189032124,2026-01-01 00:38:14
0,0.0103227944711538,0.1965156923076922,0.3707095384615384,0.0638184045938172,0.0629780015497988,2026-01-01 00:38:15
0,0.0108420919471153,0.1783661538461538,0.3494307692307692,0.0634185652605798,0.0624849058727043,2026-01-01 00:38:16
0,0.0099575138221153,0.207780923076923,0.3861470769230769,0.0639016626147617,0.0631210773308981,2026-01-01 00:38:17
0,0.0115973040865384,0.207780923076923,0.3997070769230769,0.0680114224954531,0.067015342480505,2026-01-01 00:38:18
0,0.0147493521634615,0.1973501538461538,0.3892763076923077,0.0684082576223624,0.0667992988113326,2026-01-01 00:38:19
0,0.0124629356971153,0.1973501538461538,0.3657027692307692,0.0618746573441561,0.0606065050573475,2026-01-01 00:38:20
0,0.0095125763221153,0.1938036923076923,0.37968,0.0638663099421448,0.0631539107050548,2026-01-01 00:38:21
0,0.0102732890624999,0.1858763076923077,0.3590270769230769,0.0650344747875663,0.0642179292934062,2026-01-01 00:38:22
0,0.0111336237980769,0.1721076923076923,0.3364966153846154,0.0626030362914356,0.0616050531533712,2026-01-01 00:38:23
0,0.0091144957932692,0.188796923076923,0.36612,0.0623514966292365,0.061681724184236,2026-01-01 00:38:24
0,0.0122296694711538,0.188796923076923,0.36612,0.0604955875291315,0.0592465298150123,2026-01-01 00:38:25
0,0.0149573563701923,0.2154996923076923,0.3682061538461538,0.0633233268209722,0.0615314652035097,2026-01-01 00:38:26
0,0.0107661021634615,0.2154996923076923,0.3682061538461538,0.0653561998468968,0.0644633531755324,2026-01-01 00:38:27
0,0.0091585006009615,0.1927606153846154,0.3540203076923077,0.061738360359269,0.0610552782861002,2026-01-01 00:38:28
0,0.0125780408653846,0.2013138461538461,0.3796799999999999,0.0643104183119718,0.0630683977238165,2026-01-01 00:38:29
0,0.0117246328125,0.2271821538461538,0.4205686153846154,0.0658522589384129,0.0648001002522668,2026-01-01 00:38:30
0,0.0107948275240384,0.2271821538461538,0.4205686153846154,0.0659664036705052,0.065077170435924,2026-01-01 00:38:31
0,0.0150936490384615,0.2100756923076923,0.3892763076923077,0.067260547693357,0.0655451221275397,2026-01-01 00:38:32
0,0.0130936712740384,0.2100756923076923,0.3926141538461538,0.0653007655996676,0.0639745712019248,2026-01-01 00:38:33
0,0.0097647890625,0.1885883076923076,0.3690406153846153,0.0676004513845203,0.0668914786946422,2026-01-01 00:38:34
0,0.0099780901442307,0.1885883076923076,0.3690406153846153,0.065790748128674,0.0650296875004349,2026-01-01 00:38:35
0,0.0112776580528846,0.1927606153846154,0.3611132307692307,0.0604950785391584,0.0594345771104763,2026-01-01 00:38:36
0,0.0114504176682692,0.1954726153846153,0.3882332307692308,0.0641826957065081,0.0631530392251743,2026-01-01 00:38:37
0,0.0117975667067307,0.214248,0.4126412307692307,0.0688237415400698,0.0678050501022938,2026-01-01 00:38:38
0,0.0113169771634615,0.214248,0.4126412307692307,0.0674156159783117,0.0664589445117577,2026-01-01 00:38:39
0,0.0101259951923076,0.1967243076923076,0.3631993846153846,0.0650674138927075,0.0642746650870331,2026-01-01 00:38:40
0,0.0102211352163461,0.1696043076923077,0.3254399999999999,0.0624548163403976,0.0616127623062135,2026-01-01 00:38:41
0,0.0122671550480769,0.1858763076923077,0.3669544615384615,0.0638024808860652,0.0626120872854687,2026-01-01 00:38:42
0,0.012951266826923,0.2065292307692307,0.3988726153846154,0.0710910472738227,0.0699013711601335,2026-01-01 00:38:43
0,0.0113805396634615,0.208824,0.4011673846153846,0.0713858597201985,0.0704728620460404,2026-01-01 00:38:44
0,0.0133206219951923,0.2196719999999999,0.428496,0.0686528845000926,0.067348196559702,2026-01-01 00:38:45
0,0.012646696514423,0.2196719999999999,0.4357975384615384,0.0680139504833182,0.0668278274943854,2026-01-01 00:38:46
0,0.0102645288461538,0.2161255384615384,0.4088861538461538,0.0666996394081354,0.065905093465845,2026-01-01 00:38:47
0,0.0118660186298076,0.2002707692307692,0.3871901538461538,0.0688154637393379,0.0677847007187992,2026-01-01 00:38:48
0,0.0148783106971153,0.2079895384615384,0.394908923076923,0.0698232316669303,0.0682196419751227,2026-01-01 00:38:49
0,0.0134428575721153,0.2079895384615384,0.3907366153846153,0.0664311614655027,0.0650568120487894,2026-01-01 00:38:50
0,0.0128852596153846,0.1950553846153846,0.3765507692307692,0.0665059511447668,0.0652457785784969,2026-01-01 00:38:51
0,0.0142288323317307,0.1906744615384615,0.3721698461538462,0.0650674501438773,0.0634926247583249,2026-01-01 00:38:52
0,0.0123301063701923,0.224052923076923,0.438300923076923,0.0694160262622422,0.068312174456242,2026-01-01 00:38:53
0,0.0102981436298076,0.2472092307692307,0.4614572307692307,0.0719201121849951,0.0711790051523772,2026-01-01 00:38:54
0,0.0126988503605769,0.2472092307692307,0.4433076923076923,0.0660956689334929,0.0648642941169144,2026-01-01 00:38:55
0,0.0150504591346153,0.2378215384615384,0.4259926153846153,0.0650563331516487,0.0632914699068965,2026-01-01 00:38:56
0,0.0117193359374999,0.1983932307692307,0.3865643076923076,0.0626491248992249,0.0615432369625022,2026-01-01 00:38:57
0,0.0110307421875,0.1852504615384615,0.3477618461538461,0.0642415006352491,0.0632873852411491,2026-01-01 00:38:58
0,0.012503680889423,0.2079895384615384,0.370500923076923,0.0650856541708142,0.06387331479623,2026-01-01 00:38:59
0,0.0112629897836538,0.2079895384615384,0.3602787692307692,0.0620615076997398,0.0610309413256765,2026-01-01 00:39:00
0,0.0122928245192307,0.2200892307692307,0.4205686153846154,0.0684681279664921,0.0673555566570074,2026-01-01 00:39:01
0,0.0151898076923076,0.2200892307692307,0.4205686153846154,0.070724466241311,0.0690740173103393,2026-01-01 00:39:02
0,0.0163170234375,0.2096584615384615,0.3800972307692307,0.0655628608387219,0.0634999485629531,2026-01-01 00:39:03
0,0.0135208846153846,0.2096584615384615,0.37968,0.0673628982891048,0.0659920127373437,2026-01-01 00:39:04
0,0.0133122692307692,0.2467919999999999,0.4268270769230768,0.0730705519731478,0.0718476795282075,2026-01-01 00:39:05
0,0.0146102073317307,0.2467919999999999,0.4305821538461538,0.0673006981057593,0.0656957061553219,2026-01-01 00:39:06
0,0.015144173076923,0.2115359999999999,0.3896935384615384,0.0620547636622782,0.0601784655420642,2026-01-01 00:39:07
0,0.0164518900240384,0.2115359999999999,0.3896935384615384,0.0645685352972164,0.0624374171876514,2026-01-01 00:39:08
0,0.0178500612980769,0.1666836923076923,0.3302381538461538,0.0637088684042368,0.0611571355199315,2026-01-01 00:39:09
0,0.0179643515625,0.1760713846153846,0.3456756923076923,0.0632579941802941,0.0606535728597502,2026-01-01 00:39:10
0,0.0154958040865384,0.1975587692307692,0.3671630769230769,0.0606222810031094,0.0586083697924757,2026-01-01 00:39:11
0,0.0167285498798076,0.1975587692307692,0.3861470769230769,0.0642611549137251,0.0620455610802623,2026-01-01 00:39:12
0,0.0170257860576923,0.1885883076923076,0.3684147692307692,0.0678025907178844,0.0656301296446582,2026-01-01 00:39:13
0,0.0162176051682692,0.2367784615384615,0.416604923076923,0.0691478219010397,0.0672191234416519,2026-01-01 00:39:14
0,0.0175018936298076,0.2367784615384615,0.4410129230769231,0.0712930662497071,0.0691113956931563,2026-01-01 00:39:15
0,0.0174607409855769,0.3458843076923076,0.663396923076923,0.0807609630479269,0.0788508444892203,2026-01-01 00:39:16
0,0.0153886442307692,0.3458843076923076,0.663396923076923,0.0817685418111307,0.0803074346412426,2026-01-01 00:39:17
0,0.0132391316105769,0.1963070769230769,0.3890676923076923,0.0714442035997659,0.0702068345832699,2026-01-01 00:39:18
0,0.0154517992788461,0.1963070769230769,0.3890676923076923,0.069579909117181,0.0678425062317233,2026-01-01 00:39:19
0,0.0167063437499999,0.1817039999999999,0.3321156923076923,0.0662271009527055,0.0640853101662673,2026-01-01 00:39:20
0,0.0157624813701923,0.184416,0.36612,0.0662185367418343,0.0643151520971846,2026-01-01 00:39:21
0,0.0170989236778846,0.184416,0.3636166153846154,0.0677298842078611,0.0655359750356104,2026-01-01 00:39:22
0,0.0110949158653846,0.2253046153846153,0.4347544615384615,0.0699198748241958,0.0690339897251437,2026-01-01 00:39:23
0,0.0132303713942307,0.2154996923076923,0.4249495384615385,0.0694828606947031,0.0682116207334956,2026-01-01 00:39:24
0,0.0139670444711538,0.2134135384615384,0.4101378461538461,0.0651784430737645,0.0636643629533884,2026-01-01 00:39:25
0,0.0122920096153846,0.2134135384615384,0.4099292307692307,0.0642077777506435,0.0630201969474178,2026-01-01 00:39:26
0,0.0128760919471153,0.2219667692307692,0.4074258461538461,0.0653986430609883,0.0641185524664117,2026-01-01 00:39:27
0,0.0119578990384615,0.2219667692307692,0.4126412307692307,0.0655368000372917,0.0644366418252372,2026-01-01 00:39:28
0,0.0118792608173076,0.1906744615384615,0.3638252307692308,0.0659529540678889,0.06487430394783,2026-01-01 00:39:29
0,0.0132419837740384,0.1798264615384615,0.3531858461538461,0.0645317855722578,0.0631585403161913,2026-01-01 00:39:30
0,0.0135477764423076,0.1733593846153846,0.3458843076923077,0.0613034554222986,0.0597877194763524,2026-01-01 00:39:31
0,0.013716665264423,0.1756541538461538,0.3375396923076923,0.0632653848549976,0.0617605214912789,2026-01-01 00:39:32
0,0.0130205336538461,0.1812867692307692,0.3431723076923076,0.0661011076346091,0.0648060347027284,2026-01-01 00:39:33
0,0.0096374603365384,0.2094498461538461,0.3907366153846153,0.0613691506527525,0.0606076893644848,2026-01-01 00:39:34
0,0.0110429657451923,0.2094498461538461,0.3717526153846154,0.059854071675826,0.058826548460074,2026-01-01 00:39:35
0,0.0127147409855769,0.1946381538461538,0.3846867692307691,0.0671302533224897,0.0659151444875252,2026-01-01 00:39:36
0,0.011746227764423,0.1946381538461538,0.3686233846153846,0.0696951881048048,0.0686982196149974,2026-01-01 00:39:37
0,0.0138951292067307,0.2040258461538461,0.373212923076923,0.066262936430661,0.0647896760969067,2026-01-01 00:39:38
0,0.0117800462740384,0.2284338461538461,0.4234892307692307,0.0657444137839688,0.0646804333131683,2026-01-01 00:39:39
0,0.0097030600961538,0.2284338461538461,0.4234892307692307,0.0672336989506657,0.0665298496868825,2026-01-01 00:39:40
0,0.0106084182692307,0.2148738461538461,0.3928227692307692,0.0663775335424605,0.0655243345712531,2026-01-01 00:39:41
0,0.0135115132211538,0.2422024615384615,0.4433076923076923,0.0684147775973151,0.067067285647808,2026-01-01 00:39:42
0,0.0134033347355769,0.2422024615384615,0.4433076923076923,0.0743546209082836,0.0731365863872566,2026-01-01 00:39:43
0,0.0136162283653846,0.2125790769230769,0.4118067692307692,0.069443451438406,0.0680954570641827,2026-01-01 00:39:44
0,0.0146949573317307,0.1927606153846154,0.3427550769230769,0.0613013336066196,0.059513962487543,2026-01-01 00:39:45
0,0.0121155829326923,0.1858763076923077,0.3596529230769231,0.0635200392734124,0.0623538935391921,2026-01-01 00:39:46
0,0.0117525432692307,0.1769058461538461,0.3506824615384615,0.061314149697474,0.0601772604879045,2026-01-01 00:39:47
0,0.0125599092548076,0.1769058461538461,0.348804923076923,0.062821523691037,0.0615531682236952,2026-01-01 00:39:48
0,0.0130665757211538,0.2225926153846154,0.3930313846153845,0.0664604533916832,0.0651633061158767,2026-01-01 00:39:49
0,0.0157557584134615,0.2225926153846154,0.4049224615384615,0.0646722537845269,0.0627236517303234,2026-01-01 00:39:50
0,0.0161858239182692,0.1823298461538461,0.3627821538461538,0.0650024843732635,0.0629550798489141,2026-01-01 00:39:51
0,0.0141477493990384,0.1804523076923077,0.3604873846153846,0.0647781662010677,0.0632143338437981,2026-01-01 00:39:52
0,0.0139607289663461,0.2396990769230769,0.4007501538461538,0.0646183868296619,0.0630922654783932,2026-01-01 00:39:53
0,0.0136492319711538,0.2396990769230769,0.3919883076923077,0.063305565652674,0.061816608684096,2026-01-01 00:39:54
0,0.0143724591346153,0.21696,0.3857298461538462,0.0616379965167818,0.0599389275264966,2026-01-01 00:39:55
0,0.0164410925480769,0.229476923076923,0.4063827692307692,0.068360681823011,0.0663541505494006,2026-01-01 00:39:56
0,0.015311024639423,0.229476923076923,0.4063827692307692,0.0672295852454521,0.065462887629301,2026-01-01 00:39:57
0,0.0123278653846153,0.1810781538461538,0.3621563076923076,0.0639688655691685,0.0627697339269903,2026-01-01 00:39:58
0,0.0142826159855769,0.251172923076923,0.4796067692307691,0.0716741074190562,0.0702366325710946,2026-01-01 00:39:59
2,0.0050716562188123,0.4770719760479042,0.9294538123752496,0.1358685488014283,0.1357738592535554,2026-01-01 01:20:00
2,0.0045748331462075,0.5522794411177645,1.084579361277445,0.1442139933467562,0.1441414124348121,2026-01-01 01:20:01
2,0.0045147131128368,0.5522794411177645,1.084579361277445,0.1554099687999686,0.1553443779733144,2026-01-01 01:20:02
2,0.0047298127572979,0.4218440319361277,0.8118507784431137,0.1499262427208189,0.1498516170338605,2026-01-01 01:20:03
2,0.0049176283760603,0.5165437125748502,1.002874491017964,0.1474073738949229,0.1473253230430959,2026-01-01 01:20:04
2,0.004956016365706,0.5165437125748502,1.002874491017964,0.1533063247316947,0.1532261958821751,2026-01-01 01:20:05
2,0.0050419927722679,0.4122603592814371,0.7842368063872256,0.1533682423627119,0.1532853420073555,2026-01-01 01:20:06
2,0.0048746401727794,0.4224937724550898,0.8136375648702594,0.1477682898545327,0.147687864666394,2026-01-01 01:20:07
2,0.0042328310566367,0.4518945309381237,0.8990784431137724,0.1490133980243412,0.1489532676110421,2026-01-01 01:20:08
2,0.0049583957865518,0.4518945309381237,0.903301756487026,0.1570559916788605,0.1569777017077719,2026-01-01 01:20:09
2,0.0049867902086452,0.4514072255489022,0.9000530538922156,0.1542854910187365,0.1542048788537755,2026-01-01 01:20:10
2,0.0045948202813123,0.4236308183632734,0.8277694211576846,0.1465030408346165,0.1464309687203213,2026-01-01 01:20:11
2,0.0047451996787674,0.5160564071856288,0.8969667864271458,0.1499669404488298,0.1498918487029615,2026-01-01 01:20:12
2,0.0049263529191616,0.5160564071856288,0.9044388023952096,0.1499937587513999,0.1499128370463618,2026-01-01 01:20:13
2,0.0049910731661676,0.4401992015968064,0.8285815968063872,0.1439574388996988,0.1438708914381588,2026-01-01 01:20:14
2,0.0046466916557509,0.3913062275449102,0.7416788023952097,0.144076314539227,0.1440013634236241,2026-01-01 01:20:15
2,0.0047748631253118,0.4770719760479042,0.913047864271457,0.1499878463755251,0.1499118232245297,2026-01-01 01:20:16
2,0.0047764494058757,0.5191426746506986,0.9962146506986028,0.153135654876073,0.1530611457078407,2026-01-01 01:20:17
2,0.0045026573805513,0.5191426746506986,0.942773493013972,0.1542920659472721,0.1542263521282622,2026-01-01 01:20:18
2,0.0047103015063622,0.4528691417165668,0.8527844311377245,0.1502499070352609,0.1501760554277002,2026-01-01 01:20:19
2,0.00500106673372,0.4528691417165668,0.836378483033932,0.1483246756636598,0.1482403411432082,2026-01-01 01:20:20
2,0.005207917719249,0.4509199201596806,0.8709771656686627,0.1477005077240964,0.1476086636176393,2026-01-01 01:20:21
2,0.0046673133030813,0.4509199201596806,0.8709771656686627,0.1531266588703294,0.1530555122931582,2026-01-01 01:20:22
2,0.0045703915606287,0.466676127744511,0.911423512974052,0.1508806200970789,0.1508113823352256,2026-01-01 01:20:23
2,0.0047843808086951,0.4933154890219561,0.9432607984031935,0.1469776161924124,0.1468997255337173,2026-01-01 01:20:24
2,0.0044374612493762,0.5214167664670659,1.014732255489022,0.1539275544999279,0.153863579095212,2026-01-01 01:20:25
2,0.0047946916323602,0.5214167664670659,0.9960522155688624,0.1648835099178733,0.1648137821148098,2026-01-01 01:20:26
2,0.0049242907544286,0.4746354491017964,0.9050885429141716,0.1606599889012419,0.1605845054614953,2026-01-01 01:20:27
2,0.0048590946232534,0.5488683033932136,1.0220418363273454,0.1474834755992077,0.14740340828578,2026-01-01 01:20:28
2,0.0045515148219186,0.5488683033932136,1.0220418363273454,0.1427020816339238,0.1426294773722491,2026-01-01 01:20:29
2,0.0047163293725049,0.3953671057884231,0.7876479441117765,0.1488927224166103,0.1488180063899521,2026-01-01 01:20:30
2,0.0049393604197854,0.4471839121756487,0.8352414371257484,0.1522893764095974,0.1522092536144485,2026-01-01 01:20:31
2,0.0045216927473178,0.4471839121756487,0.8938805189620758,0.1444272254033064,0.1443564260169818,2026-01-01 01:20:32
2,0.004076899677208,0.4466966067864271,0.8917688622754492,0.1415087993468735,0.1414500589664623,2026-01-01 01:20:33
2,0.0044404751824476,0.4229810778443114,0.825982634730539,0.1398173000320122,0.1397467694381368,2026-01-01 01:20:34
2,0.0049328566694735,0.466676127744511,0.8784491816367266,0.1487423424661261,0.1486605239039227,2026-01-01 01:20:35
2,0.0043776584721182,0.4812952894211577,0.937413133732535,0.1581489002598755,0.1580883005149639,2026-01-01 01:20:36
2,0.0047875533698228,0.4812952894211577,0.9408242714570858,0.1544098982093714,0.1543356601623861,2026-01-01 01:20:37
2,0.0048127752307884,0.5303506986027944,0.9898796806387224,0.1513297872807249,0.1512532370331537,2026-01-01 01:20:38
2,0.0042645566679141,0.5303506986027944,0.9525196007984033,0.1490187648878765,0.1489577317400287,2026-01-01 01:20:39
2,0.004591806348241,0.4985134131736527,0.9970268263473054,0.1469239439206727,0.1468521726487736,2026-01-01 01:20:40
2,0.0048378384636976,0.5387973253493015,1.037310738522954,0.1438032654234079,0.1437218649525335,2026-01-01 01:20:41
2,0.0048543357815618,0.5387973253493015,0.9577175249501,0.1469100882134437,0.1468298656370755,2026-01-01 01:20:42
2,0.0046270217767589,0.4600162874251497,0.8789364870259482,0.1524488843071269,0.1523786500660941,2026-01-01 01:20:43
2,0.0046636648577844,0.5043610778443114,0.9401745309381238,0.147977106825827,0.1479035982477657,2026-01-01 01:20:44
2,0.0048897098381362,0.5043610778443114,0.9401745309381238,0.1450404626668222,0.1449580165023814,2026-01-01 01:20:45
2,0.004752813825474,0.4038137325349301,0.787485508982036,0.1426845138130237,0.1426053338511549,2026-01-01 01:20:46
2,0.0045224858875998,0.4038137325349301,0.7954448303393213,0.1486076825788093,0.1485388516275812,2026-01-01 01:20:47
2,0.0048073818768712,0.6045835528942115,1.1247008383233532,0.1572434365327354,0.1571699316412472,2026-01-01 01:20:48
2,0.0050132810940618,0.6045835528942115,1.1247008383233532,0.1468762623640915,0.1467906790593918,2026-01-01 01:20:49
2,0.0046468502838073,0.3971538922155688,0.7579223153692615,0.1428508023487582,0.1427752027283584,2026-01-01 01:20:50
2,0.0045521493341442,0.4111233133732535,0.8087645109780439,0.1546546682260326,0.154587659082295,2026-01-01 01:20:51
2,0.0049802864583333,0.5082595209580839,0.993128383233533,0.1553699488799252,0.1552901083834495,2026-01-01 01:20:52
2,0.004969499750499,0.5082595209580839,0.993128383233533,0.1464332399228844,0.1463488907595231,2026-01-01 01:20:53
2,0.0048851096245009,0.4090116566866267,0.8064904191616766,0.1335729283737469,0.1334835678961824,2026-01-01 01:20:54
2,0.0047206123300274,0.4069,0.8060031137724551,0.1436966715482778,0.1436191116574783,2026-01-01 01:20:55
2,0.0051638191195733,0.4723613572854291,0.9275045908183632,0.1603603438907224,0.1602771813604516,2026-01-01 01:20:56
2,0.0045994204949476,0.5295385229540919,1.0018998802395211,0.1548147254103131,0.1547463877929992,2026-01-01 01:20:57
2,0.0044963122582959,0.5295385229540919,0.9838695808383234,0.1399422580063057,0.1398700066203592,2026-01-01 01:20:58
2,0.0056560419785429,0.4260673453093812,0.8469367664670658,0.1468656481804803,0.1467566959447152,2026-01-01 01:20:59
2,0.0045337484796032,0.4260673453093812,0.8469367664670658,0.1530175918924057,0.152950412072915,2026-01-01 01:21:00
2,0.0038928911317989,0.4916911377245509,0.9404994011976048,0.1490672219161409,0.1490163818123094,2026-01-01 01:21:01
2,0.00489700672873,0.4916911377245509,0.9404994011976048,0.1416872116229977,0.1416025609323465,2026-01-01 01:21:02
2,0.0052155318659555,0.4307779640718563,0.8404393612774452,0.1398325664237429,0.1397352670588413,2026-01-01 01:21:03
2,0.0044223915840194,0.4307779640718563,0.8404393612774452,0.1449165555447797,0.1448490611762493,2026-01-01 01:21:04
2,0.004676196474239,0.5033864670658682,0.9567429141716566,0.1526711746660539,0.1525995437753569,2026-01-01 01:21:05
2,0.0048411696528817,0.5033864670658682,0.9567429141716566,0.1450362479828893,0.1449554286853244,2026-01-01 01:21:06
2,0.0046644579980663,0.4288287425149701,0.834754131736527,0.1407219594038568,0.1406446326385937,2026-01-01 01:21:07
2,0.0048007194985029,0.4773968463073852,0.8833222355289422,0.1490999442175661,0.1490226374010942,2026-01-01 01:21:08
2,0.0046820657123253,0.4773968463073852,0.8524595608782435,0.1457212259467105,0.1456459884517172,2026-01-01 01:21:09
2,0.0046950732129491,0.3908189221556886,0.7772520958083832,0.1428953785981136,0.1428182254203688,2026-01-01 01:21:10
2,0.0044041493575349,0.5519545708582835,0.9669763273453094,0.1441485556609405,0.1440812602928354,2026-01-01 01:21:11
2,0.0045207409789795,0.5519545708582835,0.9669763273453094,0.1474594745841378,0.147390160952592,2026-01-01 01:21:12
2,0.0051324107644086,0.4462093013972055,0.8912815568862276,0.1517141189722551,0.1516272807092212,2026-01-01 01:21:13
2,0.0045600807369635,0.4462093013972055,0.8649670658682634,0.1447289632702177,0.1446571065414499,2026-01-01 01:21:14
2,0.0042994548403193,0.4938027944111776,0.984681756487026,0.141389849117561,0.1413244639882377,2026-01-01 01:21:15
2,0.004715536232223,0.4938027944111776,0.984681756487026,0.1519815758860165,0.1519084037400155,2026-01-01 01:21:16
2,0.0048135683710703,0.5102087425149701,0.9320527744510978,0.1532144388401536,0.1531388057568695,2026-01-01 01:21:17
2,0.004385748502994,0.5102087425149701,0.9320527744510978,0.1426585479359356,0.142591116515925,2026-01-01 01:21:18
2,0.0044295298465568,0.3914686626746507,0.780013493013972,0.1423896633936748,0.1423207486865583,2026-01-01 01:21:19
2,0.0050457998456212,0.4306155289421158,0.8220841916167665,0.1519596524336434,0.1518758567767492,2026-01-01 01:21:20
2,0.0047777184303268,0.4306155289421158,0.816561397205589,0.148554159636455,0.14847731056257,2026-01-01 01:21:21
2,0.0041941258108782,0.4275292614770459,0.8134751297405189,0.1375543383020391,0.1374903825523602,2026-01-01 01:21:22
2,0.0040107517776946,0.4382499800399201,0.8752004790419161,0.1343755697918222,0.134315701342228,2026-01-01 01:21:23
2,0.0047136326955464,0.4382499800399201,0.8752004790419161,0.1450440494220112,0.1449674375145891,2026-01-01 01:21:24
2,0.0042472662097679,0.518005628742515,0.9536566467065868,0.1530109389603823,0.1529519799521445,2026-01-01 01:21:25
2,0.0044282608221057,0.518005628742515,0.9473216766467064,0.1465400195955327,0.1464730959908696,2026-01-01 01:21:26
2,0.0050676905174026,0.4450722554890219,0.8535966067864271,0.1426548790760493,0.1425648380107174,2026-01-01 01:21:27
2,0.0043908246007984,0.4598538522954092,0.9049261077844312,0.1477892464084571,0.1477240062187073,2026-01-01 01:21:28
2,0.0046622372052769,0.4598538522954092,0.8695152495009981,0.1484906972541294,0.1484174879024006,2026-01-01 01:21:29
2,0.0048809852950349,0.4434479041916167,0.8531093013972055,0.1470166868207622,0.1469356396055896,2026-01-01 01:21:30
2,0.0042561493809256,0.4367880638722555,0.8438504990019959,0.1429786589684287,0.1429152969869128,2026-01-01 01:21:31
2,0.0039620529643837,0.4530315768463073,0.9026520159680638,0.1520123121908543,0.1519606698916438,2026-01-01 01:21:32
2,0.0043782929843438,0.535548622754491,1.032600119760479,0.1624956916050737,0.1624366964104924,2026-01-01 01:21:33
2,0.0047420271176397,0.535548622754491,1.032600119760479,0.1560046890517765,0.1559326014179109,2026-01-01 01:21:34
2,0.0046790517792539,0.4795085029940119,0.9375755688622752,0.14288473730014,0.1428081042090296,2026-01-01 01:21:35
2,0.0042835920346806,0.5129701397205588,0.9807833133732536,0.1569302666646569,0.1568717929862496,2026-01-01 01:21:36
2,0.0045080507344685,0.5129701397205588,0.9807833133732536,0.1648725255441201,0.1648108830079858,2026-01-01 01:21:37
2,0.0045156648811751,0.5111833532934131,0.9169463073852296,0.1563270175826563,0.1562617841859264,2026-01-01 01:21:38
2,0.003969984367203,0.4773968463073852,0.8784491816367266,0.1449444825118244,0.1448901039917659,2026-01-01 01:21:39
2,0.0046395533932135,0.3739256686626746,0.737130618762475,0.1463897752930124,0.146316235786225,2026-01-01 01:21:40
2,0.0047432961420908,0.4533564471057884,0.8165613972055887,0.152394414518468,0.1523205787742913,2026-01-01 01:21:41
2,0.0035924495930014,0.4533564471057884,0.9060631536926148,0.1443693213922861,0.1443246176686116,2026-01-01 01:21:42
2,0.0041730282793787,0.4527067065868264,0.8829973652694612,0.1436813189727358,0.1436207062255459,2026-01-01 01:21:43
2,0.0049038277351546,0.4596914171656686,0.8419012774451098,0.1525343536596412,0.1524555066893565,2026-01-01 01:21:44
2,0.0042323551724675,0.5677107784431138,1.070772375249501,0.1556295774759538,0.1555720172622249,2026-01-01 01:21:45
2,0.0041808010541417,0.5677107784431138,1.070772375249501,0.1438658668492989,0.1438051061222997,2026-01-01 01:21:46
2,0.0045042436611152,0.3757124550898203,0.7372930538922156,0.1374856946598054,0.1374118918621331,2026-01-01 01:21:47
2,0.0042099886165169,0.497051497005988,0.959666746506986,0.147076568377747,0.1470163016866596,2026-01-01 01:21:48
2,0.0039983787892964,0.497051497005988,0.9635651896207584,0.1495604235742568,0.1495069672850346,2026-01-01 01:21:49
2,0.004142413064496,0.4665136926147704,0.8964794810379242,0.1402520271417742,0.1401908396842678,2026-01-01 01:21:50
2,0.0046094140624999,0.5241781636726547,0.9398496606786426,0.14316771506963,0.1430934937034497,2026-01-01 01:21:51
2,0.0047943743762475,0.5241781636726547,0.9492708982035928,0.1514092450870249,0.1513333191077337,2026-01-01 01:21:52
2,0.0039366724753617,0.4250927345309381,0.8432007584830339,0.1476517029413686,0.1475992140606036,2026-01-01 01:21:53
2,0.0039385760120384,0.5141071856287426,0.9213320558882236,0.1424298606878659,0.1423753940628868,2026-01-01 01:21:54
2,0.0042469489536551,0.5141071856287426,0.9988136127744512,0.143857950738781,0.1437952482363259,2026-01-01 01:21:55
2,0.0038740143930888,0.4847064271457086,0.9353014770459084,0.1438628860117505,0.1438107158180922,2026-01-01 01:21:56
2,0.0044284194501621,0.4406865069860279,0.8116883433133733,0.1461357419579753,0.1460686283182716,2026-01-01 01:21:57
2,0.004511540551709,0.4406865069860279,0.8241958483033932,0.1399570101874959,0.1398842761087647,2026-01-01 01:21:58
2,0.0035843595621257,0.4431230339321357,0.8583072255489022,0.1386400860353225,0.1385937438068942,2026-01-01 01:21:59
2,0.0038549790263223,0.4873053892215568,0.9692504191616766,0.1484376186934204,0.1483875526453614,2026-01-01 01:22:00
2,0.0043573540809007,0.4873053892215568,0.9692504191616766,0.1474138626676245,0.1473494498530718,2026-01-01 01:22:01
2,0.0042039607503742,0.4985134131736527,0.908986986027944,0.1395464023322823,0.1394830639106143,2026-01-01 01:22:02
2,0.0038427646659805,0.4985134131736527,0.9041139321357284,0.1378183218529287,0.1377647378616144,2026-01-01 01:22:03
2,0.0036441623393837,0.5241781636726547,1.0027120558882237,0.1573979921404331,0.1573558006896602,2026-01-01 01:22:04
2,0.0045634119261477,0.5241781636726547,1.0027120558882237,0.1553071570975883,0.1552400989349313,2026-01-01 01:22:05
2,0.0042191890437874,0.4060878243512973,0.7743282634730538,0.1329363617022339,0.1328693896517928,2026-01-01 01:22:06
2,0.0034652298917789,0.4559554091816367,0.9059007185628742,0.1367558002258407,0.1367118907674353,2026-01-01 01:22:07
2,0.0040296285164046,0.4559554091816367,0.9059007185628742,0.1496781576178939,0.1496239050483139,2026-01-01 01:22:08
2,0.0040951419036926,0.4720364870259481,0.9140224750499002,0.1498994791197457,0.1498435305682554,2026-01-01 01:22:09
2,0.0038803595153443,0.4720364870259481,0.9140224750499002,0.1419957343220529,0.1419427045525437,2026-01-01 01:22:10
2,0.0039073262849301,0.4208694211576846,0.7959321357285429,0.1324096024730923,0.1323519385138934,2026-01-01 01:22:11
2,0.0044133497848053,0.4939652295409181,0.9447227145708584,0.1439650280036733,0.1438973649229735,2026-01-01 01:22:12
2,0.0038261087200598,0.5171934530938124,1.0111586826347303,0.1579149863491429,0.1578686283138999,2026-01-01 01:22:13
2,0.0037920036879366,0.5171934530938124,0.9781843512974052,0.1427979948180513,0.1427476375709486,2026-01-01 01:22:14
2,0.0044365094810379,0.5491931736526946,1.0405594411177643,0.1411073914937369,0.1410376308571276,2026-01-01 01:22:15
2,0.0044845737821232,0.5491931736526946,1.0405594411177643,0.15076829990195,0.150701588755119,2026-01-01 01:22:16
2,0.0039052641201971,0.4450722554890219,0.8388150099800399,0.1476017979488952,0.1475501259569031,2026-01-01 01:22:17
2,0.0035665932198103,0.4450722554890219,0.8277694211576847,0.1399824812656415,0.1399370375350646,2026-01-01 01:22:18
2,0.0045648395786551,0.5340867065868263,1.011321117764471,0.1424320816838993,0.1423589130768779,2026-01-01 01:22:19
2,0.0043598921298028,0.5340867065868263,1.011321117764471,0.1473767482482825,0.1473122441104409,2026-01-01 01:22:20
2,0.0038203981100299,0.5548784031936127,1.0733713373253493,0.1576444267701948,0.1575981276855287,2026-01-01 01:22:21
2,0.0041433648328343,0.5548784031936127,1.0733713373253493,0.1493390581114128,0.1492815688739436,2026-01-01 01:22:22
2,0.0043781343562874,0.4769095409181637,0.9432607984031935,0.1345295375414378,0.1344582775833136,2026-01-01 01:22:23
2,0.0038957464368138,0.4681380439121756,0.9344893013972057,0.1458696714694992,0.1458176402714009,2026-01-01 01:22:24
2,0.0041229018135603,0.4564427145708583,0.8946926946107785,0.1547110364080087,0.1546560909472237,2026-01-01 01:22:25
2,0.0046898384870883,0.4564427145708583,0.8946926946107785,0.1479813564145833,0.1479070223527773,2026-01-01 01:22:26
2,0.0044474548169286,0.475122754491018,0.925880239520958,0.1333232567853948,0.133249056077391,2026-01-01 01:22:27
2,0.0040534227248627,0.475122754491018,0.925880239520958,0.145726869387813,0.1456704850880448,2026-01-01 01:22:28
2,0.0040619886399076,0.4923408782435129,0.9351390419161676,0.1555094614284505,0.1554564017403464,2026-01-01 01:22:29
2,0.0042226788610279,0.4923408782435129,0.8687030738522954,0.14282076235908,0.1427583242548939,2026-01-01 01:22:30
2,0.0036743016700973,0.4174582834331337,0.7577598802395209,0.1283421764235476,0.1282895699438195,2026-01-01 01:22:31
2,0.0037853413095683,0.4817825948103792,0.8777994411177644,0.1424679371941181,0.1424176404786895,2026-01-01 01:22:32
2,0.0050557934131736,0.4817825948103792,0.8777994411177644,0.1567449425423898,0.1566633842529275,2026-01-01 01:22:33
2,0.0046711203764346,0.4512447904191616,0.8089269461077844,0.145962129655479,0.1458873672666407,2026-01-01 01:22:34
2,0.0036327411193238,0.4632649900199601,0.8760126546906187,0.1382684039266092,0.1382206739832068,2026-01-01 01:22:35
2,0.0044301643587824,0.5220665069860279,1.0313006387225547,0.1497640637358312,0.1496985251444525,2026-01-01 01:22:36
2,0.0046062415013722,0.5220665069860279,1.0313006387225547,0.1550835748906674,0.1550151532596097,2026-01-01 01:22:37
2,0.003759009052208,0.4522194011976048,0.8969667864271458,0.1466036448934404,0.1465554452996796,2026-01-01 01:22:38
2,0.0038571998191117,0.4166461077844311,0.8105512974051896,0.1406167731983769,0.1405638606266888,2026-01-01 01:22:39
2,0.0043162694142964,0.4224937724550898,0.8064904191616766,0.1502683640086937,0.1502063615170558,2026-01-01 01:22:40
2,0.0041313091005489,0.5236908582834332,0.9954024750499004,0.1566393617421227,0.1565848713385022,2026-01-01 01:22:41
2,0.0040835620555763,0.5236908582834332,0.9954024750499004,0.1418872279306809,0.1418284526136814,2026-01-01 01:22:42
2,0.0041524066320484,0.4145344510978044,0.8266323752495011,0.1326288107999469,0.1325637920903375,2026-01-01 01:22:43
2,0.0045051954294535,0.466676127744511,0.9000530538922156,0.1478833902679518,0.1478147500464205,2026-01-01 01:22:44
2,0.0039417485731661,0.4887673053892216,0.9315654690618762,0.1595600873743128,0.159511391759599,2026-01-01 01:22:45
2,0.0034049512303517,0.4887673053892216,0.9315654690618762,0.1536829978033525,0.1536452736693979,2026-01-01 01:22:46
2,0.004353388379491,0.4056005189620758,0.8087645109780439,0.1469577334591314,0.1468932382142296,2026-01-01 01:22:47
2,0.0033530798559131,0.4559554091816367,0.891443992015968,0.1502884226274283,0.150251012746405,2026-01-01 01:22:48
2,0.0031632020724176,0.4354885828343313,0.8560331337325349,0.1517077112022061,0.1516747302317068,2026-01-01 01:22:49
2,0.0025678709767964,0.6239133333333333,1.1107314171656686,0.1537798785569811,0.1537584374518888,2026-01-01 01:22:50
2,0.0028234207756362,0.6239133333333333,1.1240510978043912,0.1636278807632766,0.1636035196999281,2026-01-01 01:22:51
2,0.00343620095746,0.5123203992015969,1.0124581636726546,0.1628145449802918,0.1627782804311418,2026-01-01 01:22:52
2,0.0029996565462824,0.5123203992015969,0.970549900199601,0.1499904037409699,0.149960405690914,2026-01-01 01:22:53
2,0.0034006682728293,0.4379251097804391,0.8467743313373254,0.1482910161927425,0.1482520183295134,2026-01-01 01:22:54
2,0.003207617928206,0.4595289820359281,0.9024895808383232,0.1520742985307219,0.1520404665240073,2026-01-01 01:22:55
2,0.0028922653521082,0.4595289820359281,0.91710874251497,0.1552649260805099,0.1552379852739631,2026-01-01 01:22:56
2,0.0036417829185379,0.4819450299401198,0.946509500998004,0.1507515568779431,0.1507075622465508,2026-01-01 01:22:57
2,0.0032195150324351,0.5009499401197605,0.9655144111776448,0.1557200494396735,0.1556867641145203,2026-01-01 01:22:58
2,0.0031581259746132,0.5009499401197605,0.9240934530938124,0.1648624349812881,0.1648321834724273,2026-01-01 01:22:59
2,0.0037916864318238,0.5037113373253493,0.9448851497005988,0.1565480646540984,0.1565021394772177,2026-01-01 01:23:00
2,0.0032093628368263,0.5037113373253493,0.9863061077844312,0.152082007730532,0.1520481406184607,2026-01-01 01:23:01
2,0.0037007925555139,0.4825947704590818,0.9541439520958084,0.1546914447432421,0.1546471700717882,2026-01-01 01:23:02
2,0.0038629104291417,0.4481585229540918,0.8420637125748502,0.1503116805999621,0.1502620352843707,2026-01-01 01:23:03
2,0.0032152320749126,0.4502701796407186,0.8631802794411177,0.1514664322556586,0.1514323029705435,2026-01-01 01:23:04
2,0.004189525597243,0.5366856686626746,1.0267524550898204,0.1535384041322328,0.1534812347446518,2026-01-01 01:23:05
2,0.0039885438498003,0.5366856686626746,1.0267524550898204,0.159452106042631,0.1594022134080598,2026-01-01 01:23:06
2,0.0038697314355663,0.4723613572854291,0.9029768862275448,0.1623392981363657,0.1622931695975663,2026-01-01 01:23:07
2,0.0036928611526946,0.4723613572854291,0.869190379241517,0.1485684744100801,0.1485225719042245,2026-01-01 01:23:08
2,0.0031156136555014,0.6096190419161677,1.1688831936127744,0.151690634042836,0.1516586344652596,2026-01-01 01:23:09
2,0.0043121450848303,0.6096190419161677,1.1688831936127744,0.1574428038952403,0.1573837409110689,2026-01-01 01:23:10
2,0.0039772812577969,0.4184328942115768,0.8240334131736526,0.1528317883856884,0.1527800274085727,2026-01-01 01:23:11
2,0.0037071376777694,0.5108584830339321,0.9780219161676648,0.1520482892440895,0.1520030900748151,2026-01-01 01:23:12
2,0.0046568438513597,0.5873654291417165,1.05485373253493,0.1548265713838985,0.1547565217101932,2026-01-01 01:23:13
2,0.0037555192349675,0.5873654291417165,1.0780819560878243,0.1641583741224964,0.1641154102143284,2026-01-01 01:23:14
2,0.0036035535569486,0.4907165269461078,0.9757478243512974,0.1592294719283281,0.1591886903405403,2026-01-01 01:23:15
2,0.0039146231755239,0.4910413972055888,0.9161341317365268,0.1490633868559236,0.149011976117198,2026-01-01 01:23:16
2,0.0036244924603917,0.4962393213572854,0.9872807185628742,0.1498097439715106,0.1497658921223858,2026-01-01 01:23:17
2,0.0044471375608158,0.500462634730539,0.984032015968064,0.1554250723265213,0.1553614368986705,2026-01-01 01:23:18
2,0.0041478064184131,0.500462634730539,1.0006003992015968,0.1566561482965693,0.1566012276485471,2026-01-01 01:23:19
2,0.0037095170986152,0.5001377644710578,0.9668138922155688,0.151518765504195,0.1514733500745604,2026-01-01 01:23:20
2,0.0039239822308507,0.3890321357285429,0.7683181636726546,0.14392444005413,0.1438709380255333,2026-01-01 01:23:21
2,0.0038510133249126,0.4743105788423153,0.88267249500998,0.145915731652281,0.1458649047577649,2026-01-01 01:23:22
2,0.0040202694610778,0.5150817964071857,0.9473216766467066,0.1553430552044614,0.1552910243179453,2026-01-01 01:23:23
2,0.0042226788610279,0.5150817964071857,0.963402754491018,0.1580180736315602,0.1579616427410965,2026-01-01 01:23:24
2,0.0041436820889471,0.4483209580838323,0.8730888223552894,0.1521781534823754,0.1521217285467502,2026-01-01 01:23:25
2,0.0037937485965568,0.5157315369261477,0.9635651896207584,0.1527625634505516,0.1527154486735705,2026-01-01 01:23:26
2,0.0036203681309256,0.5157315369261477,0.9635651896207584,0.1530344034524126,0.1529915735412652,2026-01-01 01:23:27
2,0.0043400636227544,0.4427981636726547,0.8461245908183632,0.1516824291377866,0.1516203256720222,2026-01-01 01:23:28
2,0.0043911418569111,0.4587168063872255,0.861068622754491,0.1514556670572293,0.1513919976648131,2026-01-01 01:23:29
2,0.0036876264268338,0.4587168063872255,0.8927434730538922,0.1576747933403904,0.1576316651763564,2026-01-01 01:23:30
2,0.0041068803798652,0.548705868263473,0.9827325349301396,0.1620980392559402,0.1620460053940418,2026-01-01 01:23:31
2,0.0038683037830588,0.548705868263473,0.9967019560878244,0.1580199920462656,0.1579726372260203,2026-01-01 01:23:32
2,0.0037467946918662,0.4499453093812375,0.8979413972055887,0.1581822530877286,0.158137872508287,2026-01-01 01:23:33
2,0.0041106874532185,0.4525442714570858,0.8971292215568862,0.1629463351296315,0.1628944762134067,2026-01-01 01:23:34
2,0.0041800079138597,0.4944525349301397,0.9263675449101796,0.1558824116301534,0.155826357813666,2026-01-01 01:23:35
2,0.003922871834456,0.4944525349301397,0.9007027944111776,0.1517600834088123,0.1517093734507532,2026-01-01 01:23:36
2,0.0033568869292664,0.4062502594810379,0.8040538922155689,0.1548739047075618,0.1548375202252706,2026-01-01 01:23:37
2,0.0042502801428393,0.4540061876247505,0.8483986826347305,0.1513876026479164,0.1513279265508875,2026-01-01 01:23:38
2,0.0043429189277694,0.4540061876247505,0.8756877844311377,0.1584957897693215,0.1584362787677992,2026-01-01 01:23:39
2,0.0034109790964945,0.4601787225548902,0.9184082235528944,0.1613790752303215,0.1613430232262834,2026-01-01 01:23:40
2,0.0042674119729291,0.4752851896207585,0.9335146906187626,0.15551127633189,0.1554527139082067,2026-01-01 01:23:41
2,0.0039082780532684,0.4752851896207585,0.9349766067864272,0.1557922931230423,0.1557432629656714,2026-01-01 01:23:42
2,0.0032851870477794,0.4793460678642715,0.908337245508982,0.1547407492471257,0.1547058726216394,2026-01-01 01:23:43
2,0.0044282608221057,0.5236908582834332,1.0030369261477046,0.1531857532289597,0.1531217342457143,2026-01-01 01:23:44
2,0.0040467603464945,0.5236908582834332,0.9981638722554892,0.1487157174397332,0.1486606482708608,2026-01-01 01:23:45
2,0.0037507603932759,0.4744730139720559,0.8940429540918163,0.1474095770542353,0.1473618512498427,2026-01-01 01:23:46
2,0.0037483809724301,0.4767471057884231,0.9320527744510978,0.1588785236675384,0.158834300208935,2026-01-01 01:23:47
2,0.0037371183804266,0.4767471057884231,0.9320527744510978,0.1600887571227739,0.1600451314577397,2026-01-01 01:23:48
2,0.0041389232472554,0.4252551696606786,0.8464494610778444,0.1476239740259944,0.1475659412655264,2026-01-01 01:23:49
2,0.0033170712871132,0.5124828343313372,1.0145698203592812,0.1472522338843152,0.147214868209693,2026-01-01 01:23:50
2,0.0036723981334206,0.5124828343313372,1.0145698203592812,0.1524596460476547,0.1524154098670007,2026-01-01 01:23:51
2,0.0042147474582085,0.4967266267465069,0.91710874251497,0.1502441255606251,0.1501849964854693,2026-01-01 01:23:52
2,0.0040737271160803,0.4967266267465069,0.9240934530938124,0.1535858731552521,0.1535318376762452,2026-01-01 01:23:53
2,0.0042433005083582,0.4678131736526946,0.9341644311377246,0.1562647156629943,0.1562070925471446,2026-01-01 01:23:54
2,0.0039174784805389,0.4678131736526946,0.9341644311377246,0.1616889659127284,0.1616415016642755,2026-01-01 01:23:55
2,0.0037951762490643,0.4293160479041916,0.8436880638722555,0.1570615838458528,0.1570157245546012,2026-01-01 01:23:56
2,0.0037222073431262,0.4520569660678643,0.8664289820359281,0.1435514572555357,0.1435031917856975,2026-01-01 01:23:57
2,0.0034590433975798,0.5940252694610779,1.173431377245509,0.1521335159393429,0.1520941869067978,2026-01-01 01:23:58
2,0.0037293456056636,0.5940252694610779,1.173431377245509,0.1632470987780203,0.1632044951611145,2026-01-01 01:23:59
2,0.0044399992982784,0.4442600798403193,0.8669162874251497,0.1610547178358829,0.160993504662229,2026-01-01 01:24:00
2,0.0041202051366017,0.4442600798403193,0.8576574850299401,0.1481742356788717,0.1481169403837729,2026-01-01 01:24:01
2,0.0037433048746257,0.5046859481037924,1.002874491017964,0.1423622839344216,0.1423130617885811,2026-01-01 01:24:02
2,0.0036003809958208,0.5046859481037924,1.002874491017964,0.1589896432257341,0.1589488719989266,2026-01-01 01:24:03
2,0.004008055100736,0.4462093013972055,0.8818603193612774,0.1559049276429655,0.155853398928826,2026-01-01 01:24:04
2,0.0040139243388223,0.5236908582834332,1.032275249500998,0.1473205920107484,0.1472658997928564,2026-01-01 01:24:05
2,0.003572621085953,0.5459444710578842,1.0696353293413174,0.1561647178538985,0.1561238466121172,2026-01-01 01:24:06
2,0.0042017399575848,0.5459444710578842,1.0439705788423153,0.1656290609892347,0.1655757567565507,2026-01-01 01:24:07
2,0.0042185545315618,0.4980261077844311,0.9582048303393214,0.1575697081259737,0.1575132271162291,2026-01-01 01:24:08
2,0.003945397018463,0.471386746506986,0.8969667864271458,0.1440382262726038,0.1439841813190759,2026-01-01 01:24:09
2,0.0037007925555139,0.454493493013972,0.8802359680638723,0.1455237481452364,0.145476683384999,2026-01-01 01:24:10
2,0.0039585631471432,0.5110209181636727,0.9429359281437126,0.159892168953383,0.1598431589728733,2026-01-01 01:24:11
2,0.0044472961888722,0.5110209181636727,0.9585297005988024,0.165162180011327,0.1651022933296277,2026-01-01 01:24:12
2,0.0038637035694236,0.5280766067864271,0.9775346107784432,0.1565885734054334,0.1565408991793405,2026-01-01 01:24:13
2,0.0041273433991392,0.5280766067864271,1.0109962475049898,0.1541597723167157,0.1541045114109487,2026-01-01 01:24:14
2,0.0040956177878617,0.4829196407185628,0.9327025149700598,0.1518713616645106,0.1518161269719668,2026-01-01 01:24:15
2,0.0034436564761102,0.4650517764471058,0.891443992015968,0.143818963035196,0.1437777290076374,2026-01-01 01:24:16
2,0.0044576070125374,0.4650517764471058,0.8687030738522954,0.1474299894969088,0.1473625852880588,2026-01-01 01:24:17
2,0.0042060229151072,0.4702497005988024,0.8747131736526945,0.153016364486265,0.1529585472336577,2026-01-01 01:24:18
2,0.0038308675617514,0.4702497005988024,0.9357887824351298,0.1529563566682683,0.1529083761569484,2026-01-01 01:24:19
2,0.0048976412409555,0.4957520159680638,0.9625905788423154,0.1611754566291743,0.1611010270913806,2026-01-01 01:24:20
2,0.0041046595870758,0.4957520159680638,0.9625905788423154,0.165686429927149,0.165635578399323,2026-01-01 01:24:21
2,0.0037025374641342,0.4601787225548902,0.9060631536926148,0.1622587745208734,0.1622165254385086,2026-01-01 01:24:22
2,0.0041359093141841,0.4902292215568862,0.9736361676646704,0.1698383089498023,0.1697879425668187,2026-01-01 01:24:23
2,0.0037791548153692,0.4902292215568862,0.9736361676646704,0.1584876260721901,0.1584425624852104,2026-01-01 01:24:24
2,0.0044455512802519,0.4694375249500997,0.882022754491018,0.1444354764724462,0.1443670458852615,2026-01-01 01:24:25
2,0.0039888611059131,0.5074473453093812,0.9729864271457084,0.1526350409053149,0.1525829109017287,2026-01-01 01:24:26
2,0.0036782673715069,0.5074473453093812,0.9729864271457084,0.1541566322476364,0.1541127431949633,2026-01-01 01:24:27
2,0.0046149660444735,0.6258625548902196,1.1661217964071855,0.1594208554691597,0.1593540437106228,2026-01-01 01:24:28
2,0.0036682738039545,0.6258625548902196,1.1661217964071855,0.1664055613238252,0.1663651243704538,2026-01-01 01:24:29
2,0.0035128183086951,0.4574173253493014,0.8990784431137724,0.1528107972962233,0.1527704155844237,2026-01-01 01:24:30
2,0.0042720121865643,0.4864932135728543,0.8800735329341318,0.1476542861973427,0.1475924731967204,2026-01-01 01:24:31
2,0.004240762459456,0.4864932135728543,0.9388750499001997,0.1625202229841516,0.1624648848600239,2026-01-01 01:24:32
2,0.004321028255988,0.583142115768463,1.0405594411177643,0.1679878515620859,0.1679322690469474,2026-01-01 01:24:33
2,0.0038321365862025,0.583142115768463,1.1159293413173652,0.1608310108999662,0.1607853500673794,2026-01-01 01:24:34
2,0.0039419072012225,0.5327872255489022,0.9767224351297406,0.1507329382120845,0.1506813858101426,2026-01-01 01:24:35
2,0.0044685523484281,0.4484833932135728,0.8924186027944112,0.1549104398066231,0.1548459763797263,2026-01-01 01:24:36
2,0.004173980047717,0.5246654690618763,0.9642149301397206,0.1578445432306113,0.1577893460226057,2026-01-01 01:24:37
2,0.0041238535818987,0.5246654690618763,1.01099624750499,0.1584539532663866,0.1584002813677466,2026-01-01 01:24:38
2,0.0044063701503243,0.4863307784431137,0.9185706586826348,0.1587081366722224,0.1586469556848386,2026-01-01 01:24:39
2,0.004121950045222,0.4301282235528942,0.8459621556886228,0.1553250571724794,0.1552703542646138,2026-01-01 01:24:40
2,0.0035859458426896,0.5344115768463074,1.0213920958083833,0.1624443540173424,0.1624047694635997,2026-01-01 01:24:41
2,0.0042323551724675,0.5344115768463074,1.0213920958083833,0.1624916399596788,0.1624365113713046,2026-01-01 01:24:42
2,0.0049480849628867,0.4938027944111776,0.9455348902195608,0.1582570841137296,0.1581797114910131,2026-01-01 01:24:43
2,0.0044714076534431,0.4395494610778443,0.8443378043912175,0.1580340472090227,0.1579707776484637,2026-01-01 01:24:44
2,0.0041769939807884,0.4790211976047904,0.9494333333333334,0.1544740172602634,0.1544175337512182,2026-01-01 01:24:45
2,0.0040405738522954,0.4790211976047904,0.9494333333333334,0.1491160435238294,0.1490612900760782,2026-01-01 01:24:46
2,0.0038484752760104,0.4954271457085829,0.8777994411177645,0.1434967633252333,0.1434451474357636,2026-01-01 01:24:47
2,0.0045903786957335,0.522391377245509,1.017818522954092,0.1601060048045164,0.1600401861967599,2026-01-01 01:24:48
2,0.0044420614630114,0.522391377245509,0.9960522155688624,0.1661558703520188,0.1660964820289573,2026-01-01 01:24:49
2,0.0041627174557135,0.5534164870259481,0.9806208782435132,0.1593879845949238,0.1593336167185556,2026-01-01 01:24:50
2,0.0046945973287799,0.5534164870259481,0.9828949700598804,0.1591506482087022,0.159081392944526,2026-01-01 01:24:51
2,0.0041849253836077,0.4967266267465069,0.9595043113772456,0.1612608313305853,0.1612065200944587,2026-01-01 01:24:52
2,0.0041165566913048,0.530513133732535,1.027239760479042,0.1676295813313102,0.1675790276207545,2026-01-01 01:24:53
2,0.0042712190462824,0.5815177644710579,1.112030898203593,0.1654954435273993,0.1654403170819897,2026-01-01 01:24:54
2,0.0041568482176272,0.5815177644710579,1.112030898203593,0.1602379141027105,0.1601839871175744,2026-01-01 01:24:55
2,0.0043262629818488,0.4618030738522954,0.886733373253493,0.1611233488820796,0.1610652569724092,2026-01-01 01:24:56
2,0.0036915921282435,0.4874678243512974,0.9700625948103792,0.1547968736864653,0.1547528489258346,2026-01-01 01:24:57
2,0.0040464430903817,0.5482185628742515,1.0520923353293412,0.1526992537135439,0.1526456300815374,2026-01-01 01:24:58
2,0.0047729595886352,0.5482185628742515,1.0520923353293412,0.1443956604008077,0.1443167543958449,2026-01-01 01:24:59
2,0.004159227638473,0.4387372854291417,0.8469367664670658,0.1463738596964903,0.1463147553321236,2026-01-01 01:25:00
2,0.0040664302254865,0.4387372854291417,0.8469367664670658,0.1546642545770402,0.1546107880747419,2026-01-01 01:25:01
2,0.0041573241017964,0.4679756087824351,0.8881952894211578,0.1601637011158488,0.1601097367789966,2026-01-01 01:25:02
2,0.0043364151774575,0.5157315369261477,0.9837071457085828,0.1640878404194835,0.1640305303196286,2026-01-01 01:25:03
2,0.004688093578468,0.5157315369261477,1.009047025948104,0.1586420381870014,0.158572753204091,2026-01-01 01:25:04
2,0.0038895599426147,0.5150817964071857,1.0083972854291416,0.1604293906795625,0.1603822331720958,2026-01-01 01:25:05
2,0.0042582115456586,0.5150817964071857,0.9658392814371256,0.1574259169244199,0.1573683162327372,2026-01-01 01:25:06
2,0.0045529424744261,0.4502701796407186,0.8700025548902195,0.152034218982467,0.1519660306003722,2026-01-01 01:25:07
2,0.0044782286598677,0.5686853892215569,1.0600516566866267,0.1546791072495076,0.1546142674127281,2026-01-01 01:25:08
2,0.0046555748269086,0.5901268263473054,1.0965995608782435,0.1599323459187548,0.1598645704779746,2026-01-01 01:25:09
2,0.0040848310800274,0.5901268263473054,1.0965995608782435,0.1556713003209659,0.1556176978966981,2026-01-01 01:25:10
2,0.00468888671875,0.5240157285429141,1.0205799201596806,0.1355000148301271,0.1354188626458788,2026-01-01 01:25:11
2,0.0044576070125374,0.5240157285429141,1.0205799201596806,0.1306101000226096,0.1305340107697525,2026-01-01 01:25:12
2,0.0041324194969436,0.720562235528942,1.3920690618762477,0.1586234432436798,0.1585696057117574,2026-01-01 01:25:13
2,0.0048530667571107,0.720562235528942,1.3920690618762477,0.1677196286212366,0.1676494007382566,2026-01-01 01:25:14
2,0.0047693111433383,0.5275893013972056,1.027889500998004,0.1437640754156339,0.1436849437182967,2026-01-01 01:25:15
2,0.0046668374189121,0.608481996007984,1.0673612375249502,0.1400886466973032,0.1400108908692009,2026-01-01 01:25:16
2,0.0043939971619261,0.608481996007984,1.1118684630738522,0.1528972030558419,0.1528340521325021,2026-01-01 01:25:17
2,0.0044406338105039,0.6006851097804391,1.1149547305389222,0.1632097682548806,0.1631493463829164,2026-01-01 01:25:18
2,0.004983459019461,0.6006851097804391,1.1149547305389222,0.1569690904271783,0.1568899629859636,2026-01-01 01:25:19
2,0.0039471419270833,0.4741481437125748,0.8773121357285429,0.1445752493195031,0.1445213575441497,2026-01-01 01:25:20
2,0.00415716547374,0.4741481437125748,0.907037764471058,0.1498594279628776,0.1498017560797765,2026-01-01 01:25:21
2,0.0051019541775823,0.6222889820359282,1.1401321756487026,0.1520390878124785,0.1519534609228114,2026-01-01 01:25:22
2,0.0042168096229416,0.6222889820359282,1.1401321756487026,0.1538096846667414,0.1537518702776857,2026-01-01 01:25:23
2,0.0043011997489396,0.5282390419161677,1.0384477844311375,0.1571015841039505,0.1570426929490524,2026-01-01 01:25:24
2,0.0044068460344935,0.5282390419161677,1.0384477844311375,0.1565800798875554,0.1565180536731195,2026-01-01 01:25:25
2,0.0047164880005613,0.4122603592814371,0.8163989620758483,0.1530706916512222,0.1529980110443404,2026-01-01 01:25:26
2,0.0048483079154191,0.5129701397205588,0.8977789620758483,0.1514327038927928,0.1513550716647432,2026-01-01 01:25:27
2,0.0036273477654066,0.5129701397205588,0.9135351696606786,0.1492645356620126,0.1492204542098202,2026-01-01 01:25:28
2,0.0045965651899326,0.5526043113772454,1.0478690219560878,0.1487872312504606,0.1487162122017393,2026-01-01 01:25:29
2,0.0047218813544785,0.5526043113772454,1.0478690219560878,0.1407123741266397,0.1406331257877377,2026-01-01 01:25:30
2,0.0041252812344061,0.5212543313373253,0.9567429141716568,0.1520838949640217,0.152027935466363,2026-01-01 01:25:31
2,0.0050848223474925,0.5301882634730539,1.0399097005988025,0.1650083908990434,0.1649300265227225,2026-01-01 01:25:32
2,0.0047309231536926,0.5301882634730539,1.0399097005988025,0.1547153573447467,0.1546430087796617,2026-01-01 01:25:33
2,0.0040515191881861,0.4657015169660679,0.9190579640718564,0.1512920059217389,0.1512377474312918,2026-01-01 01:25:34
2,0.0044382543896581,0.530513133732535,0.9830574051896208,0.1534329178839104,0.153368713199086,2026-01-01 01:25:35
2,0.0040716649513473,0.530513133732535,0.9344893013972057,0.1486485378940488,0.148592763493255,2026-01-01 01:25:36
2,0.0046168695811501,0.4312652694610778,0.8152619161676646,0.145673292753626,0.1456001124208161,2026-01-01 01:25:37
2,0.0045366037846182,0.5566651896207585,1.1016350499001994,0.1682385755477889,0.1681773989822962,2026-01-01 01:25:38
2,0.0040193176927395,0.5566651896207585,1.1016350499001994,0.1689826780533952,0.1689348707857032,2026-01-01 01:25:39
2,0.0051458941492015,0.4663512574850299,0.8945302594810378,0.1433291705893239,0.1432367652358455,2026-01-01 01:25:40
2,0.0042980271878118,0.4143720159680639,0.8248455888223554,0.1364325272074405,0.1363648101326065,2026-01-01 01:25:41
2,0.0040477121148328,0.4593665469061876,0.8851090219560879,0.148393874434711,0.1483386598172581,2026-01-01 01:25:42
2,0.0046971353776821,0.4593665469061876,0.8855963273453094,0.1582118351778809,0.158142093414741,2026-01-01 01:25:43
2,0.0042769296563123,0.4262297804391217,0.8456372854291416,0.1480063272807306,0.1479445192896502,2026-01-01 01:25:44
2,0.00460370345247,0.4194075049900199,0.832317604790419,0.1422674922415111,0.142192985984577,2026-01-01 01:25:45
2,0.00447505609874,0.5435079441117764,1.0623257485029938,0.1491687944866802,0.1491016536512005,2026-01-01 01:25:46
2,0.0041735041635479,0.5435079441117764,1.0623257485029938,0.1511398708071488,0.1510822372438218,2026-01-01 01:25:47
2,0.004563570554204,0.4294784830339321,0.8490484231536926,0.1470456993923223,0.1469748670132891,2026-01-01 01:25:48
2,0.0046833347367764,0.5258025149700598,0.9453724550898204,0.1458962674159749,0.1458210794832385,2026-01-01 01:25:49
2,0.0048406937687125,0.5805431536926148,1.1311982435129742,0.1485509036777892,0.1484720130776347,2026-01-01 01:25:50
2,0.0047320335500873,0.5805431536926148,1.1311982435129742,0.1456667057507241,0.1455898245851985,2026-01-01 01:25:51
2,0.0043150003898453,0.4567675848303393,0.8875455489021956,0.1528152198496755,0.1527542869753262,2026-01-01 01:25:52
2,0.0043130968531686,0.4567675848303393,0.8875455489021956,0.1529157592299945,0.152854920157713,2026-01-01 01:25:53
2,0.0043286424026946,0.5946750099800399,1.050467984031936,0.147582784798818,0.1475192910229839,2026-01-01 01:25:54
2,0.0042149060862649,0.5946750099800399,1.050467984031936,0.1459979814231507,0.1459371273744917,2026-01-01 01:25:55
2,0.0047686766311127,0.4871429540918163,0.8760126546906187,0.1471821758038747,0.1471049033769798,2026-01-01 01:25:56
2,0.0049702928907809,0.4871429540918163,0.8760126546906187,0.1516198457530518,0.1515383575691616,2026-01-01 01:25:57
2,0.0044249296329216,0.4747978842315369,0.9240934530938124,0.1499078101438224,0.1498424891005885,2026-01-01 01:25:58
2,0.0041682694376871,0.4492955688622754,0.8555458283433134,0.1493823896676064,0.1493242239983167,2026-01-01 01:25:59
2,0.0043962179547155,0.5051732534930139,0.9455348902195608,0.1460257258333389,0.1459595350528636,2026-01-01 01:26:00
2,0.0043708374656936,0.5051732534930139,0.9492708982035928,0.144930143325301,0.1448642199583485,2026-01-01 01:26:01
2,0.0041998364209081,0.4782090219560878,0.934651736526946,0.151684386573227,0.1516262329022712,2026-01-01 01:26:02
2,0.0044886981115893,0.5383100199600799,0.9947527345309382,0.1553885413241457,0.1553236954366872,2026-01-01 01:26:03
2,0.0045183615581337,0.5383100199600799,0.9624281437125748,0.1455623226051214,0.1454921790716855,2026-01-01 01:26:04
2,0.0045542114988772,0.4380875449101796,0.8753629141716568,0.1494152378159192,0.1493458149705279,2026-01-01 01:26:05
2,0.0041541515406686,0.4847064271457086,0.96713876247505,0.1486224791094215,0.1485644113561777,2026-01-01 01:26:06
2,0.0039157335719186,0.4847064271457086,0.96713876247505,0.1480291907166414,0.1479773912961623,2026-01-01 01:26:07
2,0.0047615383685753,0.5188178043912175,0.9864685429141716,0.1471765760859659,0.1470995319528676,2026-01-01 01:26:08
2,0.0044434891155189,0.5188178043912175,1.0170063473053892,0.1542969238161486,0.1542329280783018,2026-01-01 01:26:09
2,0.004057229798216,0.4981885429141716,0.9648646706586826,0.1623559798819741,0.1623052774551723,2026-01-01 01:26:10
2,0.0046830174806636,0.4302906586826347,0.8414139720558882,0.152987603334935,0.1529159119301953,2026-01-01 01:26:11
2,0.0043825759418662,0.4312652694610778,0.8535966067864271,0.1505446393290685,0.1504808341910461,2026-01-01 01:26:12
2,0.0042839092907934,0.4635898602794411,0.925880239520958,0.1570131409651957,0.1569546895028775,2026-01-01 01:26:13
2,0.0043400636227544,0.4635898602794411,0.925880239520958,0.153051713428594,0.152990165798913,2026-01-01 01:26:14
2,0.004402563076971,0.5565027544910179,0.9882553293413174,0.1562903496170874,0.1562283291269055,2026-01-01 01:26:15
2,0.0049445951456462,0.5565027544910179,0.997839001996008,0.1624891206926489,0.1624138704739096,2026-01-01 01:26:16
2,0.0043276906343562,0.44133624750499,0.8737385628742516,0.1456825403931757,0.145618246347024,2026-01-01 01:26:17
2,0.0045250239365019,0.4561178443113772,0.908986986027944,0.1394127030757059,0.1393392476556732,2026-01-01 01:26:18
2,0.0053227644320733,0.4869805189620759,0.968438243512974,0.1594808564095343,0.1593920065119929,2026-01-01 01:26:19
2,0.0041676349254615,0.5043610778443114,0.9858188023952096,0.1673595816236597,0.1673076817733557,2026-01-01 01:26:20
2,0.0045110646675399,0.5465942115768464,1.023828622754491,0.1622052446143164,0.1621425042237706,2026-01-01 01:26:21
2,0.00519031000499,0.5465942115768464,1.025940279441118,0.1615266048230902,0.1614431935627106,2026-01-01 01:26:22
2,0.0049928180747879,0.4793460678642715,0.9348141716566868,0.1533459030078844,0.1532646004039274,2026-01-01 01:26:23
2,0.0051014782934131,0.4171334131736527,0.8303683832335329,0.1449784021099218,0.1448886192824268,2026-01-01 01:26:24
2,0.0044872704590818,0.4621279441117765,0.8792613572854292,0.136170113356162,0.1360961578269462,2026-01-01 01:26:25
2,0.0044978985388597,0.4621279441117765,0.8922561676646708,0.1353037120515888,0.1352289296107655,2026-01-01 01:26:26
2,0.0049338084378118,0.450107744510978,0.895504870259481,0.1457550849951507,0.1456715563733792,2026-01-01 01:26:27
2,0.0050881535366766,0.450107744510978,0.8496981636726546,0.150301279879816,0.1502151304865724,2026-01-01 01:26:28
2,0.0046984044021332,0.5335994011976047,0.97964626746507,0.1492697787046696,0.1491958170680903,2026-01-01 01:26:29
2,0.0047504344046282,0.5335994011976047,0.97964626746507,0.1396020471395691,0.1395211988857815,2026-01-01 01:26:30
2,0.005143197472243,0.4289911776447105,0.8233836726546906,0.1315993156177058,0.1314987733433664,2026-01-01 01:26:31
2,0.0047640764174775,0.4289911776447105,0.8445002395209581,0.1330709942869425,0.1329856875622483,2026-01-01 01:26:32
2,0.0045489767730164,0.4674883033932135,0.8946926946107785,0.1426661498745604,0.1425936083081885,2026-01-01 01:26:33
2,0.0054011266919286,0.4674883033932135,0.8946926946107785,0.1519502166254037,0.1518541937615318,2026-01-01 01:26:34
2,0.0050680077735154,0.4902292215568862,0.9146722155688622,0.1616755267564691,0.161596074361939,2026-01-01 01:26:35
2,0.0042958063950224,0.4902292215568862,0.8784491816367266,0.1617234935666678,0.1616664294738537,2026-01-01 01:26:36
2,0.004616393696981,0.4590416766467066,0.9007027944111776,0.1533888217882243,0.153319338502402,2026-01-01 01:26:37
2,0.0048037334315743,0.4590416766467066,0.9007027944111776,0.1514501300725574,0.1513739278875756,2026-01-01 01:26:38
2,0.0053395790060504,0.4319150099800399,0.810063992015968,0.14403282186298,0.1439338135041626,2026-01-01 01:26:39
2,0.0050270817349675,0.480158243512974,0.9026520159680638,0.1425716691927865,0.1424830140951802,2026-01-01 01:26:40
2,0.0048467216348552,0.480158243512974,0.9216569261477046,0.1493391026263942,0.149260433011066,2026-01-01 01:26:41
2,0.0051433561002994,0.4708994411177644,0.913372734530938,0.1513480143289725,0.1512605941061596,2026-01-01 01:26:42
2,0.0042655084362524,0.4424732934131736,0.865129500998004,0.1537152812979481,0.153656087228224,2026-01-01 01:26:43
3,0.0341161360872006,2.956725449101796,5.797715868263473,0.6457791512049204,0.6448773537576172,2026-01-01 01:26:44
3,0.0332670794153879,3.547583233532934,6.416187624750499,0.6857313535691123,0.6849239305900306,2026-01-01 01:26:45
3,0.0344889120197105,3.547583233532934,6.520958283433133,0.696445094787869,0.6955906015766605,2026-01-01 01:26:46
3,0.0353466932346245,3.149617165668663,6.122992215568862,0.6782615551073746,0.6773399061136525,2026-01-01 01:26:47
3,0.0346289012794722,3.1053535928143714,5.964617964071857,0.6434011402055206,0.642468572316141,2026-01-01 01:26:48
3,0.0346788691172342,3.325047105788423,6.407659780439122,0.6927236392394807,0.6918550544716284,2026-01-01 01:26:49
3,0.033625975392964,3.325047105788423,6.407659780439122,0.7306251160030061,0.7298509121137534,2026-01-01 01:26:50
3,0.0334007235528942,3.151647604790419,6.21314371257485,0.6708975863719173,0.6700656408634958,2026-01-01 01:26:51
3,0.0345551392332522,3.151647604790419,6.045835528942115,0.6657443309445658,0.6648469421884995,2026-01-01 01:26:52
3,0.034110980675368,3.019669061876248,6.023500698602795,0.6847765070769946,0.6839263890521653,2026-01-01 01:26:53
3,0.0341791907396145,3.256012175648703,6.27568123752495,0.695561432843988,0.6947211597327136,2026-01-01 01:26:54
3,0.0348097372637537,3.4923552894211576,6.704916067864271,0.686267494138699,0.6853840935585227,2026-01-01 01:26:55
3,0.0335165220340568,3.4923552894211576,6.704916067864271,0.6527857809510991,0.6519247798348188,2026-01-01 01:26:56
3,0.0331259004452033,3.132155389221557,6.2285750499002,0.6977578468201634,0.6969710808339218,2026-01-01 01:26:57
3,0.0334423634176958,3.132155389221557,6.2285750499002,0.698425371855708,0.6976242601722096,2026-01-01 01:26:58
3,0.0330251716293974,2.948197604790419,5.870811676646706,0.6649945896613293,0.6641740301439741,2026-01-01 01:26:59
3,0.034533327875499,3.209312075848304,6.157509680638722,0.6665471570495892,0.6656519825229494,2026-01-01 01:27:00
3,0.0327670044676272,3.209312075848304,6.241975948103793,0.6737823645054336,0.6729851396106392,2026-01-01 01:27:01
3,0.0324295232776634,3.032663872255489,5.894364770459082,0.706815028618248,0.7060706839266152,2026-01-01 01:27:02
3,0.0327967472281998,3.10494750499002,6.11284001996008,0.6603630783843755,0.6595481549246713,2026-01-01 01:27:03
3,0.0322213239536551,3.10494750499002,6.11284001996008,0.6605674191497412,0.659781101218293,2026-01-01 01:27:04
3,0.03389881564995,3.132155389221557,6.209895009980039,0.6751791260867152,0.6743276077699556,2026-01-01 01:27:05
3,0.0321971331750561,3.132155389221557,6.209895009980039,0.6635839623513078,0.6628023986869462,2026-01-01 01:27:06
3,0.0322816026150823,3.0988561876247505,6.105124351297405,0.6777460647900114,0.6769768286071157,2026-01-01 01:27:07
3,0.0326460505746319,3.0988561876247505,6.105124351297405,0.6554545189861273,0.6546410175364923,2026-01-01 01:27:08
3,0.0317474226351983,2.894594011976048,5.726650499001996,0.6485432377328656,0.6477657233638179,2026-01-01 01:27:09
3,0.0324981299120508,2.894594011976048,5.726650499001996,0.6612152214897196,0.6604161117673601,2026-01-01 01:27:10
3,0.0312877978418163,2.9798724550898203,5.838730738522954,0.659283462165611,0.6585406268342783,2026-01-01 01:27:11
3,0.0315193948041417,3.239362574850299,6.098220858283433,0.6618955766523917,0.6611446756521472,2026-01-01 01:27:12
3,0.0313932854993138,3.239362574850299,6.058830339321357,0.6236000632572177,0.6228093612976322,2026-01-01 01:27:13
3,0.0305922138145583,3.0582474051896207,5.939846606786427,0.6711466294923412,0.6704490396240823,2026-01-01 01:27:14
3,0.0314876691928642,3.366874151696607,6.248473353293413,0.6674296224365441,0.6666864537356286,2026-01-01 01:27:15
3,0.0312679693347679,3.366874151696607,6.137205289421158,0.6210226842875421,0.6202350268191762,2026-01-01 01:27:16
3,0.0311660508085391,3.05175,5.718122654690618,0.6327733678462562,0.6320053894805747,2026-01-01 01:27:17
3,0.0309027282349363,3.0200751497005984,5.686447804391217,0.6513721794462537,0.6506387150671256,2026-01-01 01:27:18
3,0.0296689985263847,3.1666728542914173,5.888679540918163,0.6754895933212023,0.6748377147223505,2026-01-01 01:27:19
3,0.0293660189386851,3.1666728542914173,5.888679540918163,0.6070990628145436,0.6063884143038932,2026-01-01 01:27:20
3,0.0297927284103667,3.1646424151696606,5.884212574850299,0.5945501876882355,0.5938032662540533,2026-01-01 01:27:21
3,0.0289539825622193,3.1646424151696606,5.884212574850299,0.6802433659571681,0.6796268857413782,2026-01-01 01:27:22
3,0.0293929857082709,2.93601497005988,5.648681636726547,0.6633007293722479,0.6626491605494641,2026-01-01 01:27:23
3,0.0300861903146831,2.839366067864272,5.400561976047904,0.618156584930517,0.6174239909861845,2026-01-01 01:27:24
3,0.028746576378493,2.989618562874252,5.685229540918164,0.6052686505784334,0.6045856214958748,2026-01-01 01:27:25
3,0.0293929857082709,2.989618562874252,5.757107085828343,0.6721701997897629,0.6715272368836303,2026-01-01 01:27:26
3,0.0305101237953779,2.871447005988024,5.638935528942115,0.6750133528510971,0.6743234823682699,2026-01-01 01:27:27
3,0.0283789558578156,2.712666666666667,5.301882634730539,0.6131996325773351,0.6125425897498058,2026-01-01 01:27:28
3,0.0277579270170596,2.8803809381237526,5.511423952095809,0.6402769325980243,0.6396749548832207,2026-01-01 01:27:29
3,0.0281656011219748,3.0623082834331337,5.942689221556886,0.6602258447019702,0.6596247910182484,2026-01-01 01:27:30
3,0.0274022036006112,3.0623082834331337,5.917511776447105,0.6404012315372908,0.639814704889087,2026-01-01 01:27:31
3,0.028236983747349,2.767894610778443,5.424927245508982,0.6155487882491195,0.6149007915621928,2026-01-01 01:27:32
3,0.0284820640944673,3.127688423153693,6.19405758483034,0.6554283472116562,0.6548092014881298,2026-01-01 01:27:33
3,0.0280819248222305,3.3295140718562872,6.511212175648702,0.6808050185999481,0.6802256087866395,2026-01-01 01:27:34
3,0.027951849815993,3.3295140718562872,6.511212175648702,0.650066262557208,0.6494650412508444,2026-01-01 01:27:35
3,0.0273018713549463,3.10494750499002,6.169692315369261,0.6536351155066273,0.6530646767693686,2026-01-01 01:27:36
3,0.0273982378992015,3.314488822355289,6.419436327345309,0.6561662583452824,0.6555940017654727,2026-01-01 01:27:37
3,0.0276750438575973,3.314488822355289,6.226544610778444,0.6558000623088396,0.6552158527323327,2026-01-01 01:27:38
3,0.0264448832803143,3.1942868263473057,6.106342614770459,0.6697752011803008,0.6692529329516629,2026-01-01 01:27:39
3,0.0272538863678892,3.248702594810379,6.136799201596807,0.6571004066449707,0.6565349724811558,2026-01-01 01:27:40
3,0.0280176804593937,3.248702594810379,6.136799201596807,0.6657946993649297,0.6652049242783102,2026-01-01 01:27:41
3,0.0269647867351235,3.038349101796407,5.925633532934132,0.6718990193520712,0.6713577231868298,2026-01-01 01:27:42
3,0.0272154190642153,3.1427136726546907,6.199336726546907,0.6888874013551057,0.6883496006470474,2026-01-01 01:27:43
3,0.0264964373986402,3.1427136726546907,6.199336726546907,0.701686170551355,0.7011857248605431,2026-01-01 01:27:44
3,0.0265095242132921,3.283626147704591,6.503496506986028,0.6549321560452932,0.6543954264419345,2026-01-01 01:27:45
3,0.0273708745594748,3.283626147704591,6.503496506986028,0.6651590365135528,0.6645956508144538,2026-01-01 01:27:46
3,0.0265245938786489,3.236113872255489,6.462887724550899,0.7054502126286638,0.7049513801797963,2026-01-01 01:27:47
3,0.0256446047358408,3.226773852295409,6.324005688622755,0.7154194011870266,0.7149596309182401,2026-01-01 01:27:48
3,0.0260320537635666,3.199972055888224,6.181468862275449,0.6974890564870362,0.6970030961882643,2026-01-01 01:27:49
3,0.0256826754693737,3.107384031936128,6.169286227544911,0.6648033926263964,0.6643071210127898,2026-01-01 01:27:50
3,0.026187905828967,3.107384031936128,6.169286227544911,0.732385229471984,0.7319168791174473,2026-01-01 01:27:51
3,0.0260713142075224,2.994491616766467,5.877309081836327,0.7131254011944552,0.7126486682820964,2026-01-01 01:27:52
3,0.0248082383085391,3.4253507984031937,6.379233632734531,0.6672492935912022,0.6667879506334717,2026-01-01 01:27:53
3,0.0270218928354229,3.4253507984031937,6.409690219560878,0.6834774930846496,0.6829431168559122,2026-01-01 01:27:54
3,0.0250065233790232,3.2328651696606787,6.367457085828344,0.7096028987426294,0.70916214485295,2026-01-01 01:27:55
3,0.0234523649965693,3.2328651696606787,6.367457085828344,0.7011480130664937,0.7007556798222613,2026-01-01 01:27:56
3,0.0252353443503617,2.9047462075848305,5.766447105788423,0.6612989776890692,0.6608173085567044,2026-01-01 01:27:57
3,0.0242431258576596,3.098044011976048,6.002790219560879,0.6946968842655722,0.6942737441794437,2026-01-01 01:27:58
3,0.0248149800009356,3.2426112774451097,6.255782934131736,0.7183253946731432,0.7178966425606684,2026-01-01 01:27:59
3,0.0248927077485653,3.2426112774451097,6.255782934131736,0.6820019059248311,0.6815474692096264,2026-01-01 01:28:00
3,0.0259808962153817,3.260073053892216,6.497405189620759,0.7082716292089061,0.7077949517862385,2026-01-01 01:28:01
3,0.025120339009481,3.260073053892216,6.497405189620759,0.7047308807235884,0.7042830274921391,2026-01-01 01:28:02
3,0.0239734581618013,3.1293127744510976,6.222077644710579,0.702254738741816,0.7018454184427654,2026-01-01 01:28:03
3,0.0246004355546719,3.127688423153693,6.220453293413174,0.6882306057230553,0.6877908004796546,2026-01-01 01:28:04
3,0.0244529114622317,3.206063373253493,6.393852794411178,0.6958142364160006,0.6953844308871189,2026-01-01 01:28:05
3,0.0249847120212699,3.206063373253493,6.393852794411178,0.7190203571035333,0.7185861382565815,2026-01-01 01:28:06
3,0.024872086101235,3.347788023952096,6.145733133732535,0.6827093215344476,0.6822561081023742,2026-01-01 01:28:07
3,0.0247416145248565,3.347788023952096,6.145733133732535,0.7003814253925575,0.6999442788862654,2026-01-01 01:28:08
3,0.0238953338440306,3.312052295409182,6.382482335329342,0.6876386614272066,0.687223356493275,2026-01-01 01:28:09
3,0.0237799319330089,3.312052295409182,6.382482335329342,0.6806652980171191,0.6802497796853704,2026-01-01 01:28:10
3,0.0253880238546344,3.4635230538922155,6.545323552894212,0.7172499060143636,0.7168004435841052,2026-01-01 01:28:11
3,0.0245508642870509,3.4635230538922155,6.545323552894212,0.7035163562213672,0.7030878455312313,2026-01-01 01:28:12
3,0.0240654624345059,3.10494750499002,5.992638023952096,0.6939953029403011,0.6935779220974481,2026-01-01 01:28:13
3,0.024263350934849,3.10494750499002,5.992638023952096,0.668008617343557,0.6675678262518822,2026-01-01 01:28:14
3,0.0241412073314308,3.211748602794411,6.184311477045908,0.6795242249295366,0.6790952616346754,2026-01-01 01:28:15
3,0.0235348515858907,3.211748602794411,6.184311477045908,0.7243390427699994,0.7239566006618001,2026-01-01 01:28:16
3,0.0236990316242514,2.950228043912176,5.874466467065869,0.6801165958645733,0.6797035676458438,2026-01-01 01:28:17
3,0.0249787634691554,3.206469461077844,6.240351596806387,0.6727422022003708,0.6722783143884359,2026-01-01 01:28:18
3,0.0241495353043912,3.206469461077844,6.240351596806387,0.6663920832751947,0.6659543592442623,2026-01-01 01:28:19
3,0.0240757732581711,3.2353016966067867,6.222889820359281,0.6841255761030041,0.6837018070915772,2026-01-01 01:28:20
3,0.0230637262584206,3.2353016966067867,6.222889820359281,0.6659294210214155,0.6655299079027135,2026-01-01 01:28:21
3,0.0234119148421906,3.116317964071856,5.927257884231537,0.6421248133097255,0.6416978713627401,2026-01-01 01:28:22
3,0.024797927484874,3.3006818363273456,6.231011576846308,0.6843864481071518,0.6839370388750547,2026-01-01 01:28:23
3,0.0245524505676147,3.3006818363273456,6.231011576846308,0.675451593550152,0.6750052091655031,2026-01-01 01:28:24
3,0.0240166843071669,2.7041388223552896,5.300258283433134,0.622683334226976,0.6222200041777134,2026-01-01 01:28:25
3,0.0244025470543288,3.0671813373253496,6.114058283433134,0.6557299445091731,0.6552757250373804,2026-01-01 01:28:26
3,0.0238572631104977,3.0671813373253496,6.114058283433134,0.6968889884398534,0.6964805045409372,2026-01-01 01:28:27
3,0.0231216254990019,3.1577389221556884,6.129083532934132,0.6912075827285594,0.6908207530580868,2026-01-01 01:28:28
3,0.0235669737673091,3.1577389221556884,6.149387924151696,0.6239492884323373,0.6235040595558871,2026-01-01 01:28:29
3,0.0231053661232223,3.057029141716567,5.919542215568862,0.6581384786312552,0.6577327718088669,2026-01-01 01:28:30
3,0.0230066201581212,3.057029141716567,5.919542215568862,0.682217776703937,0.6818297370163336,2026-01-01 01:28:31
3,0.0241332759286115,3.241799101796407,6.261062075848303,0.643443893013608,0.6429911573649058,2026-01-01 01:28:32
3,0.0245917110115706,3.241799101796407,6.261062075848303,0.645844252088117,0.6453758948897786,2026-01-01 01:28:33
3,0.0236760305560753,2.92017754491018,5.718934830339322,0.6506831387515767,0.6502522530777662,2026-01-01 01:28:34
3,0.0231017969919535,3.2015964071856287,6.0003536926147705,0.6824106406161411,0.6820194934178015,2026-01-01 01:28:35
3,0.022637016786739,3.2015964071856287,5.9954806387225545,0.6539432716528968,0.6535513507071126,2026-01-01 01:28:36
3,0.0227587638200162,2.9368271457085826,5.708376546906187,0.6284414035424801,0.628029168395726,2026-01-01 01:28:37
3,0.0242292459027257,3.061496107784431,6.073043413173652,0.6752941822069408,0.6748593751038258,2026-01-01 01:28:38
3,0.0232632010393275,3.061496107784431,6.073043413173652,0.6673292592711529,0.6669236566180491,2026-01-01 01:28:39
3,0.0221936513691367,2.914492315369261,5.707970459081836,0.6474958463108309,0.647115378297166,2026-01-01 01:28:40
3,0.0226818292126684,2.6793674650698605,5.196299800399202,0.6271188280099117,0.6267085120437511,2026-01-01 01:28:41
3,0.0231434368567552,3.278347005988024,6.284615169660679,0.6607985873477559,0.6603931816510881,2026-01-01 01:28:42
3,0.022810714508483,3.278347005988024,6.284615169660679,0.6786906615665164,0.6783072205138377,2026-01-01 01:28:43
3,0.0226449481895583,2.99855249500998,5.870811676646706,0.629829601392686,0.6294223805299283,2026-01-01 01:28:44
3,0.0235697497582959,3.466771756487026,6.524613073852295,0.6632324872642805,0.6628135477335202,2026-01-01 01:28:45
3,0.0233183242889221,3.466771756487026,6.524613073852295,0.6569112282222194,0.6564972334418336,2026-01-01 01:28:46
3,0.022500200088105,2.7041388223552896,5.357922754491018,0.6518651801686092,0.6514767487119156,2026-01-01 01:28:47
3,0.0210158380504615,3.1427136726546907,6.068576447105789,0.6518619343139965,0.6515230740032328,2026-01-01 01:28:48
3,0.0220933191234718,3.32707754491018,6.46979121756487,0.6519601441244504,0.6515856925814766,2026-01-01 01:28:49
3,0.0225862558086951,3.32707754491018,6.128677445109781,0.6462997793942457,0.6459049975759552,2026-01-01 01:28:50
3,0.0218256342783183,2.8024120758483035,5.604011976047905,0.6344406439636854,0.6340651168463732,2026-01-01 01:28:51
3,0.0226282922436377,3.330732335329341,6.410502395209582,0.6579740691096786,0.6575848508070153,2026-01-01 01:28:52
3,0.0210043375163735,3.330732335329341,6.410502395209582,0.6554424480947638,0.6551058086828078,2026-01-01 01:28:53
3,0.021394562535086,3.2020024950099804,6.116900898203593,0.638288993349082,0.6379303345385895,2026-01-01 01:28:54
3,0.0235019362641903,3.2020024950099804,6.180656686626747,0.6653755545339608,0.664960365407751,2026-01-01 01:28:55
3,0.0215722259582397,3.108602295409181,6.0872564870259485,0.6549375848172015,0.6545822171991809,2026-01-01 01:28:56
3,0.0206240267511851,3.1573328343313376,6.26593512974052,0.6425535407986829,0.6422224710437116,2026-01-01 01:28:57
3,0.0202349914428954,3.1573328343313376,6.207458483033932,0.6298365115552905,0.6295113790944875,2026-01-01 01:28:58
3,0.0209551628188934,3.340884530938124,6.260655988023952,0.6579764839783921,0.6576427104589552,2026-01-01 01:28:59
3,0.0222356878040793,3.340884530938124,6.260655988023952,0.6980503556397148,0.6976961180891089,2026-01-01 01:29:00
3,0.0206644769055638,3.323828842315369,6.348370958083832,0.6505488677719267,0.6502205846891923,2026-01-01 01:29:01
3,0.0207556880379865,3.323828842315369,6.348370958083832,0.6360422575506661,0.6357035117129822,2026-01-01 01:29:02
3,0.0210424082499064,3.0659630738522954,5.8756847305389215,0.6674848376703011,0.6671530750695769,2026-01-01 01:29:03
3,0.0210067169372193,3.197535528942116,6.2740568862275445,0.6848071212372204,0.6844848509212813,2026-01-01 01:29:04
3,0.0218165131650761,3.197535528942116,6.2740568862275445,0.6647404375169275,0.6643823364776597,2026-01-01 01:29:05
3,0.0212609183975798,2.8815992015968064,5.6710164670658685,0.6302496451377971,0.6298909338490359,2026-01-01 01:29:06
3,0.0202266634699351,3.199972055888224,6.223295908183633,0.7001158982624257,0.6998236585631249,2026-01-01 01:29:07
3,0.0203987749111152,3.199972055888224,6.223295908183633,0.6773352963232208,0.6770280597046114,2026-01-01 01:29:08
3,0.0202920975431948,3.4087011976047905,6.60420628742515,0.6180150751072384,0.6176818467763991,2026-01-01 01:29:09
3,0.0186276926615518,3.4087011976047905,6.692733433133732,0.6688264706939511,0.6685670175584744,2026-01-01 01:29:10
3,0.0197218296804827,3.284032235528942,6.378015369261477,0.7031306853912308,0.7028540461381694,2026-01-01 01:29:11
3,0.0206149056379428,3.093983133732535,5.922384830339322,0.6810534240331806,0.6807413547397116,2026-01-01 01:29:12
3,0.0193657096938934,2.74474760479042,5.399343712574851,0.640712288803001,0.6404195549100855,2026-01-01 01:29:13
3,0.0192919476476734,3.0582474051896207,6.064515568862275,0.6886250566342987,0.6883547699991266,2026-01-01 01:29:14
3,0.0186851953319922,3.5041318363273453,6.562379241516966,0.7176011866207431,0.717357878966213,2026-01-01 01:29:15
3,0.0189096540317801,3.5041318363273453,6.481161676646707,0.6642224889590989,0.6639532662947134,2026-01-01 01:29:16
3,0.0198598360895396,3.3376358283433136,6.512836526946108,0.6864275130756821,0.6861401588726331,2026-01-01 01:29:17
3,0.0187783893151197,3.3376358283433136,6.512836526946108,0.6956852269548671,0.6954317415088089,2026-01-01 01:29:18
3,0.0179543165621881,3.016420359281437,5.96908493013972,0.6763076391590497,0.6760692755196557,2026-01-01 01:29:19
3,0.0164140381346681,3.081800499001996,6.098220858283433,0.6848237428131976,0.6846270065318708,2026-01-01 01:29:20
3,0.0189033089095247,3.081800499001996,6.052332934131737,0.6916331703644675,0.6913747950718738,2026-01-01 01:29:21
3,0.0204106720153443,3.3595645708582835,6.330097005988025,0.7031007093099007,0.7028043909225151,2026-01-01 01:29:22
3,0.018650693729728,3.630425149700599,6.756895309381237,0.6697573485807214,0.6694976158294201,2026-01-01 01:29:23
3,0.0192102541986339,3.630425149700599,6.756895309381237,0.7000376604136205,0.6997740293344697,2026-01-01 01:29:24
3,0.0174296542656873,3.3043366267465077,6.271620359281437,0.6942957533497633,0.6940769411756121,2026-01-01 01:29:25
3,0.0182168459955089,3.3043366267465077,6.380451896207585,0.6674142778342432,0.6671656202015961,2026-01-01 01:29:26
3,0.0183187645217377,3.301900099800399,6.389791916167664,0.7051829649496051,0.7049449885781961,2026-01-01 01:29:27
3,0.0181077892067427,3.301900099800399,6.54776007984032,0.7111049117917126,0.7108743233120352,2026-01-01 01:29:28
3,0.0194438340116641,3.24585998003992,6.491313872255489,0.7092453414766402,0.7089787667661442,2026-01-01 01:29:29
3,0.0183425587301958,3.1926624750499,6.374360578842316,0.6697458455347867,0.669494621449893,2026-01-01 01:29:30
3,0.0181331696957647,3.230428642714571,6.179032335329342,0.675498624762137,0.6752551963608446,2026-01-01 01:29:31
3,0.0183171782411738,3.430223852295409,6.666743812375249,0.7473171194267454,0.7470926033428316,2026-01-01 01:29:32
3,0.0185095147595434,3.430223852295409,6.666743812375249,0.7148550093609525,0.7146153386765596,2026-01-01 01:29:33
3,0.0183818191741516,2.898654890219561,5.724213972055889,0.6807403966014104,0.680492172099646,2026-01-01 01:29:34
3,0.0177469103784618,3.2641339321357283,6.317102195608783,0.6662209845727981,0.6659845699842959,2026-01-01 01:29:35
3,0.0181494290715444,3.2641339321357283,6.317102195608783,0.7114597711977834,0.7112282364031811,2026-01-01 01:29:36
3,0.0176025588471494,2.948197604790419,5.879745608782435,0.7102834114053252,0.7100652606906067,2026-01-01 01:29:37
3,0.0175866960415107,3.278347005988024,6.177407984031936,0.6549999150971609,0.6547637718289181,2026-01-01 01:29:38
3,0.0183425587301958,3.278347005988024,6.211925449101797,0.6939208350545734,0.6936783662923802,2026-01-01 01:29:39
3,0.0179820764720558,3.346163672654691,6.402786726546907,0.7076223820016113,0.7073938651383594,2026-01-01 01:29:40
3,0.0174280679851235,3.346163672654691,6.402786726546907,0.6650937078894239,0.6648653267545301,2026-01-01 01:29:41
3,0.0183060742772267,3.091546606786427,6.167255788423153,0.6757969883922942,0.6755490042659018,2026-01-01 01:29:42
3,0.0181553776236589,3.1386527944111773,6.230199401197604,0.6833504390988708,0.6831092188515406,2026-01-01 01:29:43
3,0.017123105546719,3.1386527944111773,6.261874251497005,0.6837885974808525,0.683574169568502,2026-01-01 01:29:44
3,0.0181212725915356,3.1232214570858283,6.232635928143712,0.665559148865497,0.6653124079094183,2026-01-01 01:29:45
3,0.0183485072823103,2.715509281437126,5.325029640718563,0.6700027253252854,0.6697514346560377,2026-01-01 01:29:46
3,0.0162272535982722,3.0639326347305387,5.866344710578842,0.6924345328310891,0.6922443632834189,2026-01-01 01:29:47
3,0.0173535127986215,3.0639326347305387,5.866344710578842,0.6661121742718529,0.6658860895879442,2026-01-01 01:29:48
3,0.0184996005060192,2.88281746506986,5.648275548902196,0.685306541346748,0.6850568008521334,2026-01-01 01:29:49
3,0.0178789682354041,3.2214947105788423,5.986952794411177,0.6649614822655622,0.6647210808990873,2026-01-01 01:29:50
3,0.0179900078748752,3.2214947105788423,6.107966966067864,0.6547706909809903,0.6545235040732957,2026-01-01 01:29:51
3,0.0185035662074288,3.1524597804391217,6.038932035928143,0.6653232176121222,0.66506586285221,2026-01-01 01:29:52
3,0.0174716907006299,3.1524597804391217,5.97192754491018,0.6590297646263437,0.658798125898606,2026-01-01 01:29:53
3,0.0169728054632921,3.192256387225549,6.15669750499002,0.6744253707782617,0.6742117654150667,2026-01-01 01:29:54
3,0.0169997722328779,3.192256387225549,6.15669750499002,0.6317056017758396,0.6314768206822843,2026-01-01 01:29:55
3,0.0164291078000249,3.052968263473054,6.070606886227544,0.6505572717369404,0.6503497891340525,2026-01-01 01:29:56
3,0.0165207155025885,3.052968263473054,6.070606886227544,0.6601744060625047,0.6599676601010562,2026-01-01 01:29:57
3,0.017260318815494,2.687083133732535,5.291324351297405,0.6491679125779407,0.6489384101093018,2026-01-01 01:29:58
3,0.0169521838159618,3.143525848303393,5.95324750499002,0.6765013732621492,0.6762889408303552,2026-01-01 01:29:59
3,0.005028112817334,2.9392636726546906,5.503708283433134,0.5910071431684155,0.590985753937934,2026-01-01 01:42:32
1,0.0057056925601921,1.3332675449101796,2.6618244710578844,0.3192803361176271,0.3192293503169681,2026-01-01 01:10:00
1,0.0044035148453093,1.4005156886227546,2.6714081437125747,0.3388397466450215,0.338811131699461,2026-01-01 01:10:01
1,0.0037439393868512,1.4005156886227546,2.6714081437125747,0.3379021512518085,0.3378814092821143,2026-01-01 01:10:02
1,0.0047609038563498,1.5065858283433131,2.9210709381237523,0.3233791664255938,0.3233441186608818,2026-01-01 01:10:03
1,0.0051569981131487,1.517468982035928,3.024054810379241,0.317718676859591,0.3176768216220224,2026-01-01 01:10:04
1,0.0046914247676521,1.517468982035928,2.7856000399201597,0.3222255099298475,0.3221913558480421,2026-01-01 01:10:05
1,0.0041498685831462,1.2681310578842315,2.396730339321357,0.3202666840057729,0.3202397968316808,2026-01-01 01:10:06
1,0.0037198279222804,1.353734371257485,2.674169540918164,0.3109759769232915,0.3109537282356077,2026-01-01 01:10:07
1,0.0040443809256487,1.353734371257485,2.702108383233533,0.2994717350567463,0.2994444240269408,2026-01-01 01:10:08
1,0.0047843808086951,1.348374011976048,2.695448542914172,0.3232160689885502,0.3231806568355981,2026-01-01 01:10:09
1,0.0054019198322105,1.3470745309381238,2.6813166866267464,0.3272544893098029,0.3272099021049734,2026-01-01 01:10:10
1,0.004686031413735,1.4177338123752496,2.7591231137724552,0.3034981995501486,0.3034620210829871,2026-01-01 01:10:11
1,0.003287883724738,1.4177338123752496,2.7591231137724552,0.2996613609900132,0.299643323121006,2026-01-01 01:10:12
1,0.005262009886477,1.3383030339321358,2.5739470658682637,0.2983272420147683,0.2982808317342781,2026-01-01 01:10:13
1,0.0053457655002495,1.2819380439121757,2.494353852295409,0.3133129991677342,0.313267390959699,2026-01-01 01:10:14
1,0.0027734529378742,1.2819380439121757,2.508323273453094,0.3226629536265584,0.3226510337838947,2026-01-01 01:10:15
1,0.0041744559318862,1.2263852295409183,2.4410751297405198,0.3146030760459865,0.3145753794804505,2026-01-01 01:10:16
1,0.005082601554703,1.2263852295409183,2.405664271457086,0.3057630965114091,0.3057208503679154,2026-01-01 01:10:17
1,0.0050940227747629,1.380048862275449,2.617966986027944,0.3044201180371426,0.3043774945650845,2026-01-01 01:10:18
1,0.0052891352841192,1.380048862275449,2.617966986027944,0.3070380606563752,0.3069925011129331,2026-01-01 01:10:19
1,0.0036701773406312,1.2080300598802396,2.402902874251497,0.3103413744724672,0.3103196714804726,2026-01-01 01:10:20
1,0.0042074505676147,1.1948728143712577,2.2838379241516966,0.3011587699658757,0.30112937765532,2026-01-01 01:10:21
1,0.005301349644461,1.201045349301397,2.305116926147704,0.3069053502786517,0.3068595602577978,2026-01-01 01:10:22
1,0.0053202263831711,1.3282320558882237,2.5292774051896205,0.3195389402738025,0.3194946471265779,2026-01-01 01:10:23
1,0.0054725093173028,1.3430136526946108,2.671245708582834,0.3116341874772144,0.3115861332703297,2026-01-01 01:10:24
1,0.0043625888067614,1.3430136526946108,2.674494411177645,0.3192920119230558,0.3192622068093496,2026-01-01 01:10:25
1,0.0048605222757609,1.6714574850299402,3.1882767265469063,0.3297879512172963,0.3297521312915333,2026-01-01 01:10:26
1,0.0066174866283058,1.6714574850299402,3.1882767265469063,0.343976229318811,0.3439125691322018,2026-01-01 01:10:27
1,0.005932213424713,1.2920090219560878,2.55721624750499,0.3338721215505685,0.3338194158412019,2026-01-01 01:10:28
1,0.0047088738538547,1.3204351696606786,2.5651755688622755,0.3195572800644948,0.3195225840989122,2026-01-01 01:10:29
1,0.0046576369916417,1.464190259481038,2.910025349301397,0.3251767466696237,0.3251433883570366,2026-01-01 01:10:30
1,0.0057464599706836,1.464190259481038,2.910025349301397,0.3224955514342629,0.3224443500709768,2026-01-01 01:10:31
1,0.0054723506892465,1.3514602794411177,2.678717724550898,0.3273748067059908,0.3273290659927999,2026-01-01 01:10:32
1,0.0049477677067739,1.3186483832335327,2.634535369261477,0.3351541749689103,0.3351176518684308,2026-01-01 01:10:33
1,0.0050097912768213,1.3810234730538922,2.711204750499002,0.3337322046178521,0.3336946004814201,2026-01-01 01:10:34
1,0.0044206466753991,1.3810234730538922,2.711204750499002,0.3288025292281258,0.3287728107824365,2026-01-01 01:10:35
1,0.0054817097445733,1.3501607984031936,2.609195489021956,0.3257211847093155,0.3256750543512909,2026-01-01 01:10:36
1,0.0059539454684381,1.3501607984031936,2.609195489021956,0.3269631329000251,0.3269089182160045,2026-01-01 01:10:37
1,0.0045673776275573,1.4575304191616767,2.856096886227545,0.3290124945735182,0.3289807906961995,2026-01-01 01:10:38
1,0.0042469489536551,1.4575304191616767,2.856096886227545,0.3080283529811851,0.3079990741299178,2026-01-01 01:10:39
1,0.0045899028115643,1.2293090618762474,2.387471536926148,0.3066229360346229,0.30658858050272,2026-01-01 01:10:40
1,0.0062482005130364,1.298668862275449,2.520018602794411,0.3165343000576643,0.3164726261516853,2026-01-01 01:10:41
1,0.0058568650979291,1.3979167265469064,2.696585588822355,0.3125491429409277,0.3124942621622565,2026-01-01 01:10:42
1,0.0040137657107659,1.3979167265469064,2.6597128143712574,0.3066298519594213,0.3066035808621218,2026-01-01 01:10:43
1,0.0045450110716067,1.277227425149701,2.528302794411178,0.2979255773889333,0.2978909071067599,2026-01-01 01:10:44
1,0.0050089981365394,1.277227425149701,2.512059281437126,0.3155455911993797,0.3155058320586708,2026-01-01 01:10:45
1,0.0047526551974176,1.29899373253493,2.490292974051896,0.3155867648832716,0.315550975973873,2026-01-01 01:10:46
1,0.0055056625810878,1.29899373253493,2.4246691816367267,0.3041723645300815,0.3041225329096218,2026-01-01 01:10:47
1,0.0054457011757734,1.315237245508982,2.588078922155689,0.3044497260668632,0.3044010184623111,2026-01-01 01:10:48
1,0.0043814655454715,1.3301812774451098,2.6030229540918164,0.2952385083836851,0.2952059951835279,2026-01-01 01:10:49
1,0.0050892639330713,1.4034395209580837,2.733620798403193,0.3166552803653463,0.3166143805576045,2026-01-01 01:10:50
1,0.0050597591145833,1.4034395209580837,2.5809317764471054,0.3205219388632819,0.3204819996979234,2026-01-01 01:10:51
1,0.0051371696061002,1.1937357684630738,2.379024910179641,0.2995224952631402,0.2994784377164673,2026-01-01 01:10:52
1,0.0056812638395084,1.1937357684630738,2.379024910179641,0.2952220717096014,0.295167401427893,2026-01-01 01:10:53
1,0.0052183871709705,1.3126382834331338,2.5294398403193616,0.3076030342073177,0.3075587668867238,2026-01-01 01:10:54
1,0.0049404708161801,1.3126382834331338,2.5294398403193616,0.30525584426009,0.3052158616504961,2026-01-01 01:10:55
1,0.0046899971151447,1.3564957684630738,2.619104031936128,0.299010100404495,0.2989733166537879,2026-01-01 01:10:56
1,0.0049902800258857,1.3564957684630738,2.619104031936128,0.3003302822413407,0.3002888201988656,2026-01-01 01:10:57
2,0.0158321904238398,0.4817825948103792,0.9344893013972057,0.1377588534705579,0.1368460575095458,2026-01-01 01:10:58
2,0.0155493565993013,0.4817825948103792,0.9344893013972057,0.1392928175839641,0.1384222039263472,2026-01-01 01:10:59
2,0.0156689621538173,0.4429605988023952,0.8089269461077844,0.1313684220409522,0.1304306173202902,2026-01-01 01:11:00
2,0.0156028142543038,0.4946149700598802,0.8969667864271458,0.1441111423197512,0.1432639994138418,2026-01-01 01:11:01
2,0.0150208079154191,0.5090716966067864,1.0036866666666666,0.1497964753069988,0.1490414685380159,2026-01-01 01:11:02
2,0.0147847693675149,0.5090716966067864,0.9416364471057884,0.1348772533315449,0.1340644772525934,2026-01-01 01:11:03
2,0.0155382526353542,0.3997528542914171,0.7792013173652694,0.1290219545699163,0.1280828929485958,2026-01-01 01:11:04
2,0.0153827971400948,0.3492355289421158,0.6934355688622755,0.1230261390132765,0.1220606424391611,2026-01-01 01:11:05
2,0.0150729965459705,0.4060878243512973,0.7556482235528942,0.1299822209027185,0.1291053156377702,2026-01-01 01:11:06
2,0.0153701068955838,0.4060878243512973,0.7556482235528942,0.1378749838582618,0.1370155866605485,2026-01-01 01:11:07
2,0.0154452965943113,0.432239880239521,0.8474240718562874,0.1370978561261159,0.1362250526426433,2026-01-01 01:11:08
2,0.0148158604665668,0.4661888223552894,0.8813730139720559,0.1415502747319225,0.1407727621215055,2026-01-01 01:11:09
2,0.0150615753259106,0.5204421556886227,0.950245508982036,0.1411238529199453,0.1403178207202217,2026-01-01 01:11:10
2,0.0156078903521082,0.5204421556886227,0.977209740518962,0.1444064249082744,0.1435604726710861,2026-01-01 01:11:11
2,0.0147083106443363,0.4567675848303393,0.8531093013972055,0.1389575763283011,0.1381769648567565,2026-01-01 01:11:12
2,0.0146309001528193,0.3963417165668663,0.739892015968064,0.1217664733434232,0.1208842867837372,2026-01-01 01:11:13
2,0.0153772451581212,0.4876302594810379,0.917758483033932,0.1402106262359056,0.1393648450679434,2026-01-01 01:11:14
2,0.0152221069189745,0.4876302594810379,0.917758483033932,0.1503252155784239,0.1495525255542243,2026-01-01 01:11:15
2,0.0150739483143088,0.4293160479041916,0.8254953293413174,0.1425936274646702,0.1417946355676078,2026-01-01 01:11:16
2,0.0152378110965568,0.4293160479041916,0.8516473852295409,0.1430757269023409,0.1422619862845267,2026-01-01 01:11:17
2,0.0155063683960204,0.5258025149700598,1.0384477844311375,0.1451089032265438,0.1442780175036286,2026-01-01 01:11:18
2,0.0150058968781187,0.5258025149700598,1.0384477844311375,0.1448877040339018,0.1441085349280146,2026-01-01 01:11:19
2,0.0147202077485653,0.4723613572854291,0.9226315369261476,0.1426835087603123,0.141922158791336,2026-01-01 01:11:20
2,0.0150158904456711,0.4723613572854291,0.8956673053892216,0.1306763969174443,0.1298107998028247,2026-01-01 01:11:21
2,0.014992889377495,0.475447624750499,0.9073626347305388,0.1406348163393241,0.1398333466484645,2026-01-01 01:11:22
2,0.0147963492156312,0.475447624750499,0.9073626347305388,0.1563411235859718,0.1556393747546334,2026-01-01 01:11:23
2,0.0148279161988522,0.3849712574850299,0.7392422754491019,0.1375766390789531,0.1367752335821817,2026-01-01 01:11:24
2,0.015113763956462,0.4096613972055888,0.795607265469062,0.1319518416958049,0.1310834187301472,2026-01-01 01:11:25
2,0.0147206836327345,0.4099862674650698,0.8196476646706587,0.1403485858312512,0.1395744497328111,2026-01-01 01:11:26
2,0.0153926320795908,0.4099862674650698,0.7770896606786426,0.135676629412708,0.1348006477968695,2026-01-01 01:11:27
2,0.0155009750421032,0.4564427145708583,0.8425510179640718,0.1278346053341153,0.126891316068804,2026-01-01 01:11:28
2,0.0145512688685129,0.4655390818363273,0.92961624750499,0.1341870683865566,0.13339576416249,2026-01-01 01:11:29
2,0.0148366407419535,0.4655390818363273,0.92961624750499,0.1338909441368184,0.1330663707077894,2026-01-01 01:11:30
2,0.014900726476734,0.3904940518962076,0.7478513373253493,0.1280072031943191,0.1271369828967845,2026-01-01 01:11:31
2,0.0148315646441492,0.3904940518962076,0.7478513373253493,0.1233375199757792,0.1224425110979931,2026-01-01 01:11:32
2,0.0148651937921032,0.436950499001996,0.8547336526946108,0.1287258819630718,0.1278646890298252,2026-01-01 01:11:33
2,0.0148003149170409,0.436950499001996,0.8547336526946108,0.1463693607276511,0.1456191623316714,2026-01-01 01:11:34
2,0.0150672859359406,0.4163212375249501,0.8258201996007983,0.1381605365460169,0.137336487333876,2026-01-01 01:11:35
2,0.0150439676116516,0.5579646706586827,1.070122634730539,0.1364934366412743,0.1356618490388699,2026-01-01 01:11:36
2,0.0148813738538547,0.5579646706586827,1.070122634730539,0.1486825735947724,0.1479359739988443,2026-01-01 01:11:37
2,0.0152048164608283,0.4062502594810379,0.7639324151696607,0.1339407963487408,0.1330749806797934,2026-01-01 01:11:38
2,0.0150328636477045,0.3672658283433134,0.724623113772455,0.126274161077126,0.1253761411365076,2026-01-01 01:11:39
2,0.0146610394835329,0.4736608383233533,0.8716269061876247,0.1331874849217027,0.1323780950951896,2026-01-01 01:11:40
2,0.0145206536536302,0.4736608383233533,0.8716269061876247,0.1347900929166792,0.1340056706485151,2026-01-01 01:11:41
2,0.0143631359936377,0.3848088223552894,0.7348565269461078,0.133804721664891,0.1330315897230699,2026-01-01 01:11:42
2,0.0144281734967564,0.4306155289421158,0.856358003992016,0.1438535100215655,0.1431281249617703,2026-01-01 01:11:43
2,0.0148041219903942,0.445721996007984,0.8714644710578843,0.1434124492433866,0.1426463058409872,2026-01-01 01:11:44
2,0.0145485721915543,0.445721996007984,0.8607437524950099,0.1439359206006026,0.1431987719442108,2026-01-01 01:11:45
2,0.0144732238647704,0.4143720159680639,0.8084396407185629,0.1382481889894505,0.1374884997002406,2026-01-01 01:11:46
2,0.0147765207085828,0.4819450299401198,0.8547336526946108,0.1323242252126219,0.1314965969668779,2026-01-01 01:11:47
2,0.0145718905158433,0.4819450299401198,0.855708263473054,0.133827344603583,0.1330316434929691,2026-01-01 01:11:48
2,0.0144173867889221,0.5157315369261477,0.8946926946107785,0.1419676752319804,0.1412337062069522,2026-01-01 01:11:49
2,0.0146443835376122,0.5157315369261477,0.9107737724550898,0.162279427112663,0.1616173087723509,2026-01-01 01:11:50
2,0.0145530137771332,0.4280165668662674,0.8506727744510978,0.1544358657287492,0.1537486468668613,2026-01-01 01:11:51
2,0.0138534640484655,0.4280165668662674,0.8376779640718564,0.1333702906336685,0.132648844539133,2026-01-01 01:11:52
2,0.013983539054703,0.5670610379241517,0.9997882235528942,0.1366124009970493,0.1358948444264322,2026-01-01 01:11:53
2,0.014803646106225,0.5670610379241517,0.9997882235528942,0.1427431623742091,0.1419734569085062,2026-01-01 01:11:54
2,0.0146592945749126,0.4246054291417165,0.7842368063872256,0.1396424094505423,0.1388708306294696,2026-01-01 01:11:55
2,0.0140430245758483,0.4246054291417165,0.8326424750499002,0.1379591360484359,0.1372425469014364,2026-01-01 01:11:56
2,0.0144227801428393,0.4185953293413173,0.826632375249501,0.1400984683156903,0.1393540965933682,2026-01-01 01:11:57
2,0.0137942957834331,0.398778243512974,0.7923585628742515,0.1392420011365466,0.1385570362137888,2026-01-01 01:11:58
2,0.0127013484749251,0.5024118562874251,0.8836471057884231,0.1368044372676207,0.1362135448589048,2026-01-01 01:11:59
2,0.0133404609141092,0.5193051097804391,0.9754229540918165,0.1369533824446182,0.1363020948687913,2026-01-01 01:12:00
2,0.013904066398453,0.5193051097804391,0.9754229540918165,0.1443687141191147,0.1436976080315678,2026-01-01 01:12:01
2,0.0130942701705963,0.4618030738522954,0.8834846706586826,0.1493884352729685,0.1488134559843475,2026-01-01 01:12:02
2,0.0128487139393088,0.4216815968063872,0.8011300598802396,0.1407095868815482,0.1401217270464569,2026-01-01 01:12:03
2,0.0133837663735029,0.5920760479041917,1.0158693013972058,0.1322719864793827,0.1315931350977759,2026-01-01 01:12:04
2,0.0138507673715069,0.5920760479041917,1.0158693013972058,0.1348843347575096,0.1341713084314091,2026-01-01 01:12:05
2,0.0136984844373752,0.4177831536926147,0.831667864271457,0.1425372473663341,0.1418774767568499,2026-01-01 01:12:06
2,0.013174060082959,0.4954271457085829,0.9578799600798404,0.1355462054376599,0.1349044771291112,2026-01-01 01:12:07
2,0.0135473118996382,0.4954271457085829,0.9578799600798404,0.1274440180528085,0.1267219321101856,2026-01-01 01:12:08
2,0.0135883965662425,0.4080370459081836,0.7915463872255488,0.1427465776994058,0.1420983494754638,2026-01-01 01:12:09
2,0.0128920193987025,0.4080370459081836,0.8150994810379242,0.1515676358914675,0.1510183567833789,2026-01-01 01:12:10
2,0.0131345616969186,0.4070624351297405,0.8030792814371257,0.1365411884887437,0.1359079815277545,2026-01-01 01:12:11
2,0.0136301157450723,0.4492955688622754,0.8321551696606786,0.133320327043419,0.1326217536746522,2026-01-01 01:12:12
2,0.0138590160304391,0.4523818363273453,0.8407642315369261,0.1379249542108842,0.1372268948447882,2026-01-01 01:12:13
2,0.0139381714305763,0.4756100598802395,0.9279918962075848,0.1386363660312654,0.1379339311537479,2026-01-01 01:12:14
2,0.0135255798559131,0.4756100598802395,0.9101240319361278,0.1310819177369603,0.1303822374679946,2026-01-01 01:12:15
2,0.0135417599176646,0.4224937724550898,0.7861860279441117,0.132834062644842,0.132142002925134,2026-01-01 01:12:16
2,0.0138698027382734,0.4224937724550898,0.8170487025948103,0.1432689459003392,0.1425960007552655,2026-01-01 01:12:17
2,0.0136402679406811,0.4642396007984031,0.8587945309381237,0.1419561835290209,0.1412993316779364,2026-01-01 01:12:18
2,0.013432147930701,0.4642396007984031,0.8396271856287425,0.1328344320737534,0.1321535612320923,2026-01-01 01:12:19
2,0.0133136527725798,0.4436103393213573,0.8587945309381237,0.1430044480722362,0.1423833516191274,2026-01-01 01:12:20
2,0.0128726667758233,0.4642396007984031,0.9078499401197604,0.1507001588558235,0.1501493667294307,2026-01-01 01:12:21
2,0.0132008682244885,0.4642396007984031,0.8695152495009979,0.1355175139932787,0.1348730279820179,2026-01-01 01:12:22
2,0.0134868746101546,0.3971538922155688,0.792196127744511,0.1383541090923152,0.1376951840696624,2026-01-01 01:12:23
2,0.0135136827516841,0.3971538922155688,0.792196127744511,0.1434083614462588,0.1427702297791372,2026-01-01 01:12:24
2,0.0137011811143338,0.4122603592814371,0.7472015968063872,0.1397892084568935,0.1391161401027108,2026-01-01 01:12:25
2,0.0131332926724675,0.4419859880239521,0.8618807984031936,0.1487192041214921,0.1481381729943681,2026-01-01 01:12:26
2,0.0130788832491267,0.4419859880239521,0.8618807984031936,0.1365466069229016,0.1359187944145809,2026-01-01 01:12:27
2,0.0130669861448977,0.4337017964071856,0.8393023153692614,0.1305982814256444,0.1299429297207849,2026-01-01 01:12:28
2,0.012633297038735,0.4337017964071856,0.8500230339321357,0.139452567632957,0.1388791504343094,2026-01-01 01:12:29
2,0.0126261587761976,0.4163212375249501,0.8014549301397205,0.1318189016806509,0.1312128155130106,2026-01-01 01:12:30
2,0.0129518221759605,0.4423108582834331,0.814449740518962,0.133157164269724,0.1325257737146875,2026-01-01 01:12:31
2,0.0126374213682011,0.4423108582834331,0.8336170858283433,0.1247943630523677,0.1241528438289219,2026-01-01 01:12:32
2,0.0129262830588822,0.394067624750499,0.7853738522954092,0.125213800712028,0.1245447995503349,2026-01-01 01:12:33
2,0.0129645124204715,0.6070200798403194,1.0423462275449102,0.1479091125664795,0.1473398350681273,2026-01-01 01:12:34
2,0.0123376143416292,0.6070200798403194,1.0423462275449102,0.1420921869488169,0.1415555469215345,2026-01-01 01:12:35
2,0.0126158479525324,0.3965041516966067,0.7869982035928144,0.1331196313084338,0.1325204762296451,2026-01-01 01:12:36
2,0.0124822831290543,0.4627776846307385,0.8592818363273453,0.1385563698296041,0.1379929716624878,2026-01-01 01:12:37
2,0.0121548748206711,0.4627776846307385,0.899565748502994,0.1375449375746547,0.1370068205255106,2026-01-01 01:12:38
2,0.0120738158838572,0.5297009580838323,0.980945748502994,0.1335546565956003,0.1330077789769134,2026-01-01 01:12:39
2,0.012173275675212,0.5297009580838323,1.000925269461078,0.1319879315064423,0.1314253606526708,2026-01-01 01:12:40
2,0.0125320923387599,0.4977012375249501,0.9689255489021956,0.1352873617070296,0.1347056676582743,2026-01-01 01:12:41
2,0.0122522724472929,0.5386348902195609,1.0563156487025949,0.1449227172175468,0.1444038634718419,2026-01-01 01:12:42
2,0.0120844439636352,0.5386348902195609,1.0563156487025949,0.143058992601647,0.1425476817710055,2026-01-01 01:12:43
2,0.0122089669878992,0.4479960878243513,0.8180233133732535,0.1327446977796725,0.1321820559444624,2026-01-01 01:12:44
2,0.0122443410444735,0.4479960878243513,0.8880328542914171,0.1429234303441851,0.1423979741911231,2026-01-01 01:12:45
2,0.012521464258982,0.4434479041916167,0.8834846706586825,0.1503478581725835,0.1498255365079475,2026-01-01 01:12:46
2,0.0122659144601422,0.423793253493014,0.796581876247505,0.1427790074387854,0.1422511592489186,2026-01-01 01:12:47
2,0.0120530356084705,0.5495180439121756,1.0348742115768463,0.1417737591636401,0.141260479682078,2026-01-01 01:12:48
2,0.0123244482129491,0.5495180439121756,1.0348742115768463,0.1483401001262152,0.1478272413383335,2026-01-01 01:12:49
2,0.0121477365581337,0.4346764071856287,0.8469367664670658,0.1370726553577514,0.1365333122111196,2026-01-01 01:12:50
2,0.0121221974410553,0.4172958483033932,0.7597091017964073,0.1260695578327363,0.1254854005107435,2026-01-01 01:12:51
2,0.0122936743700099,0.4294784830339321,0.8467743313373254,0.1356818614176589,0.1351237695161179,2026-01-01 01:12:52
2,0.0126634363694486,0.4294784830339321,0.8479113772455089,0.1437601555225673,0.1432013257452237,2026-01-01 01:12:53
2,0.0124199423028942,0.4189201996007984,0.831018123752495,0.1406069553484711,0.1400573487024502,2026-01-01 01:12:54
2,0.0118966283448727,0.4189201996007984,0.8324800399201597,0.1363391917678461,0.1358191645016766,2026-01-01 01:12:55
2,0.0122494171422779,0.432889620758483,0.8464494610778444,0.132794101129692,0.1322279284966581,2026-01-01 01:12:56
2,0.012064298200474,0.432889620758483,0.834104391217565,0.1325124882177076,0.1319621621624098,2026-01-01 01:12:57
2,0.012148688326472,0.4644020359281437,0.8656168063872256,0.1403132823061013,0.1397863604342638,2026-01-01 01:12:58
2,0.012039710851734,0.4644020359281437,0.8714644710578843,0.1411501264930409,0.1406357122910397,2026-01-01 01:12:59
2,0.0118772757219935,0.4106360079840319,0.8176984431137724,0.1324960681208302,0.1319626401255425,2026-01-01 01:13:00
2,0.0118806069111776,0.4231435129740519,0.8367033532934132,0.1371237933773811,0.1366081472300419,2026-01-01 01:13:01
2,0.0116041182088947,0.4231435129740519,0.8367033532934132,0.1359500345710527,0.1354538900898177,2026-01-01 01:13:02
2,0.0123268276337949,0.3854585628742515,0.744602634730539,0.1303594736757769,0.1297753508857221,2026-01-01 01:13:03
2,0.0124795864520958,0.4699248303393213,0.9388750499001997,0.1351815868374234,0.1346043139794134,2026-01-01 01:13:04
2,0.0118766412097679,0.4699248303393213,0.9388750499001997,0.1407257124387217,0.1402236482728938,2026-01-01 01:13:05
2,0.0120630291760229,0.4405240718562874,0.7847241117764471,0.1350066016568389,0.1344665974062956,2026-01-01 01:13:06
2,0.0121169627151946,0.3784738522954091,0.7511000399201596,0.1268277185831169,0.1262475719194508,2026-01-01 01:13:07
2,0.0114277238101921,0.4137222754491018,0.7863484630738522,0.1276455141714181,0.1271329399353435,2026-01-01 01:13:08
2,0.0115360667727045,0.4484833932135728,0.8622056686626747,0.1330897025424674,0.1325887932151815,2026-01-01 01:13:09
2,0.0120132199663173,0.4484833932135728,0.8149370459081836,0.1423259388875773,0.1418180363221522,2026-01-01 01:13:10
2,0.0120890441772704,0.4184328942115768,0.7806632335329341,0.1337233347600447,0.1331757683297791,2026-01-01 01:13:11
2,0.0122860602233033,0.4330520558882235,0.8605813173652694,0.1229172619335851,0.1223017007463058,2026-01-01 01:13:12
2,0.0122663903443113,0.4650517764471058,0.8925810379241517,0.1399554442746574,0.1394168642956716,2026-01-01 01:13:13
2,0.012272418210454,0.4650517764471058,0.8911191217564871,0.141935424919592,0.1414038634492454,2026-01-01 01:13:14
2,0.0118157280361152,0.4229810778443114,0.796581876247505,0.1381444467339927,0.1376382095728417,2026-01-01 01:13:15
2,0.0117549734905189,0.5790812375249501,1.0493309381237526,0.1432031242306968,0.1427198493121036,2026-01-01 01:13:16
2,0.0117054815369261,0.5790812375249501,1.0493309381237526,0.1364744274002294,0.135971508178034,2026-01-01 01:13:17
2,0.0115014858564121,0.4598538522954092,0.8518098203592814,0.1291683097473902,0.1286552294548981,2026-01-01 01:13:18
2,0.011751325045222,0.4255800399201597,0.7995057085828343,0.1290386699794276,0.1285024696639764,2026-01-01 01:13:19
2,0.0119464375545783,0.4405240718562874,0.8661041117764471,0.1312803508819962,0.1307356613837808,2026-01-01 01:13:20
2,0.0119480238351422,0.4853561676646706,0.925880239520958,0.1426512837275976,0.1421500386055749,2026-01-01 01:13:21
2,0.011694377572979,0.4853561676646706,0.8977789620758483,0.1451821712407602,0.1447104155869992,2026-01-01 01:13:22
2,0.011662017449476,0.3937427544910179,0.7507751696606786,0.1303509095066021,0.1298281824497535,2026-01-01 01:13:23
2,0.0113238224332584,0.3965041516966067,0.7541863073852295,0.122811207840181,0.1222880362777331,2026-01-01 01:13:24
2,0.0109930829356911,0.4078746107784431,0.8118507784431138,0.1371058502004052,0.1366644294860406,2026-01-01 01:13:25
2,0.0116160153131237,0.4078746107784431,0.8118507784431138,0.139353957984052,0.1388689806762698,2026-01-01 01:13:26
2,0.0122743217471307,0.437600239520958,0.8613934930139721,0.1378127713111264,0.1372650755367174,2026-01-01 01:13:27
2,0.0115257559490394,0.5105336127744511,0.9876055888223552,0.1485450457558738,0.1480972233649835,2026-01-01 01:13:28
2,0.011441207194985,0.5105336127744511,0.9876055888223552,0.1533707680585471,0.1529434250721164,2026-01-01 01:13:29
2,0.0122438651603043,0.4913662674650698,0.908986986027944,0.1395893991630879,0.1390513866333168,2026-01-01 01:13:30
2,0.0120604911271207,0.470737005988024,0.8789364870259482,0.1332484213072152,0.1327014933398933,2026-01-01 01:13:31
2,0.0113861632594186,0.470737005988024,0.8789364870259482,0.149954643307835,0.1495217386730434,2026-01-01 01:13:32
2,0.0113783904846556,0.411285748502994,0.8150994810379242,0.1388480055769849,0.1383809989943891,2026-01-01 01:13:33
2,0.0117188062936626,0.411285748502994,0.7684805988023953,0.1243677882377854,0.1238144431405733,2026-01-01 01:13:34
2,0.011721820226734,0.3872453493013972,0.7660440718562874,0.1267995115720406,0.1262565446441498,2026-01-01 01:13:35
2,0.0113926670097305,0.5160564071856288,0.9824076646706588,0.1437838466588181,0.143331788862108,2026-01-01 01:13:36
2,0.0116724869011976,0.5160564071856288,0.9824076646706588,0.1484393802389221,0.1479797373131087,2026-01-01 01:13:37
2,0.0115493915294411,0.4548183632734531,0.8777994411177645,0.1364369573399116,0.1359472503711367,2026-01-01 01:13:38
2,0.0111423519367514,0.4661888223552894,0.9210071856287424,0.1318914968115762,0.1314199943863779,2026-01-01 01:13:39
2,0.0115806412565494,0.4661888223552894,0.8950175648702595,0.1386848555096007,0.1382004988985421,2026-01-01 01:13:40
2,0.0112272179469186,0.4557929740518961,0.8846217165668663,0.1432156103104374,0.1427748598800343,2026-01-01 01:13:41
2,0.0111288685519585,0.4137222754491018,0.8014549301397206,0.1310133181943046,0.130539794043944,2026-01-01 01:13:42
2,0.0115171900339945,0.4523818363273453,0.8717893413173652,0.1354316749718759,0.1349410720255649,2026-01-01 01:13:43
2,0.0112594194423652,0.4523818363273453,0.8722766467065868,0.1515858069732198,0.1511670676752815,2026-01-01 01:13:44
2,0.0109513637568612,0.4198948103792415,0.8285815968063872,0.1439717027052838,0.1435545847812724,2026-01-01 01:13:45
2,0.0115286112540543,0.4224937724550898,0.8376779640718562,0.1412754230420068,0.1408042480831132,2026-01-01 01:13:46
2,0.0111680496818862,0.4224937724550898,0.8376779640718562,0.1413427745525125,0.1409008679338254,2026-01-01 01:13:47
2,0.0105608214820359,0.5391221956087824,1.041046746506986,0.1441823039239462,0.1437950131765415,2026-01-01 01:13:48
2,0.0108339789951347,0.5391221956087824,1.041046746506986,0.1436334878932331,0.1432243126829678,2026-01-01 01:13:49
2,0.0109289972009106,0.3890321357285429,0.775627744510978,0.1269971895235081,0.1265260572651038,2026-01-01 01:13:50
2,0.0111076123924026,0.37246375249501,0.7239733732534931,0.1323254287019366,0.1318584090154718,2026-01-01 01:13:51
2,0.0111245855944361,0.441661117764471,0.8284191616766468,0.1422141250449713,0.1417783515127003,2026-01-01 01:13:52
2,0.0108912437234905,0.4695999600798403,0.8628554091816367,0.1437151455799209,0.1433018627904515,2026-01-01 01:13:53
2,0.0114573872567365,0.4695999600798403,0.8750380439121757,0.1399270220887131,0.1394571611207699,2026-01-01 01:13:54
2,0.0114212200598802,0.4358134530938123,0.8565204391217565,0.13558325727518,0.1351013522718831,2026-01-01 01:13:55
2,0.0109754752214321,0.4718740518962075,0.934651736526946,0.1429201335477596,0.1424980825027943,2026-01-01 01:13:56
2,0.0107307121304266,0.4718740518962075,0.934651736526946,0.1351730832357556,0.1347464813961182,2026-01-01 01:13:57
2,0.0103165342751996,0.5236908582834332,0.9741234730538924,0.1374580866223098,0.1370704005189124,2026-01-01 01:13:58
2,0.0110530443410054,0.5236908582834332,0.9741234730538924,0.1521035058798253,0.1517013734668537,2026-01-01 01:13:59
2,0.0115270249734905,0.5313253093812376,0.976884870259481,0.1480434198839725,0.1475939763886138,2026-01-01 01:14:00
2,0.0111685255660553,0.5313253093812376,0.976884870259481,0.1343638117228889,0.1338988347125706,2026-01-01 01:14:01
2,0.011329374415232,0.3787987225548902,0.7353438323353294,0.1333014596944385,0.1328191418133226,2026-01-01 01:14:02
2,0.0115322596993512,0.403163992015968,0.7597091017964072,0.1415287566573542,0.1410581296742705,2026-01-01 01:14:03
2,0.0111052329715568,0.4460468662674651,0.8581447904191617,0.1468912197959746,0.1464708307267928,2026-01-01 01:14:04
2,0.0110229050102919,0.4460468662674651,0.8581447904191617,0.1407158545804599,0.1402834533914931,2026-01-01 01:14:05
2,0.0109258246397829,0.4181080239520958,0.8043787624750499,0.1271498147433495,0.1266795237803206,2026-01-01 01:14:06
2,0.0109117067427644,0.4181080239520958,0.8043787624750499,0.1305501751806964,0.1300933622275573,2026-01-01 01:14:07
2,0.0112627506315494,0.4720364870259481,0.9400120958083832,0.1407149543987316,0.1402634978875425,2026-01-01 01:14:08
2,0.0110349607425773,0.4720364870259481,0.9400120958083832,0.1373880732502014,0.136944194155183,2026-01-01 01:14:09
2,0.0113536445078592,0.4086867864271457,0.7801759281437126,0.1363298367162771,0.13585624437425,2026-01-01 01:14:10
2,0.0111602769071232,0.4185953293413173,0.8019422355289421,0.1435072282586156,0.1430726136681186,2026-01-01 01:14:11
2,0.0107949564932634,0.5576398003992016,1.1024472255489022,0.1451147537240165,0.1447126831438437,2026-01-01 01:14:12
2,0.011428516950474,0.565923992015968,1.1235637924151696,0.1462051227928258,0.1457577679960077,2026-01-01 01:14:13
2,0.0113179531951721,0.565923992015968,1.0480314570858282,0.1400664527295547,0.1396084349733657,2026-01-01 01:14:14
2,0.010542420627495,0.4437727744510978,0.864479760479042,0.1304837946048509,0.1300572105720935,2026-01-01 01:14:15
2,0.0111994580370508,0.4405240718562874,0.8805608383233532,0.1431587973354272,0.1427200525301271,2026-01-01 01:14:16
2,0.0114781675321232,0.4405240718562874,0.8805608383233532,0.1467667254901554,0.1463172012485447,2026-01-01 01:14:17
2,0.0110814387630988,0.4252551696606786,0.823546107784431,0.1335243727175111,0.1330637434635916,2026-01-01 01:14:18
2,0.0112549778567864,0.4942900998003992,0.9262051097804392,0.1415772399337075,0.1411291619074167,2026-01-01 01:14:19
2,0.0114924440571981,0.4942900998003992,0.9585297005988024,0.1488976873950605,0.1484535113804632,2026-01-01 01:14:20
2,0.0115422532669036,0.4863307784431137,0.9505703792415168,0.1489152841723345,0.1484672969028863,2026-01-01 01:14:21
2,0.0110395609562125,0.5582895409181636,1.0628130538922156,0.1505750785781849,0.1501698451178552,2026-01-01 01:14:22
2,0.0113466648733782,0.5582895409181636,1.0628130538922156,0.1570145617868835,0.156604041484817,2026-01-01 01:14:23
2,0.0118330184942614,0.500462634730539,0.9393623552894212,0.1508738683220543,0.1504091214513769,2026-01-01 01:14:24
2,0.0115669992437001,0.4043010379241517,0.8017798003992016,0.1474610482658786,0.1470066844880464,2026-01-01 01:14:25
2,0.0111940646831337,0.4140471457085828,0.8115259081836327,0.1470004247292496,0.1465735917089078,2026-01-01 01:14:26
2,0.0114278824382485,0.5313253093812376,0.9776970459081836,0.1488933398788971,0.1484541348810142,2026-01-01 01:14:27
2,0.0112876552364021,0.5313253093812376,0.9776970459081836,0.1452150536432395,0.1447756907905227,2026-01-01 01:14:28
2,0.0111367999547779,0.411610618762475,0.8086020758483035,0.1424579584298382,0.142021975788132,2026-01-01 01:14:29
2,0.0117871749859655,0.411610618762475,0.8086020758483035,0.1464416439179121,0.1459664947144747,2026-01-01 01:14:30
2,0.0113755351796407,0.4900667864271457,0.975910259481038,0.1514227691685616,0.1509948748204795,2026-01-01 01:14:31
2,0.0111517109920783,0.4900667864271457,0.975910259481038,0.1468929182317155,0.1464690027568244,2026-01-01 01:14:32
2,0.0118928212715194,0.35995624750499,0.7166637924151698,0.1288309975679058,0.1282808899896841,2026-01-01 01:14:33
2,0.010998793545721,0.462940119760479,0.8509976447105788,0.1339675640027345,0.1335152977952914,2026-01-01 01:14:34
2,0.0108758568020209,0.5191426746506986,0.9820827944111776,0.1392192325411602,0.1387937694861393,2026-01-01 01:14:35
2,0.0116445683632734,0.5191426746506986,0.9224691017964072,0.1376222743416398,0.1371287512617197,2026-01-01 01:14:36
2,0.0111145920268837,0.3922808383233533,0.7718917365269461,0.1375115107884758,0.1370615972597906,2026-01-01 01:14:37
2,0.0108293787814995,0.483894251497006,0.9047636726546906,0.1350970309242873,0.1346622898949986,2026-01-01 01:14:38
2,0.0105609801100923,0.483894251497006,0.9047636726546906,0.1473831701862515,0.1470043011386531,2026-01-01 01:14:39
2,0.0104683413251621,0.4449098203592814,0.8430383233532934,0.1384416730379449,0.1380453210487235,2026-01-01 01:14:40
2,0.0111266477591691,0.4330520558882235,0.8615559281437126,0.1310869033446371,0.1306138351712008,2026-01-01 01:14:41
2,0.0113517409711826,0.4530315768463073,0.886083632734531,0.145119734944123,0.1446750685058614,2026-01-01 01:14:42
2,0.0108022533838572,0.4530315768463073,0.8857587624750498,0.140149756509155,0.1397328364107964,2026-01-01 01:14:43
2,0.0104288429391217,0.4507574850299401,0.8150994810379242,0.129322256907758,0.1289010681362544,2026-01-01 01:14:44
2,0.0103983863522954,0.4164836726546906,0.8115259081836328,0.1349214929209866,0.1345201948158574,2026-01-01 01:14:45
2,0.0104166285787799,0.4931530538922156,0.9776970459081836,0.1495181179828497,0.1491548237710907,2026-01-01 01:14:46
2,0.0103320798247255,0.4931530538922156,0.9776970459081836,0.1532292752371827,0.1528805380557244,2026-01-01 01:14:47
2,0.0098641270583832,0.4843815568862275,0.964702235528942,0.1424147007458444,0.1420726785342786,2026-01-01 01:14:48
2,0.0099048944688747,0.4124227944111777,0.8181857485029941,0.1375413444719801,0.1371842356275689,2026-01-01 01:14:49
2,0.0099183778536676,0.522391377245509,0.959666746506986,0.1436896174466873,0.1433468937323973,2026-01-01 01:14:50
2,0.0100287829809131,0.522391377245509,0.9676260678642714,0.1446667587528909,0.1443187257426731,2026-01-01 01:14:51
2,0.0100559083785553,0.4452346906187625,0.882347624750499,0.1445521954638245,0.1442019969351805,2026-01-01 01:14:52
2,0.0100245000233907,0.6039338123752496,1.1337972055888224,0.1560967001146023,0.1557744818189075,2026-01-01 01:14:53
2,0.0100538462138223,0.6039338123752496,1.1337972055888224,0.1524675089866392,0.1521356679838745,2026-01-01 01:14:54
2,0.0096626694267714,0.5711219161676647,1.0459198003992016,0.147153018452581,0.1468354305311038,2026-01-01 01:14:55
2,0.0047969124251497,0.4432854690618762,0.8501854690618762,0.136190911363091,0.1361064067893013,2026-01-01 01:14:56
2,0.0044991675633108,0.4432854690618762,0.8501854690618762,0.1456626193915597,0.1455931185848001,2026-01-01 01:14:57
2,0.0044733111901197,0.4093365269461078,0.8149370459081836,0.1337019596143947,0.1336271061264352,2026-01-01 01:14:58
2,0.0042030089820359,0.4093365269461078,0.8149370459081836,0.1354505896273148,0.1353853645926477,2026-01-01 01:14:59
2,0.0048759091972305,0.4429605988023952,0.8215968862275449,0.1430766785043851,0.1429935713287403,2026-01-01 01:15:00
2,0.0049060485279441,0.4429605988023952,0.8456372854291417,0.1436811047595824,0.1435973208412175,2026-01-01 01:15:01
2,0.004198567396457,0.4769095409181637,0.9054134131736526,0.144157270962561,0.1440961165444463,2026-01-01 01:15:02
2,0.0044008181683507,0.4769095409181637,0.9054134131736526,0.138023915536203,0.1379537388380395,2026-01-01 01:15:03
2,0.0043265802379615,0.427854131736527,0.8285815968063872,0.1325360081955852,0.1324653697079531,2026-01-01 01:15:04
2,0.0039603080557634,0.4179455888223553,0.8186730538922156,0.1365786372168337,0.1365212075250982,2026-01-01 01:15:05
2,0.0040900658058882,0.4233059481037924,0.8373530938123752,0.1414711736507033,0.1414120374501794,2026-01-01 01:15:06
2,0.0042144302020958,0.4233059481037924,0.8373530938123752,0.1403565519956443,0.1402932652203151,2026-01-01 01:15:07
2,0.0040521537004116,0.3627176447105788,0.7225114570858283,0.1243003571772149,0.1242342901326821,2026-01-01 01:15:08
2,0.0041175084596432,0.4533564471057884,0.8539214770459083,0.1254962432372347,0.1254286777046778,2026-01-01 01:15:09
2,0.0041769939807884,0.5037113373253493,0.9244183233532934,0.145823493457899,0.1457636579039863,2026-01-01 01:15:10
2,0.0041089425445983,0.5152442315369261,1.0301635928143713,0.151609340687191,0.1515536498233214,2026-01-01 01:15:11
2,0.0040378771753368,0.5152442315369261,1.0301635928143713,0.1380322421098298,0.1379731691662679,2026-01-01 01:15:12
2,0.0039012984187874,0.4445849500998003,0.8849465868263473,0.1349852762465084,0.1349288874703773,2026-01-01 01:15:13
2,0.0040986317209331,0.5061478642714571,1.0044988423153691,0.144575756098356,0.1445176476055001,2026-01-01 01:15:14
2,0.0037907346634855,0.5061478642714571,1.0044988423153691,0.1432763838100526,0.1432262283535964,2026-01-01 01:15:15
2,0.0036939715490893,0.3926057085828343,0.7504502994011977,0.1314983238636086,0.1314464292140833,2026-01-01 01:15:16
2,0.0040415256206337,0.3953671057884231,0.7532116966067864,0.1307198165234807,0.1306573247184795,2026-01-01 01:15:17
2,0.0038978086015469,0.4288287425149701,0.8518098203592814,0.1381563810113739,0.1381013855914039,2026-01-01 01:15:18
2,0.0038690969233408,0.4288287425149701,0.8537590419161678,0.1359628828504352,0.1359078202385682,2026-01-01 01:15:19
2,0.0038116735669286,0.4263922155688622,0.8513225149700598,0.1301618439929246,0.1301060212913208,2026-01-01 01:15:20
2,0.0037580572838697,0.4587168063872255,0.9145097804391218,0.131109227012114,0.1310553562933053,2026-01-01 01:15:21
2,0.0041785802613522,0.4627776846307385,0.921494491017964,0.1369311864952517,0.1368674150482752,2026-01-01 01:15:22
2,0.0037329940509605,0.4627776846307385,0.9088245508982036,0.1396310750553925,0.1395811659090872,2026-01-01 01:15:23
2,0.002941757305701,0.4228186427145708,0.8152619161676646,0.1357145724473154,0.1356826858464704,2026-01-01 01:15:24
2,0.0036871505426646,0.4907165269461078,0.9391999201596806,0.1350880998919419,0.1350377712097286,2026-01-01 01:15:25
2,0.0041008525137225,0.497051497005988,0.9877680239520958,0.1491153578647164,0.149058957999119,2026-01-01 01:15:26
2,0.0040142415949351,0.497051497005988,0.9518698602794412,0.1427377555039229,0.1426812976907456,2026-01-01 01:15:27
2,0.0038556135385479,0.4991631536926148,0.9396872255489022,0.1324797383743709,0.1324236207176919,2026-01-01 01:15:28
2,0.003535343492702,0.4991631536926148,0.9595043113772456,0.140298774108171,0.1402542240456386,2026-01-01 01:15:29
2,0.0037001580432884,0.4603411576846307,0.916459001996008,0.1464207643492355,0.1463740040549176,2026-01-01 01:15:30
2,0.0041652555046157,0.4561178443113772,0.8938805189620758,0.1422996774354548,0.1422387037511793,2026-01-01 01:15:31
2,0.0039725224161052,0.6396695409181637,1.2310958483033931,0.1394247753282514,0.1393681708317467,2026-01-01 01:15:32
2,0.0034097100720434,0.6396695409181637,1.2310958483033931,0.1380760519535143,0.1380339451015372,2026-01-01 01:15:33
2,0.0032255428985778,0.4619655089820359,0.912073253493014,0.149050467595626,0.1490155621520256,2026-01-01 01:15:34
2,0.0034739544348802,0.4619655089820359,0.912073253493014,0.1463793120705548,0.1463380833646295,2026-01-01 01:15:35
2,0.0039519007687749,0.5074473453093812,0.908012375249501,0.13335848614773,0.133299918634364,2026-01-01 01:15:36
2,0.0038077078655189,0.5074473453093812,0.908012375249501,0.1350908289791527,0.1350371557575379,2026-01-01 01:15:37
2,0.0028986104743637,0.4988382834331337,0.9676260678642714,0.1397955028596718,0.1397654487958537,2026-01-01 01:15:38
2,0.002897500077969,0.4988382834331337,0.9676260678642714,0.1419644683175793,0.1419348961953724,2026-01-01 01:15:39
2,0.0034511119947604,0.4678131736526946,0.9279918962075848,0.1382217806346827,0.1381786903535489,2026-01-01 01:15:40
2,0.0032594893026447,0.5233659880239522,1.0436457085828343,0.1404282720939347,0.1403904388937299,2026-01-01 01:15:41
2,0.0036879436829466,0.5233659880239522,1.0436457085828343,0.1437303812426953,0.1436830594174621,2026-01-01 01:15:42
2,0.0034883895880114,0.4403616367265469,0.8672411576846307,0.137359118327226,0.1373148153904564,2026-01-01 01:15:43
2,0.0029181217252994,0.4645644710578842,0.8240334131736526,0.1307776296377179,0.1307450686613321,2026-01-01 01:15:44
2,0.0035570755364271,0.4697623952095808,0.9343268662674652,0.139734501351027,0.1396892196321833,2026-01-01 01:15:45
2,0.0034956864786052,0.4697623952095808,0.91710874251497,0.1375234382559836,0.1374790029269584,2026-01-01 01:15:46
2,0.0033965439433632,0.4054380838323353,0.7944702195608782,0.1295072499782549,0.1294627022974996,2026-01-01 01:15:47
2,0.0034290626949226,0.5298633932135728,0.925230499001996,0.1338400117134932,0.1337960771641018,2026-01-01 01:15:48
2,0.0030115536505114,0.5298633932135728,0.925230499001996,0.1373998004605206,0.1373667926072417,2026-01-01 01:15:49
2,0.003190803354229,0.3865956087824351,0.7549984830339322,0.13490895313964,0.1348712141681398,2026-01-01 01:15:50
2,0.0031911206103418,0.4523818363273453,0.8389774451097805,0.133961600111446,0.1339235866218838,2026-01-01 01:15:51
2,0.003441118427208,0.4523818363273453,0.8717893413173652,0.1365589540580886,0.1365155911879998,2026-01-01 01:15:52
2,0.0039100229618887,0.427854131736527,0.8355663073852295,0.1381121372350021,0.1380567787979191,2026-01-01 01:15:53
2,0.0029585718796781,0.427854131736527,0.771241996007984,0.1318961558529102,0.131862969711773,2026-01-01 01:15:54
2,0.0029078109016342,0.3914686626746507,0.7805007984031935,0.1278217225709002,0.1277886434576739,2026-01-01 01:15:55
2,0.0036173541978542,0.4023518163672654,0.7913839520958084,0.1323272272462231,0.1322777752280436,2026-01-01 01:15:56
2,0.003533281327969,0.4023518163672654,0.7673435528942115,0.1296910724108546,0.1296429334215134,2026-01-01 01:15:57
2,0.0035393091941117,0.4535188822355289,0.8747131736526946,0.130734603215603,0.1306866855053323,2026-01-01 01:15:58
2,0.0035045696497629,0.4535188822355289,0.8865709381237525,0.1414699321260414,0.1414265169171493,2026-01-01 01:15:59
2,0.0033827433024575,0.4330520558882235,0.8496981636726546,0.1377240464378095,0.1376824971263726,2026-01-01 01:16:00
2,0.003536136632984,0.4905540918163673,0.8789364870259482,0.1382713349529174,0.1382261111634656,2026-01-01 01:16:01
2,0.0035137700770334,0.4905540918163673,0.9211696207584832,0.1369702773628425,0.1369251996555044,2026-01-01 01:16:02
2,0.0033752877838073,0.4306155289421158,0.8167238323353294,0.1324758104709879,0.1324328048193558,2026-01-01 01:16:03
2,0.0037448911551896,0.4314277045908183,0.8159116566866267,0.134545305290634,0.1344931781392115,2026-01-01 01:16:04
2,0.0034304903474301,0.4314277045908183,0.8128253892215569,0.143299708637451,0.1432586410362549,2026-01-01 01:16:05
2,0.0031639952126996,0.4434479041916167,0.853271736526946,0.1518550343164594,0.1518220688225104,2026-01-01 01:16:06
2,0.0036730326456462,0.4434479041916167,0.853271736526946,0.1470181598217473,0.1469722699986526,2026-01-01 01:16:07
2,0.0036907989879615,0.3713267065868263,0.7353438323353294,0.1373424892441218,0.1372928889440461,2026-01-01 01:16:08
2,0.0033443553128118,0.4549807984031936,0.8693528143712574,0.1389584510870079,0.1389182004491926,2026-01-01 01:16:09
2,0.0032553649731786,0.4549807984031936,0.8693528143712574,0.1404858566877194,0.1404481346553732,2026-01-01 01:16:10
2,0.003380046625499,0.4624528143712574,0.8643173253493014,0.1420031412087075,0.1419629085287758,2026-01-01 01:16:11
2,0.0037586917960953,0.4850312974051896,0.8868958083832336,0.1405117769000868,0.1404614953772091,2026-01-01 01:16:12
2,0.0040810240066741,0.4850312974051896,0.8682157684630738,0.1329313372987199,0.1328686783221802,2026-01-01 01:16:13
2,0.0038567239349426,0.4133974051896207,0.8034041516966068,0.1341138290638409,0.1340583635087896,2026-01-01 01:16:14
2,0.0034436564761102,0.390006746506986,0.7754653093812376,0.1314946488167344,0.1314495488676582,2026-01-01 01:16:15
2,0.0036365481926771,0.6596490618762475,1.251075369261477,0.1394671781765506,0.1394197593806992,2026-01-01 01:16:16
2,0.0039255685114146,0.6596490618762475,1.251075369261477,0.1487285850449398,0.1486767699451803,2026-01-01 01:16:17
2,0.0040805481225049,0.4502701796407186,0.8833222355289421,0.1393984433842938,0.1393387065570227,2026-01-01 01:16:18
2,0.0039390518962075,0.4708994411177644,0.921169620758483,0.1344888631206693,0.1344311651874263,2026-01-01 01:16:19
2,0.0035140873331462,0.4708994411177644,0.921169620758483,0.1366752112153628,0.1366300279988958,2026-01-01 01:16:20
2,0.0036790605117889,0.4876302594810379,0.8808857085828343,0.1398361559324612,0.1397877498914629,2026-01-01 01:16:21
2,0.0039480936954216,0.4876302594810379,0.8808857085828343,0.1405864197944388,0.1405309716282868,2026-01-01 01:16:22
2,0.0039625288485528,0.4085243512974052,0.8149370459081837,0.139541275525219,0.1394850025641807,2026-01-01 01:16:23
2,0.0039477764393088,0.4085243512974052,0.8154243512974053,0.1375975972328257,0.1375409532664077,2026-01-01 01:16:24
2,0.0034576157450723,0.4767471057884231,0.9323776447105788,0.1337488020121262,0.1337041021548642,2026-01-01 01:16:25
2,0.0037867689620758,0.4767471057884231,0.9323776447105788,0.1353509626247862,0.1352979802668322,2026-01-01 01:16:26
2,0.0045810196404066,0.4975388023952096,0.9320527744510978,0.1382289465644486,0.1381530163527796,2026-01-01 01:16:27
2,0.0040772169333208,0.4975388023952096,0.9320527744510978,0.1365485227177515,0.1364876381159808,2026-01-01 01:16:28
2,0.0035788075801521,0.4640771656686627,0.8513225149700598,0.1378108169997862,0.1377643401554002,2026-01-01 01:16:29
2,0.0038816285397954,0.476097365269461,0.9401745309381238,0.1488985553256182,0.148847951742492,2026-01-01 01:16:30
2,0.0038838493325848,0.476097365269461,0.8989160079840319,0.1523619530417655,0.1523124435135321,2026-01-01 01:16:31
2,0.0042079264517839,0.4273668263473054,0.8168862674650699,0.1434935544911228,0.1434318428225518,2026-01-01 01:16:32
2,0.0043077034992514,0.4398743313373253,0.8332922155688622,0.1402474723405269,0.1401813011370254,2026-01-01 01:16:33
2,0.0036835020973677,0.4398743313373253,0.8332922155688622,0.1444773965756754,0.1444304328511954,2026-01-01 01:16:34
2,0.0039714120197105,0.3597938123752495,0.7191003193612774,0.1367465923842935,0.1366889110911555,2026-01-01 01:16:35
2,0.0041238535818987,0.4952647105788423,0.8776370059880239,0.1321273430298802,0.1320629721298543,2026-01-01 01:16:36
2,0.0036617700536427,0.5214167664670659,0.9544688223552896,0.1447325049590002,0.1446861756761207,2026-01-01 01:16:37
2,0.0044763251231911,0.5214167664670659,0.9879304590818364,0.1504685009947336,0.1504019025976521,2026-01-01 01:16:38
2,0.0042556734967564,0.4704121357285429,0.9369258283433132,0.1451224646526624,0.1450600530468408,2026-01-01 01:16:39
2,0.0033264303424401,0.5113457884231537,0.9557683033932136,0.1427122562880029,0.1426734837171558,2026-01-01 01:16:40
2,0.003689371335454,0.5113457884231537,0.9755853892215568,0.1408279937710071,0.1407796589309547,2026-01-01 01:16:41
2,0.0039856885447854,0.4642396007984031,0.902652015968064,0.1378829275509078,0.1378253097106364,2026-01-01 01:16:42
2,0.0044111289920159,0.4094989620758483,0.7692927744510978,0.1379057409541393,0.1378351744988411,2026-01-01 01:16:43
2,0.0040886381533807,0.509559001996008,1.0181433932135728,0.1415906282536315,0.1415315832148739,2026-01-01 01:16:44
2,0.0037269661848178,0.509559001996008,1.0181433932135728,0.1466054683717393,0.1465580877316372,2026-01-01 01:16:45
2,0.0039070090288173,0.4834069461077844,0.92019500998004,0.137890003362895,0.1378346411750977,2026-01-01 01:16:46
2,0.0038567239349426,0.4834069461077844,0.92019500998004,0.1283842603548995,0.1283263183737625,2026-01-01 01:16:47
2,0.0039495213479291,0.4626152495009979,0.8929059081836327,0.1337816470989808,0.1337233352173004,2026-01-01 01:16:48
2,0.0043056413345184,0.4626152495009979,0.8929059081836327,0.1362335650596255,0.1361655084871117,2026-01-01 01:16:49
2,0.0041785802613522,0.4249302994011976,0.8393023153692616,0.1332872499663855,0.1332217342275695,2026-01-01 01:16:50
2,0.0037023788360778,0.4249302994011976,0.8393023153692616,0.1352650093380266,0.1352143303876131,2026-01-01 01:16:51
2,0.0037536156982909,0.4596914171656686,0.8730888223552894,0.1431928034313727,0.1431435968659629,2026-01-01 01:16:52
2,0.0039070090288173,0.4596914171656686,0.8730888223552894,0.1356116852401574,0.1355553925674824,2026-01-01 01:16:53
2,0.0041309918444361,0.4314277045908183,0.8508352095808382,0.1289787621947335,0.1289125905552549,2026-01-01 01:16:54
2,0.0042827988943987,0.4395494610778443,0.8589569660678642,0.1369043847266118,0.1368373786324566,2026-01-01 01:16:55
2,0.0038387989645708,0.4418235528942116,0.8501854690618762,0.1395225794100497,0.1394697594023279,2026-01-01 01:16:56
2,0.0039396864084331,0.4418235528942116,0.8501854690618762,0.1383103901177652,0.1382542689595212,2026-01-01 01:16:57
2,0.0042988203280938,0.4613157684630738,0.8376779640718564,0.1364625755381921,0.1363948483862332,2026-01-01 01:16:58
2,0.0040907003181137,0.4928281836327345,0.9773721756487026,0.1405439425795205,0.1404843975917003,2026-01-01 01:16:59
2,0.0039879093375748,0.513619880239521,1.0064480638722555,0.1399577415422308,0.1399009149245178,2026-01-01 01:17:00
2,0.0038760765578218,0.513619880239521,0.9547936926147704,0.1421900647276437,0.1421372243213206,2026-01-01 01:17:01
2,0.0038479993918413,0.4091740918163672,0.8064904191616766,0.142589981871708,0.1425380504667242,2026-01-01 01:17:02
2,0.0043703615815244,0.4091740918163672,0.8064904191616766,0.1350721830917977,0.1350014614173893,2026-01-01 01:17:03
2,0.0042348932213697,0.4819450299401198,0.9460221956087824,0.141548909207555,0.1414855447643053,2026-01-01 01:17:04
2,0.0036005396238772,0.4819450299401198,0.9460221956087824,0.1509086124469707,0.1508656535633173,2026-01-01 01:17:05
2,0.0039268375358657,0.4346764071856287,0.855708263473054,0.1514091546365259,0.1513582242718061,2026-01-01 01:17:06
2,0.0039430175976172,0.4346764071856287,0.826957245508982,0.1330690265865951,0.1330105952506372,2026-01-01 01:17:07
2,0.0040294698883483,0.5470815169660679,0.9905294211576846,0.125886560537397,0.1258220548884599,2026-01-01 01:17:08
2,0.0044333369199101,0.5470815169660679,0.9905294211576846,0.1334175451599427,0.1333438670515442,2026-01-01 01:17:09
2,0.0038083423777445,0.4039761676646707,0.8043787624750499,0.1328102639817882,0.1327556505285035,2026-01-01 01:17:10
2,0.0033603767465069,0.4094989620758483,0.7923585628742515,0.1348709661029069,0.1348290968806547,2026-01-01 01:17:11
2,0.0037498086249376,0.488604870259481,0.9055758483033932,0.1445883221665262,0.1445396895050197,2026-01-01 01:17:12
2,0.004149392698977,0.488604870259481,0.959991616766467,0.1434858606285,0.1434258510190231,2026-01-01 01:17:13
2,0.0040413669925773,0.47577249500998,0.934651736526946,0.1401116170788742,0.1400533205364599,2026-01-01 01:17:14
2,0.0036457486199476,0.47577249500998,0.934651736526946,0.1417848455804256,0.1417379658146161,2026-01-01 01:17:15
2,0.0034438151041666,0.3979660678642714,0.7722166067864271,0.137859760672425,0.1378167397313789,2026-01-01 01:17:16
2,0.0038909875951222,0.4561178443113772,0.8615559281437126,0.1464586462737629,0.1464069509411278,2026-01-01 01:17:17
2,0.0042996134683757,0.4561178443113772,0.8615559281437126,0.1510434917315486,0.150982282796628,2026-01-01 01:17:18
2,0.0042954891389096,0.4270419560878243,0.8215968862275449,0.1372535374299697,0.1371863051113251,2026-01-01 01:17:19
2,0.0043123037128867,0.5193051097804391,1.032275249500998,0.1377231790866102,0.1376556504267453,2026-01-01 01:17:20
2,0.0036470176443987,0.5193051097804391,1.032275249500998,0.1438530827346781,0.1438068450198792,2026-01-01 01:17:21
2,0.0034998108080713,0.5032240319361277,0.954956127744511,0.1466022948897384,0.1465605137519841,2026-01-01 01:17:22
2,0.0039025674432385,0.4361383233532934,0.8623681037924151,0.1434830767979198,0.1434299944040601,2026-01-01 01:17:23
2,0.0037431462465693,0.4172958483033932,0.810063992015968,0.1396412060081805,0.1395910286214551,2026-01-01 01:17:24
2,0.0038995535101671,0.4172958483033932,0.8185106187624751,0.1391123425755341,0.1390576763047409,2026-01-01 01:17:25
2,0.0038797250031187,0.4012147704590819,0.7902469061876247,0.1290251730304493,0.1289668291051523,2026-01-01 01:17:26
2,0.0036841366095933,0.3515096207584831,0.6806031936127745,0.1307296538414514,0.1306777315802029,2026-01-01 01:17:27
2,0.0039457142745758,0.4782090219560878,0.9460221956087824,0.1451122800960219,0.1450586266773877,2026-01-01 01:17:28
2,0.0040434291573103,0.4782090219560878,0.9460221956087824,0.1417520426168722,0.1416943621556813,2026-01-01 01:17:29
2,0.0037736028333957,0.4546559281437125,0.8664289820359281,0.1381374197691194,0.1380858669890793,2026-01-01 01:17:30
2,0.003776616766467,0.4281790019960079,0.8399520558882234,0.1430053138421584,0.1429554369476497,2026-01-01 01:17:31
2,0.0037563123752495,0.5285639121756487,0.900865229540918,0.1352049416128848,0.135152751928635,2026-01-01 01:17:32
2,0.003891304851235,0.5285639121756487,0.9699001596806388,0.1338082345761388,0.1337516406887696,2026-01-01 01:17:33
2,0.0042455213011477,0.4600162874251497,0.9013525349301396,0.1365488168071003,0.1364828008223033,2026-01-01 01:17:34
2,0.0041900014814121,0.5238532934131735,0.9994633532934132,0.1370068574723878,0.1369427722884452,2026-01-01 01:17:35
2,0.0037112620072355,0.5238532934131735,0.9994633532934132,0.1375188975385731,0.1374688099698918,2026-01-01 01:17:36
2,0.0036538386508233,0.4793460678642715,0.9203574451097803,0.1469705942120608,0.1469251681168342,2026-01-01 01:17:37
2,0.0037047582569236,0.4793460678642715,0.9203574451097803,0.1433628221025563,0.1433149452341484,2026-01-01 01:17:38
2,0.0040426360170284,0.4515696606786427,0.8378403992015968,0.1351627428185517,0.135102272890828,2026-01-01 01:17:39
2,0.0043789274965693,0.5381475848303393,1.0012501397205589,0.1454144333574245,0.145348486138111,2026-01-01 01:17:40
2,0.0038513305810254,0.562187984031936,1.0475441516966066,0.1540453890071837,0.1539972374009683,2026-01-01 01:17:41
2,0.0035791248362649,0.562187984031936,1.0475441516966066,0.1499045241994831,0.1498617904633461,2026-01-01 01:17:42
2,0.0035778558118138,0.4881175648702595,0.9317279041916168,0.149427522270797,0.1493846824804317,2026-01-01 01:17:43
2,0.0040492983953967,0.4881175648702595,0.9439105389221556,0.1474605364629447,0.1474049286708029,2026-01-01 01:17:44
2,0.0042461558133732,0.4557929740518961,0.8803984031936127,0.1387405121211054,0.1386755200618882,2026-01-01 01:17:45
2,0.0034991762958458,0.4246054291417165,0.8417388423153693,0.1388421816360402,0.1387980805584348,2026-01-01 01:17:46
2,0.0034465117811252,0.4561178443113772,0.90768750499002,0.1453793456750422,0.145338486662845,2026-01-01 01:17:47
2,0.0039823573556012,0.4561178443113772,0.90768750499002,0.1413078300023487,0.1412517031750944,2026-01-01 01:17:48
2,0.0038798836311751,0.4424732934131736,0.8342668263473054,0.1339857452411502,0.1339295577191045,2026-01-01 01:17:49
2,0.0042334655688622,0.4821074650698603,0.9507328143712576,0.1383571052540672,0.1382923220701796,2026-01-01 01:17:50
2,0.0044322265235154,0.4821074650698603,0.9507328143712576,0.1362265535811851,0.1361544316893569,2026-01-01 01:17:51
2,0.0031749405485903,0.4647269061876247,0.8550585229540918,0.1308926610436089,0.1308541496001942,2026-01-01 01:17:52
2,0.0034325525121631,0.4791836327345309,0.9072001996007985,0.1426548998477063,0.1426135969457694,2026-01-01 01:17:53
2,0.0043314977077095,0.4791836327345309,0.9072001996007985,0.141248301987401,0.1411818718601369,2026-01-01 01:17:54
2,0.0041165566913048,0.3869204790419161,0.7273845109780439,0.1305186158501825,0.1304536816055982,2026-01-01 01:17:55
2,0.0040164623877245,0.5214167664670659,1.0368234331337325,0.1399789568065024,0.1399213221011175,2026-01-01 01:17:56
2,0.003598001574975,0.5214167664670659,1.0368234331337325,0.1428521360381523,0.1428068176080163,2026-01-01 01:17:57
2,0.0037972384137974,0.4510823552894211,0.7803383632734531,0.1366865472576879,0.136633792239171,2026-01-01 01:17:58
2,0.0043965352108283,0.4580670658682634,0.8612310578842315,0.1301914867299893,0.1301172305849803,2026-01-01 01:17:59
2,0.0045688052800648,0.4580670658682634,0.8612310578842315,0.1307866919904319,0.1307068660021843,2026-01-01 01:18:00
2,0.0034975900152819,0.462940119760479,0.847911377245509,0.1390696206886693,0.1390256316747936,2026-01-01 01:18:01
2,0.0032858215600049,0.462940119760479,0.8678908982035929,0.1379691626731977,0.1379300301798673,2026-01-01 01:18:02
2,0.0039988546734655,0.4380875449101796,0.8581447904191617,0.1366658798248804,0.1366073638923216,2026-01-01 01:18:03
2,0.0041942844389346,0.4380875449101796,0.8581447904191617,0.1382194283227764,0.138155775644453,2026-01-01 01:18:04
2,0.0044228674681886,0.4138847105788423,0.805028502994012,0.1286571721621344,0.1285811268892754,2026-01-01 01:18:05
2,0.0038974913454341,0.4138847105788423,0.805028502994012,0.1302802054708869,0.1302218933157891,2026-01-01 01:18:06
2,0.0034111377245508,0.4681380439121756,0.9003779241516966,0.1449363229095248,0.1448961760639604,2026-01-01 01:18:07
2,0.0038272191164545,0.4764222355289421,0.9445602794411178,0.1470636575842938,0.147013848925552,2026-01-01 01:18:08
2,0.004447613444985,0.4764222355289421,0.8501854690618762,0.13857173971495,0.1385003457839432,2026-01-01 01:18:09
2,0.0049193732846806,0.4233059481037924,0.7970691816367266,0.139659851649829,0.1395731848505945,2026-01-01 01:18:10
2,0.0041643037362774,0.4611533333333333,0.8709771656686627,0.1359787323417608,0.13591495217107,2026-01-01 01:18:11
2,0.0035718279456711,0.4725237924151697,0.933677125748503,0.1319763106812846,0.1319279675662802,2026-01-01 01:18:12
2,0.0043267388660179,0.4725237924151697,0.9141849101796408,0.1431539325553621,0.1430885311157064,2026-01-01 01:18:13
2,0.0038984431137724,0.441661117764471,0.8341043912175649,0.1381249227216765,0.1380698968571998,2026-01-01 01:18:14
2,0.0042413969716816,0.3844839520958084,0.736805748502994,0.1278875050656326,0.1278171526190472,2026-01-01 01:18:15
2,0.0047109360185878,0.4246054291417165,0.8308556886227545,0.1391742003480974,0.1390944467775803,2026-01-01 01:18:16
2,0.0036546317911052,0.4246054291417165,0.8308556886227545,0.1419156257477282,0.1418685606392082,2026-01-01 01:18:17
2,0.0035377229135479,0.4020269461077844,0.7879728143712575,0.1326526170566191,0.1326054347625202,2026-01-01 01:18:18
2,0.0045824472929141,0.4043010379241517,0.8063279840319362,0.13097439841887,0.1308942100247087,2026-01-01 01:18:19
2,0.0043335598724426,0.4288287425149701,0.8331297804391218,0.1469208916645703,0.1468569666932569,2026-01-01 01:18:20
2,0.0039526939090568,0.4288287425149701,0.8102264271457087,0.1491282711578839,0.1490758782278362,2026-01-01 01:18:21
2,0.0040136070827095,0.4174582834331337,0.8146121756487026,0.1356657507543664,0.1356063674239948,2026-01-01 01:18:22
2,0.0039917164109281,0.4354885828343313,0.8628554091816367,0.1390907360544379,0.139033445818839,2026-01-01 01:18:23
2,0.0041230604416167,0.4354885828343313,0.8628554091816367,0.138044115904936,0.1379825289975879,2026-01-01 01:18:24
2,0.0043510089586452,0.4695999600798403,0.8376779640718564,0.1346765804215243,0.1346062778442264,2026-01-01 01:18:25
2,0.0044190603948353,0.4968890618762475,0.8903069461077844,0.1421194742155603,0.1420507545088518,2026-01-01 01:18:26
2,0.0039955234842814,0.4968890618762475,0.9279918962075848,0.1472134821896556,0.1471592509171292,2026-01-01 01:18:27
2,0.0036815985606911,0.4861683433133732,0.9172711776447106,0.1479221459686518,0.1478763236627454,2026-01-01 01:18:28
2,0.0037341044473552,0.4103111377245509,0.7991808383233533,0.1428290513892687,0.1427802310711627,2026-01-01 01:18:29
2,0.0043816241735279,0.4075497405189621,0.7892722954091816,0.1404387682616656,0.1403703993029006,2026-01-01 01:18:30
2,0.0041974570000623,0.4075497405189621,0.7892722954091816,0.1438549219131437,0.1437936713258594,2026-01-01 01:18:31
2,0.0041159221790793,0.4645644710578842,0.8713020359281437,0.1379749665057597,0.1379135619396485,2026-01-01 01:18:32
2,0.0037434635026821,0.4645644710578842,0.8713020359281437,0.1343618165468756,0.134309657980282,2026-01-01 01:18:33
2,0.0036980958785553,0.3995904191616766,0.7795261876247506,0.1376585741295728,0.1376088918575398,2026-01-01 01:18:34
2,0.0044112876200723,0.4421484231536926,0.8417388423153693,0.1405865400264869,0.1405173148695633,2026-01-01 01:18:35
2,0.0043008824928268,0.4421484231536926,0.8345916966067864,0.1362534723248613,0.1361855760731092,2026-01-01 01:18:36
2,0.0041194119963198,0.4189201996007984,0.8300435129740519,0.1470907755720683,0.1470330803023495,2026-01-01 01:18:37
2,0.0040864173605913,0.4866556487025948,0.9013525349301396,0.1536390983433352,0.1535847444667213,2026-01-01 01:18:38
2,0.0040378771753368,0.4866556487025948,0.9013525349301396,0.1359383307071349,0.1358783474412287,2026-01-01 01:18:39
2,0.004094507391467,0.4026766866267465,0.7902469061876247,0.1356927332775622,0.1356309436432441,2026-01-01 01:18:40
2,0.0045781643353917,0.4234683832335329,0.8261450698602795,0.1443172611744496,0.1442446265349681,2026-01-01 01:18:41
2,0.0040318493091941,0.4234683832335329,0.805028502994012,0.1448793271027632,0.1448232150343908,2026-01-01 01:18:42
2,0.00336243891124,0.4348388423153692,0.8430383233532934,0.139692074785249,0.139651601359869,2026-01-01 01:18:43
2,0.00375980219249,0.4348388423153692,0.8508352095808382,0.1329177521509464,0.1328645653450677,2026-01-01 01:18:44
2,0.0043197592315369,0.5292136526946108,1.0442954491017966,0.13415280569271,0.1340832389055677,2026-01-01 01:18:45
2,0.0044209639315119,0.5292136526946108,1.0442954491017966,0.1387051494755153,0.1386346766467225,2026-01-01 01:18:46
2,0.0039373069875873,0.5001377644710578,0.9476465469061875,0.1412997338370676,0.1412448667956172,2026-01-01 01:18:47
2,0.0035786489520958,0.4393870259481038,0.8680533333333333,0.1479161518332846,0.1478728549965982,2026-01-01 01:18:48
2,0.0038500615565743,0.4078746107784431,0.8038914570858283,0.1460791718847729,0.1460284269741738,2026-01-01 01:18:49
2,0.0047491653801771,0.4509199201596806,0.8929059081836328,0.1342199619159345,0.1341359146720469,2026-01-01 01:18:50
2,0.0043706788376372,0.4726862275449102,0.9146722155688622,0.1377390085086999,0.1376696467325239,2026-01-01 01:18:51
2,0.0051987172919785,0.4385748502994012,0.8537590419161676,0.1475936819907015,0.1475020959243983,2026-01-01 01:18:52
2,0.0049663271893712,0.4385748502994012,0.8537590419161676,0.1388888955409117,0.1388000752839219,2026-01-01 01:18:53
2,0.0048743229166666,0.3755500199600798,0.7478513373253493,0.1329492890034918,0.1328599052484911,2026-01-01 01:18:54
2,0.0048305415731037,0.4712243113772455,0.8945302594810379,0.1412960256826106,0.1412134297501887,2026-01-01 01:18:55
2,0.0047413926054141,0.4712243113772455,0.8945302594810379,0.1478068426596714,0.1477307751728874,2026-01-01 01:18:56
2,0.0050881535366766,0.4211942914171657,0.8323176047904192,0.1427639208498049,0.1426732202972813,2026-01-01 01:18:57
2,0.0048481492873627,0.4211942914171657,0.8323176047904192,0.1452116725983561,0.1451307180003586,2026-01-01 01:18:58
2,0.0048762264533433,0.4546559281437125,0.8682157684630738,0.1482571199276883,0.1481769078663361,2026-01-01 01:18:59
2,0.0050851396036052,0.4546559281437125,0.8682157684630738,0.1445264856231705,0.1444369980365016,2026-01-01 01:19:00
2,0.0048173754444236,0.3978036327345309,0.7829373253493014,0.1397939746742551,0.1397109453444996,2026-01-01 01:19:01
2,0.0048218170300024,0.4291536127744511,0.84823624750499,0.1419845243632534,0.1419026259066001,2026-01-01 01:19:02
2,0.0048383143478667,0.4291536127744511,0.84823624750499,0.142427478646054,0.1423452752561299,2026-01-01 01:19:03
2,0.0043307045674276,0.4283414371257485,0.8365409181636727,0.1373690152422402,0.1373007332339215,2026-01-01 01:19:04
2,0.0046600164124875,0.4655390818363273,0.8737385628742516,0.1478442660821237,0.1477708065227944,2026-01-01 01:19:05
2,0.005162074210953,0.4655390818363273,0.8683782035928145,0.1553384641838461,0.1552526696866648,2026-01-01 01:19:06
2,0.0048538598973927,0.402839121756487,0.8047036327345309,0.1436748587231303,0.1435928447841603,2026-01-01 01:19:07
2,0.0046149660444735,0.4483209580838323,0.8084396407185629,0.1371334537109138,0.1370557777515844,2026-01-01 01:19:08
2,0.0047618556246881,0.4996504590818363,0.8597691417165669,0.1464496389798895,0.1463722018975926,2026-01-01 01:19:09
2,0.0049742585921906,0.4996504590818363,0.8977789620758483,0.1522679245552517,0.1521866538163641,2026-01-01 01:19:10
2,0.0046903143712574,0.4661888223552894,0.9310781636726546,0.1485535621855708,0.1484794995584274,2026-01-01 01:19:11
2,0.004332925360217,0.4661888223552894,0.9292913772455088,0.13490247619459,0.1348328737409936,2026-01-01 01:19:12
2,0.0047984987057135,0.402514251497006,0.7845616766467066,0.1419558668807609,0.1418747424739145,2026-01-01 01:19:13
2,0.0050949745431012,0.402514251497006,0.7852114171656687,0.1542907247647602,0.1542065789220425,2026-01-01 01:19:14
2,0.004638125740706,0.4400367664670658,0.8105512974051896,0.1454014512656088,0.145327457212182,2026-01-01 01:19:15
2,0.0048559220621257,0.4400367664670658,0.8365409181636726,0.1381677504095193,0.1380823930635393,2026-01-01 01:19:16
2,0.0047837462964695,0.4145344510978044,0.8110386027944112,0.1515279858635705,0.1514524554810566,2026-01-01 01:19:17
2,0.0044307988710079,0.4658639520958084,0.8997281836327344,0.1612062053104479,0.1611453029162158,2026-01-01 01:19:18
2,0.0047122050430389,0.4824323353293413,0.9482962874251496,0.1499222079255799,0.1498481349664158,2026-01-01 01:19:19
2,0.0048862200208957,0.4824323353293413,0.8492108582834332,0.138656278984644,0.1385701575223714,2026-01-01 01:19:20
2,0.0047946916323602,0.4187577644710579,0.8289064670658682,0.1475315656422597,0.1474536326884046,2026-01-01 01:19:21
2,0.0047193433055763,0.4187577644710579,0.8289064670658682,0.1556107431827287,0.1555391628903963,2026-01-01 01:19:22
2,0.0049477677067739,0.4060878243512973,0.7982062275449102,0.1485982622041728,0.1485158682593206,2026-01-01 01:19:23
2,0.004571343328967,0.4098238323353293,0.8159116566866267,0.1437187049016857,0.1436459848335014,2026-01-01 01:19:24
2,0.0043002479806012,0.4098238323353293,0.8154243512974051,0.1478851286210022,0.1478225934509191,2026-01-01 01:19:25
2,0.0043457742327844,0.4517320958083832,0.8573326147704591,0.1510084951361209,0.1509459500933811,2026-01-01 01:19:26
2,0.0048919306309256,0.4517320958083832,0.8573326147704591,0.1456209038794114,0.145538711899477,2026-01-01 01:19:27
2,0.005297225314995,0.424118123752495,0.8245207185628742,0.1383720888139641,0.138270656202615,2026-01-01 01:19:28
2,0.0047845394367514,0.4358134530938123,0.8404393612774451,0.1426882343696882,0.142607995603042,2026-01-01 01:19:29
2,0.0049780656655439,0.4358134530938123,0.8615559281437126,0.1510276800369309,0.1509456160329511,2026-01-01 01:19:30
2,0.0053560763239146,0.4257424750499002,0.8419012774451098,0.1519082096040904,0.151813756265803,2026-01-01 01:19:31
2,0.0048075405049276,0.5324623552894212,0.9804584431137724,0.1405051324078349,0.1404228606290183,2026-01-01 01:19:32
2,0.0046765137303517,0.5667361676646706,1.117716127744511,0.1504837027205634,0.1504110202206632,2026-01-01 01:19:33
2,0.0049200077969061,0.5667361676646706,1.117716127744511,0.1521552165452679,0.1520756504020803,2026-01-01 01:19:34
2,0.0048210238897205,0.4168085429141716,0.8250080239520958,0.1377276462797947,0.1376432427634099,2026-01-01 01:19:35
2,0.0048878063014595,0.501437245508982,0.9957273453093812,0.1417713851816317,0.1416871024683545,2026-01-01 01:19:36
2,0.0050484965225798,0.5581271057884232,1.0524172055888223,0.1517636055828015,0.1516796118875363,2026-01-01 01:19:37
2,0.0054234932478792,0.5581271057884232,1.005311017964072,0.151210290790767,0.1511129966681176,2026-01-01 01:19:38
2,0.0045895855554515,0.4302906586826347,0.8246831536926148,0.1464947845905198,0.1464228725870791,2026-01-01 01:19:39
2,0.0043031032856162,0.4302906586826347,0.8550585229540918,0.1405989340060903,0.1405330692248705,2026-01-01 01:19:40
2,0.0049544300851422,0.4259049101796407,0.8506727744510978,0.1396324121869268,0.1395444880877467,2026-01-01 01:19:41
2,0.0047017355913173,0.466676127744511,0.9062255888223554,0.1492355336812964,0.1491614500987795,2026-01-01 01:19:42
2,0.0044306402429515,0.466676127744511,0.9062255888223554,0.1504472693993312,0.1503820145388154,2026-01-01 01:19:43
2,0.0050099499048777,0.436950499001996,0.8365409181636727,0.1446371955972128,0.1445504021169675,2026-01-01 01:19:44
2,0.0049921835625623,0.4764222355289421,0.868865508982036,0.1443549539004715,0.1442686064911037,2026-01-01 01:19:45
2,0.0046757205900698,0.4764222355289421,0.868865508982036,0.1492776025326987,0.149204357358872,2026-01-01 01:19:46
2,0.0049255597788797,0.4621279441117765,0.921494491017964,0.1530914809838944,0.1530122230761542,2026-01-01 01:19:47
2,0.0045865716223802,0.4700872654690619,0.9322152095808384,0.1544307426011483,0.154362617304498,2026-01-01 01:19:48
2,0.0045921236043537,0.4700872654690619,0.9297786826347304,0.1541339266243951,0.1540655046967255,2026-01-01 01:19:49
2,0.0047339370867639,0.4158339321357285,0.8308556886227545,0.1551902670270871,0.1551180480137536,2026-01-01 01:19:50
2,0.0048249895911302,0.4150217564870259,0.7738409580838324,0.1446449966482834,0.1445644995523707,2026-01-01 01:19:51
2,0.0048264172436377,0.3955295409181636,0.7491508183632734,0.1349232856009204,0.134836933716018,2026-01-01 01:19:52
2,0.0047061771768962,0.454493493013972,0.8981038323353294,0.1462683526897964,0.1461926225736659,2026-01-01 01:19:53
2,0.0044810839648827,0.454493493013972,0.8981038323353294,0.1505589767250178,0.1504922767419781,2026-01-01 01:19:54
2,0.005087519024451,0.4372753692614771,0.8682157684630738,0.1475811308798326,0.1474934145714517,2026-01-01 01:19:55
2,0.0049276219436127,0.4372753692614771,0.8682157684630738,0.1418936198462942,0.1418080318425775,2026-01-01 01:19:56
2,0.0043102415481536,0.4164836726546906,0.8051909381237525,0.1445891133179549,0.1445248542911183,2026-01-01 01:19:57
2,0.0049022414545908,0.4393870259481038,0.8280942914171657,0.1572273713250203,0.1571509284811793,2026-01-01 01:19:58
2,0.005008839508483,0.4770719760479042,0.9294538123752496,0.1509931653580285,0.1509100643151914,2026-01-01 01:19:59
3,0.0165076286879366,3.143525848303393,5.95324750499002,0.6351171681825482,0.6349026031725814,2026-01-01 01:30:00
3,0.0176933734094311,3.130531037924152,6.25700119760479,0.6635990435156733,0.6633631246099763,2026-01-01 01:30:01
3,0.0168264710812749,3.227586027944112,6.358117065868264,0.6474971831556999,0.6472785119757314,2026-01-01 01:30:02
3,0.0166868783916541,3.227586027944112,5.955277944111777,0.63091384078579,0.6306931286962142,2026-01-01 01:30:03
3,0.0169732020334331,3.016014271457086,5.995074550898204,0.6496231501202495,0.6494013763343041,2026-01-01 01:30:04
3,0.0166337379927644,3.016014271457086,5.995074550898204,0.6496342961547353,0.6494213097064543,2026-01-01 01:30:05
3,0.0160103297311626,2.8284016966067864,5.639747704590818,0.6358150925375939,0.6356134841556531,2026-01-01 01:30:06
3,0.0163014122146332,3.0748970059880243,6.04705379241517,0.6113054218670039,0.611088031926501,2026-01-01 01:30:07
3,0.0174526553338635,3.383117664670659,6.458014670658683,0.6507872442371821,0.6505531815951892,2026-01-01 01:30:08
3,0.0177108224956337,3.383117664670659,6.5262374251497,0.6752550745004194,0.6750227717678087,2026-01-01 01:30:09
3,0.0166464282372754,3.143119760479042,6.160758383233533,0.6236682563930573,0.6234460605852743,2026-01-01 01:30:10
3,0.017073137708957,3.278347005988024,6.1660375249501,0.6303569486259611,0.6301256943259841,2026-01-01 01:30:11
3,0.01753315907248,3.278347005988024,6.0559877245508975,0.6513354470078835,0.6510994185697745,2026-01-01 01:30:12
3,0.0170969319174151,3.379462874251497,6.174565369261478,0.6616043218553621,0.6613833786970345,2026-01-01 01:30:13
3,0.0163985718991704,3.379462874251497,6.174565369261478,0.6425819508041541,0.642372672472094,2026-01-01 01:30:14
3,0.0182398470636851,2.9209897205588824,5.638123353293413,0.6347377418786897,0.6344756172969546,2026-01-01 01:30:15
3,0.0188196326097804,3.2109364271457084,6.405629341317365,0.6815139703094658,0.6812540738633452,2026-01-01 01:30:16
3,0.0171215192661551,3.2109364271457084,6.405629341317365,0.655505639494933,0.655281998064711,2026-01-01 01:30:17
3,0.0176588718071669,2.706981437125749,5.226350299401197,0.620691717719928,0.6204404666788046,2026-01-01 01:30:18
3,0.0163252064230913,3.2405808383233534,6.069794710578842,0.6514823603797867,0.6512777852201483,2026-01-01 01:30:19
3,0.0177798257001621,3.2405808383233534,6.069794710578842,0.6700283871814244,0.6697924435427834,2026-01-01 01:30:20
3,0.0186054847336576,3.4058585828343317,6.450705089820359,0.6564814464094051,0.6562177423825192,2026-01-01 01:30:21
3,0.017731840713105,3.4058585828343317,6.450705089820359,0.6245593341434142,0.6243075713865642,2026-01-01 01:30:22
3,0.0186241235302831,2.8803809381237526,5.677513872255489,0.6815582071035581,0.6813037000434867,2026-01-01 01:30:23
3,0.0162403404129241,3.053374351297405,5.97192754491018,0.6788167514869976,0.6786224527987802,2026-01-01 01:30:24
3,0.0174915192076783,3.053374351297405,5.97192754491018,0.6283745597897578,0.6281310644656728,2026-01-01 01:30:25
3,0.0168550241314246,3.1451501996007987,5.9495927145708585,0.6777530912525541,0.6775434752574347,2026-01-01 01:30:26
3,0.0163731914101484,3.3230166666666667,6.353650099800399,0.6861885014404532,0.6859931327004241,2026-01-01 01:30:27
3,0.0184012511110591,3.3230166666666667,6.353650099800399,0.6600428849413905,0.6597863320191631,2026-01-01 01:30:28
3,0.0168296436424026,3.35225499001996,6.471821656686627,0.6346479991767231,0.634424815052097,2026-01-01 01:30:29
3,0.0168217122395833,3.35225499001996,6.471821656686627,0.6683113122276945,0.6680995734535621,2026-01-01 01:30:30
3,0.0168149705471868,2.846269560878244,5.681574750499002,0.6784271970445489,0.6782187836201681,2026-01-01 01:30:31
3,0.0165512514034431,3.0748970059880243,6.145733133732535,0.6413742821098487,0.6411606864343008,2026-01-01 01:30:32
3,0.0166365139837512,3.3465697604790416,6.417405888223552,0.6850867335027235,0.6848847047670872,2026-01-01 01:30:33
3,0.0159694830066429,3.372559381237525,6.416187624750499,0.6817730068461239,0.6815859509089851,2026-01-01 01:30:34
3,0.0159369642550835,3.372559381237525,6.448674650698603,0.6342398251661563,0.6340395642206633,2026-01-01 01:30:35
3,0.0157957852848989,3.275098303393214,6.351213572854292,0.6976819774473209,0.6975031432345214,2026-01-01 01:30:36
3,0.0157545419902382,3.2450478043912176,6.447456387225548,0.7097958562763483,0.7096209917933323,2026-01-01 01:30:37
3,0.0156411229299214,3.2450478043912176,6.447456387225548,0.6769191021637406,0.6767383734853935,2026-01-01 01:30:38
3,0.0148515517792539,2.8166251497005987,5.536195309381237,0.6420373264604323,0.6418655310718966,2026-01-01 01:30:39
3,0.0156744348217627,3.163018063872256,6.05964251497006,0.6951546377556876,0.6949779007179002,2026-01-01 01:30:40
3,0.0036119608439371,2.851954790419162,5.676295608782436,0.5985931572474846,0.5985822597123754,2026-01-01 01:30:41
3,0.0044729146199787,2.851954790419162,5.676295608782436,0.5948098564811923,0.5947930382931352,2026-01-01 01:30:42
3,0.0039165267122005,2.7873868263473054,5.519951796407186,0.5763513675991684,0.5763380603013689,2026-01-01 01:30:43
3,0.0037654334884917,2.7873868263473054,5.519951796407186,0.6161262910784516,0.6161147848158918,2026-01-01 01:30:44
3,0.0039196992733283,2.764645908183633,5.354267964071856,0.6004326945758459,0.6004199002974648,2026-01-01 01:30:45
3,0.0019205891927083,2.764645908183633,5.463505588822356,0.5923695038594196,0.5923663903698518,2026-01-01 01:30:46
3,0.003438659692334,2.868604391217565,5.658427744510978,0.6062370114489462,0.6062272590951927,2026-01-01 01:30:47
3,0.0043372876317677,2.868604391217565,5.658427744510978,0.6575797712948698,0.6575654671226375,2026-01-01 01:30:48
3,0.0039125610107909,2.7410928143712576,5.220258982035928,0.6384506700331525,0.6384386814190679,2026-01-01 01:30:49
3,0.0044717249095558,2.612769061876248,5.178838023952096,0.5865375147626859,0.5865204684410606,2026-01-01 01:30:50
3,0.0045391418335204,2.8186555888223555,5.573555389221557,0.5874976065501077,0.58748007106073,2026-01-01 01:30:51
3,0.0038340401228792,2.8186555888223555,5.573555389221557,0.607330410703469,0.607318308551274,2026-01-01 01:30:52
3,0.002793440072979,2.5660689620758483,4.992849800399202,0.5986823073495147,0.5986757902453527,2026-01-01 01:30:53
3,0.0033533971120259,2.7260675648702595,5.277517365269461,0.555890332472778,0.5558802177308567,2026-01-01 01:30:54
3,0.0029818108899388,2.9546950099800395,5.680762574850299,0.5563881588604587,0.5563801687011747,2026-01-01 01:30:55
3,0.0040711890671781,2.9546950099800395,5.833451596806387,0.6032146220845321,0.6032008833847678,2026-01-01 01:30:56
3,0.0036222716676022,2.9051522954091817,5.783908882235529,0.6046979586605166,0.6046871094675013,2026-01-01 01:30:57
3,0.0024920467658433,2.7873868263473054,5.455383832335329,0.582546736242025,0.5825414059181994,2026-01-01 01:30:58
3,0.0044959156881549,3.010329041916168,5.973145808383234,0.6134715165078909,0.6134550417990029,2026-01-01 01:30:59
3,0.0042873197940057,3.011953393213573,6.022282435129741,0.6342604764089461,0.634245986052326,2026-01-01 01:31:00
3,0.0038729039966941,3.011953393213573,5.848070758483034,0.6098868464424165,0.6098745494592376,2026-01-01 01:31:01
3,0.0034596779098053,2.8361173652694607,5.478530838323353,0.5729278936259052,0.5729174477386573,2026-01-01 01:31:02
3,0.0029897422927582,3.0712422155688626,5.751015768463073,0.5946211275058664,0.5946136112782575,2026-01-01 01:31:03
3,0.0030964196606786,3.0712422155688626,5.948374451097805,0.6102756347423643,0.6102677793767919,2026-01-01 01:31:04
3,0.0032316500787487,2.915710578842316,5.792842814371258,0.5928633766906141,0.5928545688942317,2026-01-01 01:31:05
3,0.0034921966613647,2.915710578842316,5.423302894211577,0.554039889673911,0.5540288836444882,2026-01-01 01:31:06
3,0.0037396564293288,2.966065469061876,5.716498303393213,0.5719604050308991,0.5719481793772061,2026-01-01 01:31:07
3,0.0033010498534181,2.966065469061876,5.764416666666666,0.6022040792580684,0.6021950316508126,2026-01-01 01:31:08
3,0.0030896779682821,2.79835119760479,5.245436427145709,0.5757803686313836,0.5757720788570284,2026-01-01 01:31:09
3,0.002606655536583,2.8125642714570858,5.384318463073852,0.568436939027893,0.5684309623853316,2026-01-01 01:31:10
3,0.0033942438365456,2.9352027944111776,5.747767065868263,0.6003310139668495,0.6003214184411911,2026-01-01 01:31:11
3,0.0044899671360404,2.9352027944111776,5.545941417165668,0.6301184738584844,0.6301024768185433,2026-01-01 01:31:12
3,0.0031455943581586,2.542515868263473,5.075285628742515,0.6017168929678379,0.6017086708025758,2026-01-01 01:31:13
3,0.0039490454637599,2.77642245508982,5.251933832335329,0.594090386819054,0.5940772616004911,2026-01-01 01:31:14
3,0.0037551226648265,2.9510402195608783,5.90005,0.5964283651635955,0.5964165438898316,2026-01-01 01:31:15
3,0.0029437401564059,2.9510402195608783,5.90005,0.6069659621106488,0.6069588236073326,2026-01-01 01:31:16
3,0.0035849940743513,2.7289101796407182,5.251933832335329,0.597635928201561,0.5976251755865278,2026-01-01 01:31:17
3,0.0032225289655064,2.875507884231537,5.46472385229541,0.5620686069189481,0.562059368920111,2026-01-01 01:31:18
3,0.0028973414499126,3.0111412175648704,5.86878123752495,0.5559270445619113,0.5559194944305011,2026-01-01 01:31:19
3,0.003016709062344,3.0111412175648704,5.86878123752495,0.5799446088687717,0.5799367627788273,2026-01-01 01:31:20
3,0.0037805031538485,2.525054091816367,4.999347205588823,0.5882457279431256,0.5882335796596804,2026-01-01 01:31:21
3,0.0036452727357784,2.995709880239521,5.737614870259481,0.5837276900735963,0.5837163079316341,2026-01-01 01:31:22
3,0.0034362802714882,2.995709880239521,5.741269660678643,0.5847381817049672,0.5847280847723383,2026-01-01 01:31:23
3,0.003178113109718,2.7520571856287424,5.497616966067865,0.6009015978301304,0.6008931933978497,2026-01-01 01:31:24
3,0.002966741224582,2.7520571856287424,5.290512175648702,0.6124151494649058,0.6124079634856402,2026-01-01 01:31:25
3,0.0036888954512849,2.860076546906188,5.640965968063872,0.5915148016053259,0.5915032988653044,2026-01-01 01:31:26
3,0.0045145544847804,2.860076546906188,5.640965968063872,0.5982932516005058,0.5982762185717482,2026-01-01 01:31:27
3,0.0031816822409867,2.793072055888224,5.535383133732536,0.601840551632681,0.6018321414544484,2026-01-01 01:31:28
3,0.0029568269710578,2.74474760479042,5.450916866267465,0.6125180453341178,0.612510908502201,2026-01-01 01:31:29
3,0.0026137937991205,2.9368271457085826,5.462287325349301,0.586801312216293,0.5867954908660589,2026-01-01 01:31:30
3,0.0024484240503368,3.0143899201596804,5.619037225548903,0.5694152654954079,0.5694100014917859,2026-01-01 01:31:31
3,0.0036072020022455,3.0143899201596804,5.619037225548903,0.5734118382725901,0.5734004921212277,2026-01-01 01:31:32
3,0.0032744796539733,2.5701298403193613,5.094777844311377,0.5793776816743064,0.5793684283815348,2026-01-01 01:31:33
3,0.0029929148538859,2.9043401197604792,5.678732135728543,0.5710927061518537,0.5710848636415826,2026-01-01 01:31:34
3,0.0024198710001871,2.9043401197604792,5.678732135728543,0.5763345961946762,0.5763295159847558,2026-01-01 01:31:35
3,0.0031499566297093,2.6805857285429138,5.336806187624751,0.5863639601452416,0.586355499275347,2026-01-01 01:31:36
3,0.0029691206454278,2.6805857285429138,5.336806187624751,0.6039431648250998,0.6039358663480341,2026-01-01 01:31:37
3,0.0030274164561501,2.862513073852296,5.473251696606787,0.6036408561719705,0.6036332644823599,2026-01-01 01:31:38
3,0.0029607926724675,2.862513073852296,5.473251696606787,0.5833367881670681,0.5833292741975338,2026-01-01 01:31:39
3,0.0025376523320546,2.727691916167665,5.41802375249501,0.614343697607051,0.6143384564799319,2026-01-01 01:31:40
3,0.0029251013597804,2.727691916167665,5.41802375249501,0.6072119152768002,0.607204869740152,2026-01-01 01:31:41
3,0.0044507066920845,2.926268862275449,5.734772255489022,0.594763511106916,0.5947468582129439,2026-01-01 01:31:42
3,0.0034473842354353,2.926268862275449,5.734772255489022,0.5666446835123631,0.5666341967219762,2026-01-01 01:31:43
3,0.0026966769585828,2.669215269461078,5.169904091816367,0.5688515775208558,0.5688451856009219,2026-01-01 01:31:44
3,0.0027299888504241,2.669215269461078,5.11427005988024,0.575362371013116,0.5753558943286418,2026-01-01 01:31:45
3,0.002321918175368,2.7463719560878244,5.466754291417166,0.5819469748087024,0.581942342663762,2026-01-01 01:31:46
3,0.0035429576394086,2.7463719560878244,5.466754291417166,0.5672812479280734,0.5672701840410773,2026-01-01 01:31:47
3,0.0030202781936127,2.913680139720559,5.70594001996008,0.5702613039535791,0.5702533057391861,2026-01-01 01:31:48
3,0.003401778669224,2.913680139720559,5.70594001996008,0.6087254307080286,0.6087159254468053,2026-01-01 01:31:49
3,0.0033351548855414,2.680179640718563,5.275893013972056,0.6105883047978239,0.6105791960898845,2026-01-01 01:31:50
3,0.0031547154714009,2.6895196606786427,5.369699301397206,0.5756330710490246,0.5756244263889658,2026-01-01 01:31:51
3,0.0036956371436813,3.0960135728542912,5.99060758483034,0.5786586990415835,0.5786468977213999,2026-01-01 01:31:52
3,0.004134640289733,3.0960135728542912,5.99060758483034,0.6349963054454447,0.6349828443974207,2026-01-01 01:31:53
3,0.0037222073431262,2.8064729540918165,5.484622155688623,0.6167601293046019,0.6167488972607281,2026-01-01 01:31:54
3,0.0031063339142028,2.6781492015968063,5.130919660678643,0.5698513365428518,0.569842869964421,2026-01-01 01:31:55
3,0.0033807604517527,2.9965220558882235,5.828578542914172,0.5670022741068849,0.5669921950972048,2026-01-01 01:31:56
3,0.0025582739793849,2.9965220558882235,5.828578542914172,0.6116642731780757,0.6116589231889862,2026-01-01 01:31:57
3,0.0044217570717939,2.692362275449102,5.221071157684631,0.5868911736298322,0.5868745161863819,2026-01-01 01:31:58
3,0.0046331289569298,2.796320758483034,5.325029640718563,0.5473625987469037,0.5473429899277348,2026-01-01 01:31:59
3,0.0036064088619635,2.8820052894211576,5.678326047904191,0.5524744442604109,0.5524626732874993,2026-01-01 01:32:00
3,0.0044788631720933,2.8820052894211576,5.753452295409181,0.6211374291239102,0.6211212809454739,2026-01-01 01:32:01
3,0.0037091205284743,2.871447005988024,5.528479640718563,0.6079504995770421,0.6079391847552519,2026-01-01 01:32:02
3,0.0035425610692677,2.6659665668662678,5.253558183632735,0.5634734084264468,0.5634622722638916,2026-01-01 01:32:03
3,0.0034545224979728,2.7216005988023952,5.387567165668663,0.5823635365784913,0.5823532905466566,2026-01-01 01:32:04
3,0.004655733454965,2.8381478043912174,5.559748403193613,0.6410620039955844,0.6410450975655544,2026-01-01 01:32:05
3,0.0039446831922093,2.8381478043912174,5.557311876247505,0.6247418643939555,0.624729410705906,2026-01-01 01:32:06
3,0.0031321109733657,2.640789121756487,5.212949401197605,0.5485041975680116,0.5484952548842869,2026-01-01 01:32:07
3,0.0045379521230975,2.750026746506986,5.3908158682634735,0.5851822069315538,0.5851646112845618,2026-01-01 01:32:08
3,0.0043479950255738,2.8125642714570858,5.602793712574851,0.6126271983043876,0.6126117686116885,2026-01-01 01:32:09
3,0.0042143508880676,2.8125642714570858,5.602793712574851,0.577966204746993,0.5779508396708454,2026-01-01 01:32:10
3,0.0038871805217689,2.317543213572854,4.464935628742515,0.5393355738588691,0.5393215655406955,2026-01-01 01:32:11
3,0.0036432898850736,3.063526546906188,5.743706187624751,0.5809728010589903,0.5809613773816144,2026-01-01 01:32:12
3,0.0043368910616267,3.063526546906188,5.743706187624751,0.6169604763190885,0.6169452331575276,2026-01-01 01:32:13
3,0.0044181879405251,2.773579840319361,5.292136526946107,0.5837140121744807,0.5836972910885848,2026-01-01 01:32:14
3,0.0039581665770022,2.773579840319361,5.292136526946107,0.5612301496127353,0.5612161916335647,2026-01-01 01:32:15
3,0.0045185201861901,2.8275895209580835,5.488276946107784,0.6066321415635669,0.6066153131543305,2026-01-01 01:32:16
3,0.0043729789444548,2.8275895209580835,5.410714171656686,0.6351991726892229,0.6351841197953745,2026-01-01 01:32:17
3,0.003899077625998,2.7752041916167665,5.167467564870259,0.5957579234212322,0.5957451640700454,2026-01-01 01:32:18
3,0.0041175877736714,2.7752041916167665,5.47122125748503,0.5611275162809464,0.5611124085230604,2026-01-01 01:32:19
3,0.0049123143361714,2.793072055888224,5.477718662674651,0.6052772206843872,0.6052572866536007,2026-01-01 01:32:20
3,0.0045914890921282,2.793072055888224,5.451322954091816,0.6230605086119293,0.6230435904651238,2026-01-01 01:32:21
3,0.0034584881993824,2.8718530938123754,5.33964880239521,0.5803336556716484,0.5803233501803922,2026-01-01 01:32:22
3,0.0036599458309942,2.8718530938123754,5.694569560878244,0.5655075719101486,0.5654957282634645,2026-01-01 01:32:23
3,0.0042429039382173,2.8227164670658684,5.340867065868263,0.5778570451167271,0.5778414681876044,2026-01-01 01:32:24
3,0.0048754333130613,2.9347967065868263,5.6661434131736526,0.5953596016643009,0.595339638730603,2026-01-01 01:32:25
3,0.0045411246842253,2.9347967065868263,5.6661434131736526,0.5688017081294211,0.5687835804218943,2026-01-01 01:32:26
3,0.0039244581150199,2.4377452095808385,4.579452395209581,0.5862042282408776,0.5861910915699644,2026-01-01 01:32:27
3,0.0038586274716192,2.936421057884232,5.629595508982036,0.6189461247706896,0.6189340969462656,2026-01-01 01:32:28
3,0.0049150903271581,2.936421057884232,5.774974950099801,0.6220673676465605,0.6220479497416553,2026-01-01 01:32:29
3,0.0052295704489458,2.838553892215569,5.672234730538922,0.5900943670181699,0.590071193653354,2026-01-01 01:32:30
3,0.0047643936735903,2.519774950099801,4.737826646706587,0.5910734285406738,0.5910542263445463,2026-01-01 01:32:31
3,0.0044883808554765,2.925050598802396,5.564621457085829,0.6152577678515248,0.6152413959893603,2026-01-01 01:32:32
3,0.0040021858626497,2.948197604790419,5.873248203592814,0.6002208095798683,0.6002074664322608,2026-01-01 01:32:33
3,0.0046648545682073,2.948197604790419,5.72177744510978,0.5870561795711637,0.5870376453895848,2026-01-01 01:32:34
3,0.0049880592330963,2.6318551896207585,5.143508383233533,0.5828491270636762,0.5828277826116189,2026-01-01 01:32:35
3,0.0039752190930638,2.733377145708583,5.253964271457086,0.5985719580171329,0.5985587578154934,2026-01-01 01:32:36
3,0.0043817034875561,2.783732035928144,5.517109181636727,0.5773395108712811,0.5773228832184268,2026-01-01 01:32:37
3,0.0049027966527881,2.783732035928144,5.156097105788422,0.5667199719303888,0.5666987640446749,2026-01-01 01:32:38
3,0.0044300850447542,2.4028216566866267,4.775592814371258,0.5711235764305093,0.5711063945547029,2026-01-01 01:32:39
3,0.0051498598506112,2.8673861277445107,5.643808582834331,0.5948216848440598,0.5947993911431357,2026-01-01 01:32:40
3,0.0048040506876871,2.8673861277445107,5.643808582834331,0.5908246694875593,0.5908051380718297,2026-01-01 01:32:41
3,0.004879399014471,2.7329710578842312,5.441982934131736,0.5998125000263289,0.599792653050279,2026-01-01 01:32:42
3,0.004768359375,2.7329710578842312,5.441982934131736,0.6047137884301161,0.6046949881273815,2026-01-01 01:32:43
3,0.0037015856957959,3.080988323353293,5.748579241516966,0.6084314095840367,0.6084201495938103,2026-01-01 01:32:44
3,0.0047655833840132,3.080988323353293,5.9199483033932125,0.6088825645634103,0.6088639147168483,2026-01-01 01:32:45
3,0.0043594955596619,2.83895998003992,5.620661576846308,0.5971358186886315,0.5971199048427439,2026-01-01 01:32:46
3,0.0042793883911863,2.48200878243513,4.737826646706587,0.5850419271409824,0.5850262757755688,2026-01-01 01:32:47
3,0.0045895062414234,2.849518263473054,5.515078742514969,0.5821217476891015,0.5821036553441954,2026-01-01 01:32:48
3,0.0040668267956274,2.849518263473054,5.515078742514969,0.5689624792126866,0.5689479446062365,2026-01-01 01:32:49
3,0.0043519607269835,2.629824750499002,4.949398403193613,0.5706830817489255,0.5706664877424305,2026-01-01 01:32:50
3,0.0057811995150324,2.961192415169661,5.722183532934132,0.6074659361388121,0.6074384259339959,2026-01-01 01:32:51
3,0.0051550152624438,2.961192415169661,5.722183532934132,0.5890900214119825,0.5890674656988061,2026-01-01 01:32:52
3,0.0026843832842128,2.903934031936128,5.520763972055889,0.5800104013672719,0.5800041894509101,2026-01-01 01:32:53
3,0.0039276306761477,2.940888023952096,5.664925149700599,0.609151779380886,0.6091391171482681,2026-01-01 01:32:54
3,0.0043662372520583,2.940888023952096,5.664925149700599,0.6340789263084032,0.6340638932794362,2026-01-01 01:32:55
3,0.0046450260611589,2.910025349301397,5.494368263473054,0.5894748928263535,0.5894565912817772,2026-01-01 01:32:56
3,0.0056027429515968,2.873883532934132,5.5333526946107785,0.5807832567436498,0.580756231636974,2026-01-01 01:32:57
3,0.0044748974706836,2.659469161676647,5.123203992015968,0.59918454577308,0.599167835573572,2026-01-01 01:32:58
3,0.0039026467572667,2.786168562874252,5.325029640718563,0.607369642739275,0.6073571044035976,2026-01-01 01:32:59
3,0.0038681451550024,2.786168562874252,5.325029640718563,0.5922408735660993,0.592228241284892,2026-01-01 01:33:00
3,0.0043031825996444,2.8308382235528944,5.594671956087825,0.5633909402669973,0.5633745061630367,2026-01-01 01:33:01
3,0.0042179200193363,2.8308382235528944,5.286045209580839,0.5886838550393598,0.5886687441462409,2026-01-01 01:33:02
3,0.0047203743879428,2.808503393213573,5.446855988023953,0.6173277083500811,0.6173096609987572,2026-01-01 01:33:03
3,0.0043872554695296,2.835305189620758,5.567870159680639,0.5952631281276017,0.5952469602591035,2026-01-01 01:33:04
3,0.0036916714422717,2.835305189620758,5.567870159680639,0.5443498068532102,0.5443372886208419,2026-01-01 01:33:05
3,0.0059267407567677,2.895000099800399,5.582895409181637,0.6132546379613534,0.6132259980831803,2026-01-01 01:33:06
3,0.0050856154877744,2.895000099800399,5.582895409181637,0.6284544977378737,0.6284339203465019,2026-01-01 01:33:07
3,0.0027248334385915,2.890533133732535,5.6710164670658685,0.581054751355514,0.581048362320685,2026-01-01 01:33:08
3,0.0047497205783744,2.780483333333333,5.550002295409182,0.5847143668573226,0.5846950752005587,2026-01-01 01:33:09
3,0.0043626681207896,2.866573952095808,5.453759481037924,0.645544887212735,0.6455301453327882,2026-01-01 01:33:10
3,0.0040160658175835,2.866573952095808,5.453759481037924,0.6264580845422574,0.6264452114141371,2026-01-01 01:33:11
3,0.0050693561119947,2.858858283433133,5.538631836327345,0.5648524370670803,0.564829688746289,2026-01-01 01:33:12
3,0.004258766743856,2.854797405189621,5.553657085828343,0.5589993889437674,0.5589831658872445,2026-01-01 01:33:13
3,0.0048203100634668,2.6988596806387224,5.322999201596806,0.6032849202477821,0.6032656625478238,2026-01-01 01:33:14
3,0.0041766767246756,2.938045409181637,5.431018562874252,0.5972574911197782,0.5972428869984384,2026-01-01 01:33:15
3,0.0039078021690993,2.938045409181637,5.632438123752495,0.5568426838352278,0.5568289716089013,2026-01-01 01:33:16
3,0.0034596779098053,2.8271834331337327,5.521576147704591,0.5567667646591912,0.5567560155560274,2026-01-01 01:33:17
3,0.0044419821489832,2.871040918163673,5.524824850299401,0.6181596990514368,0.6181437392111572,2026-01-01 01:33:18
3,0.0054457011757734,2.871040918163673,5.524824850299401,0.6324187773958598,0.6323953307398611,2026-01-01 01:33:19
3,0.0040184452384293,2.786168562874252,5.455383832335329,0.567217061862842,0.5672028273608841,2026-01-01 01:33:20
3,0.003836816113866,2.786168562874252,5.455383832335329,0.5940348459563616,0.594022455006969,2026-01-01 01:33:21
3,0.0048349831586826,2.9388575848303398,5.675077345309381,0.634856500970113,0.634838089406953,2026-01-01 01:33:22
3,0.0043654441117764,2.9388575848303398,5.675077345309381,0.6210909768316953,0.6210756350070871,2026-01-01 01:33:23
3,0.0046136970200224,2.8645435129740515,5.428175948103792,0.5648327583432174,0.5648139151060417,2026-01-01 01:33:24
3,0.0049610924635104,2.8645435129740515,5.550002295409181,0.5928926222056615,0.5928718656062824,2026-01-01 01:33:25
3,0.0036385310433819,2.6854587824351297,5.037519461077844,0.6216596025318224,0.6216489544042278,2026-01-01 01:33:26
3,0.004345219034587,2.9035279441117763,5.370511477045908,0.5826296029811974,0.5826133995554592,2026-01-01 01:33:27
3,0.0049107280556075,2.9035279441117763,5.412744610778443,0.5526703884093761,0.5526485709513185,2026-01-01 01:33:28
3,0.004855208235872,2.8438330339321354,5.425333333333333,0.57935296851199,0.5793326238670159,2026-01-01 01:33:29
3,0.0039189061330464,2.592870758483034,5.174371057884232,0.6170371018079966,0.6170246568673998,2026-01-01 01:33:30
3,0.003563579286739,2.665560479041916,5.253152095808384,0.596873612459805,0.5968629743529787,2026-01-01 01:33:31
3,0.0041021215381736,2.7942903193612776,5.555281437125749,0.5811032931876776,0.5810888141690994,2026-01-01 01:33:32
3,0.004829431176709,2.7942903193612776,5.555281437125749,0.6116146949127741,0.611595627541397,2026-01-01 01:33:33
3,0.0049376948251933,3.011953393213573,5.725838323353294,0.6364872900650888,0.6364681371319492,2026-01-01 01:33:34
3,0.0040160658175835,3.011953393213573,5.725838323353294,0.6097885423710765,0.6097753173279409,2026-01-01 01:33:35
3,0.0055856904355351,2.720382335329341,5.27711127744511,0.5905621249279568,0.5905357088794734,2026-01-01 01:33:36
3,0.0047560657006299,2.8409904191616766,5.613758083832336,0.594301039507306,0.5942820083079378,2026-01-01 01:33:37
3,0.0034549190681137,2.8409904191616766,5.613758083832336,0.5969884960980729,0.5969784987817163,2026-01-01 01:33:38
3,0.0043507710165606,2.7252553892215565,5.103305688622754,0.5790007875722841,0.5789844408970649,2026-01-01 01:33:39
3,0.0045268481591504,2.3780502994011976,4.670822155688622,0.5818827194888451,0.5818651105586912,2026-01-01 01:33:40
3,0.0043464087450099,2.952258483033932,5.844415968063872,0.5885416949240193,0.5885256454862937,2026-01-01 01:33:41
3,0.0040374806051958,2.952258483033932,5.844415968063872,0.5811187423973206,0.5811047164804345,2026-01-01 01:33:42
3,0.0042048332046843,2.490942714570858,4.880363473053892,0.5687108999634863,0.5686953552782011,2026-01-01 01:33:43
3,0.0046355083777757,2.4470852295409182,4.836505988023951,0.5815646792909892,0.581546204751532,2026-01-01 01:33:44
3,0.0048607602178455,2.918147105788423,5.8151776447105785,0.5989457977636615,0.5989260736258304,2026-01-01 01:33:45
3,0.0045435041050711,2.918147105788423,5.8151776447105785,0.5944036425742644,0.5943862774963778,2026-01-01 01:33:46
3,0.0048710710415107,2.7232249500998003,5.363201896207585,0.6177898698505357,0.6177706661511619,2026-01-01 01:33:47
3,0.0044407924385603,2.454800898203593,4.873866067864272,0.6132674542820751,0.6132513757376616,2026-01-01 01:33:48
3,0.0034005889588011,3.112257085828343,5.783096706586827,0.6192004354899235,0.6191910975665301,2026-01-01 01:33:49
3,0.0049392811057572,3.112257085828343,5.783096706586827,0.5921628192797491,0.592142219436766,2026-01-01 01:33:50
3,0.0048242757648764,2.6667787425149703,5.2941669660678645,0.5889779960251303,0.5889582380484399,2026-01-01 01:33:51
3,0.0043531504374064,2.9047462075848305,5.399749800399201,0.5900309735797258,0.5900149149510616,2026-01-01 01:33:52
3,0.0053366443870072,2.9047462075848305,5.475282135728543,0.5748688768406485,0.574844105637968,2026-01-01 01:33:53
3,0.0047877913119074,2.782107684630738,5.540662275449101,0.5562722089018004,0.556251604447881,2026-01-01 01:33:54
3,0.0050344579395895,2.9461671656686623,5.7924367265469066,0.5774993526708131,0.5774774078424736,2026-01-01 01:33:55
3,0.0045708674447979,2.9461671656686623,5.7924367265469066,0.5907368508689459,0.5907191669019732,2026-01-01 01:33:56
3,0.0039137507212138,2.849924351297405,5.572337125748502,0.5823230599743382,0.5823099078095519,2026-01-01 01:33:57
3,0.0042294205534244,2.82961996007984,5.444419461077844,0.5842178381582607,0.5842025286012497,2026-01-01 01:33:58
3,0.0046208352825598,2.82961996007984,5.630001596806388,0.6070689422553259,0.607051355761843,2026-01-01 01:33:59
3,0.0029603961023265,2.853579141716567,5.669798203592814,0.6194300226561151,0.6194229484146294,2026-01-01 01:34:00
3,0.0048274483260042,2.86698003992016,5.505332634730539,0.5915211389652378,0.5915014400535235,2026-01-01 01:34:01
3,0.0065937717338759,2.86698003992016,5.49599261477046,0.5872730657770521,0.5872360479070569,2026-01-01 01:34:02
3,0.0042179200193363,2.602210778443114,5.058636027944112,0.5939301280919037,0.5939151506789296,2026-01-01 01:34:03
3,0.0043416499033183,3.098450099800399,5.752234031936128,0.6233023095288289,0.6232871883330261,2026-01-01 01:34:04
3,0.0047461514471057,3.098450099800399,5.815989820359281,0.5822179652139046,0.5821986199436241,2026-01-01 01:34:05
3,0.0044978985388597,3.0485012974051897,5.766041017964072,0.5313127835941808,0.5312937444760015,2026-01-01 01:34:06
3,0.0038915427933196,2.503531437125748,5.005438522954091,0.5808251483744151,0.5808121115118461,2026-01-01 01:34:07
3,0.0040156692474426,2.741498902195609,5.306755688622754,0.6264001962027417,0.6263873244274093,2026-01-01 01:34:08
3,0.0045510389377494,3.094795309381237,6.056799900199601,0.5755509807227658,0.575532987287023,2026-01-01 01:34:09
3,0.0045526252183133,3.094795309381237,6.056799900199601,0.5424902835803422,0.5424711802323711,2026-01-01 01:34:10
3,0.0042000743629927,2.601398602794412,5.115894411177646,0.5995165721903322,0.5995018596353068,2026-01-01 01:34:11
3,0.0045649188926833,2.8673861277445107,5.468784730538922,0.6264816114748839,0.6264649798924683,2026-01-01 01:34:12
3,0.0038229361589321,3.0907344311377245,5.721371357285429,0.5878685702433016,0.5878561397476668,2026-01-01 01:34:13
3,0.0038725074265531,3.0907344311377245,5.913856986027945,0.5764567214683433,0.5764437140018637,2026-01-01 01:34:14
3,0.0059485521145209,2.8271834331337327,5.650305988023952,0.6254904324766135,0.6254621458150139,2026-01-01 01:34:15
3,0.0044630003664545,2.6891135728542914,5.265334730538922,0.6201221917861793,0.6201061315399357,2026-01-01 01:34:16
3,0.0028093028786177,2.9404819361277443,5.626346806387225,0.5714333873508718,0.5714264817075139,2026-01-01 01:34:17
3,0.0045506423676085,2.9404819361277443,5.536195309381237,0.5238139231246806,0.5237941558602109,2026-01-01 01:34:18
3,0.0035608032957522,2.896218363273453,5.648681636726547,0.605292839753234,0.6052823659552814,2026-01-01 01:34:19
3,0.0042024537838385,2.896218363273453,5.648681636726547,0.6172126166281708,0.6171983097086284,2026-01-01 01:34:20
3,0.0055944149786364,2.915710578842316,5.444419461077844,0.5474144852279541,0.547385897843955,2026-01-01 01:34:21
3,0.0038435578062624,2.968908083832335,5.7104069860279445,0.5391542326851433,0.5391405324084765,2026-01-01 01:34:22
3,0.0051086165559505,2.968908083832335,5.930912674650699,0.6243678539942878,0.6243469541355324,2026-01-01 01:34:23
3,0.0046295598256611,2.9620045908183634,5.858629041916168,0.6308539437201319,0.6308369563390084,2026-01-01 01:34:24
3,0.0034446082444486,3.0387551896207587,5.5711188622754495,0.5514577541282091,0.551446995877365,2026-01-01 01:34:25
3,0.0044637935067365,3.0387551896207587,5.554469261477045,0.570067966916238,0.5700504902651538,2026-01-01 01:34:26
3,0.0049095383451846,2.814188622754491,5.598732834331337,0.6427396015989736,0.6427208506784609,2026-01-01 01:34:27
3,0.0032086490105726,2.814188622754491,5.598732834331337,0.6289243307583786,0.6289161457550612,2026-01-01 01:34:28
3,0.0037721751808882,2.5685054890219563,5.046047305389222,0.5564910685366617,0.5564782835434643,2026-01-01 01:34:29
3,0.0042393348069486,2.994491616766467,5.717310479041916,0.576913621017037,0.5768980448531473,2026-01-01 01:34:30
3,0.0048873304172904,2.994491616766467,5.717310479041916,0.617444715345281,0.6174253724209974,2026-01-01 01:34:31
3,0.0060817996818862,2.6850526946107784,5.35548622754491,0.5962482522796453,0.5962172339501441,2026-01-01 01:34:32
3,0.0041080700902881,2.6708396207584832,5.171528443113773,0.5291972031221495,0.5291812577486459,2026-01-01 01:34:33
3,0.00448163916308,2.9510402195608783,5.748985329341318,0.5592013426607515,0.559183383644399,2026-01-01 01:34:34
3,0.0042044366345434,3.001395109780439,5.817614171656686,0.6127285271978938,0.6127141019714547,2026-01-01 01:34:35
3,0.0038717142862712,3.001395109780439,5.817614171656686,0.5945322222194658,0.5945196153918739,2026-01-01 01:34:36
3,0.0048092060995197,2.910025349301397,5.426551596806387,0.5446038276713386,0.544582593048075,2026-01-01 01:34:37
3,0.0045383486932385,2.910025349301397,5.489089121756487,0.5943830299304932,0.594365703637493,2026-01-01 01:34:38
3,0.0045109853535117,2.7207884231536927,5.231223353293413,0.5693717972962019,0.569353927331188,2026-01-01 01:34:39
3,0.0039296135268525,2.7207884231536927,5.231223353293413,0.5656664160648692,0.5656527666344463,2026-01-01 01:34:40
3,0.0041195706243762,2.7264736526946107,5.274674750499003,0.5554849869140296,0.5554697109876922,2026-01-01 01:34:41
3,0.0042020572136976,2.7264736526946107,5.0842195608782434,0.5767926982685743,0.5767773916261935,2026-01-01 01:34:42
3,0.0040957764159181,2.702108383233533,5.269395608782435,0.5881103667237081,0.5880961044450518,2026-01-01 01:34:43
3,0.0039581665770022,2.7329710578842312,5.300258283433133,0.5662431358635293,0.5662293014582626,2026-01-01 01:34:44
3,0.0040144795370197,2.7329710578842312,5.245030339321357,0.5409646423466477,0.5409497464860143,2026-01-01 01:34:45
3,0.0041310711584643,2.6643422155688623,5.290106087824351,0.5699450782103349,0.5699301066159503,2026-01-01 01:34:46
3,0.0043777377861464,2.6952048902195607,5.320968762475049,0.5901786485248903,0.5901624120414158,2026-01-01 01:34:47
3,0.0044011354244635,2.6952048902195607,5.235690319361277,0.5687478450454443,0.5687308161606968,2026-01-01 01:34:48
3,0.0036198922467564,2.717945808383233,5.25843123752495,0.5579607358262261,0.5579489932815235,2026-01-01 01:34:49
3,0.0039268375358657,2.717945808383233,5.243812075848304,0.563674979845923,0.563661301537784,2026-01-01 01:34:50
3,0.0040933969950723,2.752869361277445,5.413556786427145,0.5566880377366784,0.5566729879023719,2026-01-01 01:34:51
3,0.0046501814729915,2.752869361277445,5.413556786427145,0.5520486456410095,0.5520290598929926,2026-01-01 01:34:52
3,0.004903986363211,2.662311776447106,5.28035998003992,0.5270048044486434,0.5269819871966235,2026-01-01 01:34:53
3,0.0044550689636352,2.288710978043912,4.51975748502994,0.5449280509629948,0.544909839410941,2026-01-01 01:34:54
3,0.005338627237712,2.827995608782435,5.310410479041916,0.565206293181046,0.5651810797529189,2026-01-01 01:34:55
3,0.0043840829084019,2.928705389221557,5.411120259481038,0.5695082270835287,0.5694913524654052,2026-01-01 01:34:56
3,0.002271553767465,2.928705389221557,5.456196007984032,0.5425681935783653,0.5425634384349649,2026-01-01 01:34:57
3,0.0043075448711951,2.6330734530938127,5.160564071856288,0.5500076752166633,0.5499908070635556,2026-01-01 01:34:58
3,0.0054528394383108,2.570535928143713,5.078534331337325,0.5570877939563654,0.5570611068071706,2026-01-01 01:34:59
3,0.0044471375608158,2.5798759481037927,4.903510479041916,0.5715444247242307,0.5715271230666722,2026-01-01 01:35:00
3,0.0044832254436439,2.743529341317365,5.323405289421158,0.5661632554056374,0.5661455046727215,2026-01-01 01:35:01
3,0.0046497849028505,2.743529341317365,5.233659880239521,0.5715642437240824,0.571545329964509,2026-01-01 01:35:02
3,0.0048940721096868,2.6757126746506987,5.272644311377245,0.5850221458975444,0.585001674569187,2026-01-01 01:35:03
3,0.0045954547935379,2.851954790419162,5.677513872255489,0.5810308275249818,0.5810126541906001,2026-01-01 01:35:04
3,0.0043436327540232,2.851954790419162,5.677513872255489,0.5637063499038664,0.5636896147494989,2026-01-01 01:35:05
3,0.005103064573977,2.561601996007984,5.119549201596806,0.551296543631972,0.5512729249224132,2026-01-01 01:35:06
3,0.0050380270708582,2.5579472055888224,5.08015868263473,0.5667176512874827,0.5666952572274044,2026-01-01 01:35:07
3,0.0039950476001122,2.745965868263473,5.402998502994012,0.5759226771051773,0.5759088205598757,2026-01-01 01:35:08
3,0.0037590883662362,2.786168562874252,5.443201197604791,0.565176468699862,0.5651639673817689,2026-01-01 01:35:09
3,0.0053675768580027,2.786168562874252,5.325435728542914,0.5613553149315766,0.5613296524508598,2026-01-01 01:35:10
3,0.0053191953008046,2.87632005988024,5.466754291417166,0.5740524488553131,0.5740278043772217,2026-01-01 01:35:11
3,0.0042298171235653,2.87632005988024,5.466754291417166,0.5642540527398663,0.5642381985300756,2026-01-01 01:35:12
3,0.0040220143696981,2.655002195608782,5.178431936127744,0.5417194682456312,0.5417045372495409,2026-01-01 01:35:13
3,0.0041584344981911,2.572160279441118,4.867774750499002,0.5249247529651009,0.5249082812244406,2026-01-01 01:35:14
3,0.0042040400644024,2.8556095808383235,5.427769860279442,0.5535373972783048,0.5535214324963187,2026-01-01 01:35:15
3,0.0029136008256923,2.985557684630739,5.506956986027944,0.5842555216765601,0.5842482567708508,2026-01-01 01:35:16
3,0.0041068803798652,2.985557684630739,5.517109181636727,0.5698165846500914,0.56980178454954,2026-01-01 01:35:17
3,0.0061095595917539,2.6781492015968063,5.209700698602795,0.538163297636421,0.5381286167864537,2026-01-01 01:35:18
3,0.0038419715256986,2.6261699600798405,5.235284231536927,0.563978668963101,0.5639655825493137,2026-01-01 01:35:19
3,0.0028469770420097,2.647286526946108,5.022494211576847,0.5801494741615562,0.5801424886109036,2026-01-01 01:35:20
3,0.0043071483010541,2.647286526946108,5.28360868263473,0.5631119656777533,0.5630954931119374,2026-01-01 01:35:21
3,0.0037693991899014,2.6363221556886227,5.094371756487026,0.5472002400512517,0.5471872571084735,2026-01-01 01:35:22
3,0.0036147368349239,2.6708396207584832,5.223101596806387,0.5777142496103702,0.5777029408618995,2026-01-01 01:35:23
3,0.0041136220722617,2.6708396207584832,5.325029640718563,0.5990358908845882,0.5990217664503845,2026-01-01 01:35:24
3,0.004506623081961,2.65419001996008,5.113051796407185,0.5715018098353211,0.5714840408912961,2026-01-01 01:35:25
3,0.0037924002580775,2.711854491017964,5.401374151696606,0.5305962785349503,0.5305827254023836,2026-01-01 01:35:26
3,0.0031681988561938,2.711854491017964,5.401374151696606,0.5531188278841387,0.5531097542766092,2026-01-01 01:35:27
3,0.0038554549104915,2.8133764471057883,5.402592415169661,0.5823013509696553,0.5822885872215932,2026-01-01 01:35:28
3,0.0038748868473989,2.8133764471057883,5.402592415169661,0.5579296777303127,0.5579162217969382,2026-01-01 01:35:29
3,0.0035108354579902,2.7670824351297405,5.461475149700599,0.5342572805001107,0.5342457447671071,2026-01-01 01:35:30
3,0.0032871698984842,2.7670824351297405,5.461475149700599,0.5668433466030168,0.5668338152423216,2026-01-01 01:35:31
3,0.0040358943246319,2.7691128742514968,5.267365169660678,0.5963014364289131,0.5962877783790186,2026-01-01 01:35:32
3,0.0048448974122068,2.7691128742514968,5.267365169660678,0.5625041406801228,0.5624832755303472,2026-01-01 01:35:33
3,0.0034097100720434,2.669621357285429,5.1020874251497,0.5240833083176867,0.5240722163351498,2026-01-01 01:35:34
3,0.0031380595254802,2.5827185628742515,5.053762974051896,0.5460525302049746,0.5460435132163637,2026-01-01 01:35:35
3,0.0040521537004116,3.0822065868263477,5.887867365269461,0.6057817682478998,0.6057682154025089,2026-01-01 01:35:36
3,0.0032249083863522,3.0822065868263477,5.887867365269461,0.5909806538880661,0.5909718548593205,2026-01-01 01:35:37
3,0.0032681345317178,2.7090118762475046,5.117924850299401,0.5445362388197658,0.5445264315757864,2026-01-01 01:35:38
3,0.0047465480172467,2.938451497005988,5.36482624750499,0.5524620053951818,0.552441614731535,2026-01-01 01:35:39
3,0.0036881023110029,2.938451497005988,5.435891616766467,0.5999246873416396,0.5999133507293428,2026-01-01 01:35:40
3,0.0032546511469249,2.7890111776447104,5.28645129740519,0.5824605094749327,0.5824514162947068,2026-01-01 01:35:41
3,0.0038590240417602,2.586373353293413,5.13335618762475,0.5327404855010713,0.5327265084688035,2026-01-01 01:35:42
3,0.0028826683546968,2.65419001996008,5.201172854291417,0.5354931729009967,0.5354854138505863,2026-01-01 01:35:43
3,0.0035699244089945,2.7585545908183637,5.3522375249501,0.608402453479815,0.6083919797630246,2026-01-01 01:35:44
3,0.003724190193831,2.7585545908183637,5.3522375249501,0.6146525436248882,0.6146412610555406,2026-01-01 01:35:45
3,0.0035429576394086,2.728098003992016,5.263710379241516,0.5514593287526773,0.5514479474252478,2026-01-01 01:35:46
3,0.0037785203031437,2.637540419161677,5.255588622754491,0.5293413680833566,0.5293278820813034,2026-01-01 01:35:47
3,0.003600063739708,2.7289101796407182,5.367262774451097,0.582027990653956,0.5820168566680449,2026-01-01 01:35:48
3,0.0032621859796032,2.7289101796407182,5.367262774451097,0.5927911770698945,0.5927822009427623,2026-01-01 01:35:49
3,0.0035036971954528,2.460486127744512,4.905134830339321,0.5349236541750724,0.5349121796164067,2026-01-01 01:35:50
3,0.003649635007329,2.650535229540918,5.126452694610778,0.5427636467291788,0.54275137620744,2026-01-01 01:35:51
3,0.003439452832616,2.736625848303393,5.392034131736526,0.6126913636158909,0.6126817095472264,2026-01-01 01:35:52
3,0.0038352298333021,2.736625848303393,5.392034131736526,0.6116461272754363,0.6116341030576737,2026-01-01 01:35:53
3,0.0028045440369261,2.61967255489022,4.839348602794411,0.5393013819833503,0.539294089659711,2026-01-01 01:35:54
3,0.0031507497699912,2.61967255489022,5.164218862275449,0.5401924451213147,0.540183256443618,2026-01-01 01:35:55
3,0.0051482735700474,2.778452894211577,5.472033433133733,0.5947441686902417,0.5947218858174758,2026-01-01 01:35:56
3,0.0038994741961389,2.778452894211577,5.472033433133733,0.6077620694429449,0.6077495595675612,2026-01-01 01:35:57
3,0.0028315108065119,2.667184830339321,5.307161776447106,0.5655583499608351,0.5655512618295313,2026-01-01 01:35:58
3,0.0034315214297966,2.667184830339321,5.307161776447106,0.5536477354295535,0.5536371010029492,2026-01-01 01:35:59
3,0.0031114893260354,2.734595409181637,5.431018562874252,0.5850396654113498,0.585031391242212,2026-01-01 01:36:00
3,0.0040569125421032,2.808097305389221,5.504520459081837,0.6063696743303387,0.6063561028043725,2026-01-01 01:36:01
3,0.00367461892621,2.808097305389221,5.3530497005988025,0.5499297157624892,0.5499174387618193,2026-01-01 01:36:02
3,0.0032205461148016,2.756118063872256,5.301070459081837,0.5230720011379647,0.5230620866180204,2026-01-01 01:36:03
3,0.0043793240667103,2.860076546906188,5.384318463073852,0.5611348550511047,0.5611177657800037,2026-01-01 01:36:04
3,0.0044217570717939,2.860076546906188,5.384318463073852,0.6029887664259562,0.6029725536873918,2026-01-01 01:36:05
3,0.0036333756315494,2.606271656686627,5.196705888223553,0.5868884167373812,0.5868771696718404,2026-01-01 01:36:06
3,0.0034247797374001,2.612362974051896,5.2186346307385225,0.554789647412525,0.5547790765339515,2026-01-01 01:36:07
3,0.0040418428767465,2.612362974051896,5.186553692614771,0.5663848332417897,0.5663704113320976,2026-01-01 01:36:08
3,0.0045383486932385,2.815406886227545,5.514672654690619,0.594150182135746,0.5941328490523636,2026-01-01 01:36:09
3,0.00399822016124,2.815406886227545,5.514672654690619,0.5774795309983421,0.5774656898531787,2026-01-01 01:36:10
3,0.0039427003415044,2.650129141716567,5.199142415169661,0.5479297423117314,0.5479155570193435,2026-01-01 01:36:11
3,0.0037912105476546,2.7041388223552896,5.354267964071857,0.5833756344648466,0.5833633152760341,2026-01-01 01:36:12
3,0.0038265052902008,2.709824051896208,5.413962874251498,0.6116924216946797,0.6116804530275313,2026-01-01 01:36:13
3,0.0041207603347991,2.709824051896208,5.270613872255489,0.5784921417685023,0.5784774649216442,2026-01-01 01:36:14
3,0.0029405675952781,2.7752041916167665,5.335994011976048,0.5433547970317926,0.543346839983153,2026-01-01 01:36:15
3,0.0034374699819111,2.9116497005988027,5.445637724550899,0.5642137771729355,0.5642033056903109,2026-01-01 01:36:16
3,0.0043856691889658,2.9116497005988027,5.48380998003992,0.5781374631747985,0.5781208284017766,2026-01-01 01:36:17
3,0.0038463337972492,2.866167864271457,5.438328143712575,0.5670495533421839,0.5670365082266664,2026-01-01 01:36:18
3,0.0038998707662799,2.866167864271457,5.407465469061876,0.5493186005530832,0.5493047568714512,2026-01-01 01:36:19
3,0.0039117678705089,2.8133764471057883,5.550814471057884,0.5593731471613371,0.5593594692479124,2026-01-01 01:36:20
3,0.005314436459113,2.884847904191617,5.622285928143713,0.5732755816734104,0.5732509479347672,2026-01-01 01:36:21
3,0.0042246617117327,2.884847904191617,5.522794411177644,0.5767691613863559,0.576753688986678,2026-01-01 01:36:22
3,0.0014343941998814,2.637946506986028,4.90797744510978,0.5413470082845223,0.5413451079412115,2026-01-01 01:36:23
3,0.0031126790364583,2.804036427145709,5.039955988023952,0.546568059271735,0.5465591959205214,2026-01-01 01:36:24
3,0.0045018642402694,2.804036427145709,5.039955988023952,0.5682264210325985,0.5682085873848424,2026-01-01 01:36:25
3,0.0040327217635042,2.810533832335329,5.43710988023952,0.585013830313971,0.5849999306100829,2026-01-01 01:36:26
3,0.0037927968282185,2.810533832335329,5.43710988023952,0.5750758708204022,0.5750633633714322,2026-01-01 01:36:27
3,0.0038625931730289,2.998146407185629,5.6340624750499,0.5653208682182069,0.5653076723492854,2026-01-01 01:36:28
3,0.0041544687967814,2.998146407185629,5.6340624750499,0.5710264949205163,0.5710113819270392,2026-01-01 01:36:29
3,0.0039633219888348,2.6891135728542914,5.182086726546906,0.5736254419440788,0.5736117499880494,2026-01-01 01:36:30
3,0.0033490348404753,2.529927145708583,5.052950798403193,0.5693436023334802,0.5693337522786625,2026-01-01 01:36:31
3,0.0040462051482971,2.7642398203592813,5.438734231536927,0.5682365964317723,0.5682221904750488,2026-01-01 01:36:32
3,0.0041655727607285,2.7642398203592813,5.438734231536927,0.5858180206720545,0.5858032104279548,2026-01-01 01:36:33
3,0.0036881023110029,2.614799500998004,5.054575149700598,0.5912651869820977,0.5912536843338217,2026-01-01 01:36:34
3,0.0039958407403942,2.5583532934131736,4.9794489021956085,0.5713172343034404,0.5713032605096084,2026-01-01 01:36:35
3,0.004444361569829,2.736625848303393,5.237720758483034,0.5406380855253282,0.5406198175897077,2026-01-01 01:36:36
3,0.0039292169567115,2.736625848303393,5.30228872255489,0.5530757170451882,0.5530617596970127,2026-01-01 01:36:37
3,0.0027097637732347,2.717945808383233,5.366856686626747,0.5654796564561403,0.5654731638601851,2026-01-01 01:36:38
3,0.0034033649497879,2.717945808383233,5.366856686626747,0.5591302727820273,0.5591199147305727,2026-01-01 01:36:39
3,0.004693011048216,3.0095168662674654,5.853349900199601,0.5458289218419486,0.5458087463264448,2026-01-01 01:36:40
3,0.0043761515055825,3.0095168662674654,5.853349900199601,0.5710265889750041,0.5710098200682967,2026-01-01 01:36:41
3,0.0033514142613211,2.7618032934131738,5.421678542914172,0.5897022438477069,0.589692720339559,2026-01-01 01:36:42
3,0.0035421644991267,2.7618032934131738,5.223507684630738,0.5742154707731799,0.5742045453894682,2026-01-01 01:36:43
3,0.0045522286481724,2.715509281437126,5.249497305389221,0.5363473421783567,0.5363280233925148,2026-01-01 01:36:44
3,0.0040152726773016,2.715509281437126,5.249497305389221,0.5687754869832136,0.5687613138903865,2026-01-01 01:36:45
3,0.0035302673948977,2.650535229540918,5.288887824351297,0.6044498543698178,0.6044395450827275,2026-01-01 01:36:46
3,0.0042389382368076,2.650535229540918,5.288887824351297,0.5858362880102976,0.5858209519574296,2026-01-01 01:36:47
3,0.0040454120080152,2.794696407185629,5.354267964071856,0.5653363034837042,0.5653218292957599,2026-01-01 01:36:48
3,0.0037725717510291,2.794696407185629,5.456602095808384,0.5871661382976788,0.5871540186916822,2026-01-01 01:36:49
3,0.0041235363257859,2.8324625748502994,5.497616966067865,0.6015348102892091,0.6015206766503082,2026-01-01 01:36:50
3,0.0038891633724738,2.8324625748502994,5.27426866267465,0.5636062956545261,0.5635928769153131,2026-01-01 01:36:51
3,0.0037471912620072,2.9189592814371257,5.622692015968064,0.5311095730656344,0.5310963539317572,2026-01-01 01:36:52
3,0.0038506960687999,2.9189592814371257,5.622692015968064,0.5637062263452,0.5636930740750071,2026-01-01 01:36:53
3,0.0041037078187375,2.609114271457086,5.190208483033932,0.6018582098453539,0.6018442193295475,2026-01-01 01:36:54
3,0.0036682738039545,2.581094211576846,5.112239620758483,0.5863769684544166,0.5863654942960841,2026-01-01 01:36:55
3,0.0035401816484219,2.677337025948104,5.20848243512974,0.5414515928148619,0.5414400192778949,2026-01-01 01:36:56
3,0.0049622821739333,2.677337025948104,5.324623552894211,0.5528328007450245,0.5528105293273765,2026-01-01 01:36:57
3,0.0046553368848241,2.786980738522954,5.491931736526946,0.5852448223775235,0.5852263066183782,2026-01-01 01:36:58
3,0.0029449298668288,2.786980738522954,5.491931736526946,0.5646801050930895,0.5646724258151996,2026-01-01 01:36:59
3,0.0031519394804141,2.745965868263473,5.482185628742515,0.5387447321419013,0.538735511812764,2026-01-01 01:37:00
3,0.0046585094459518,2.745965868263473,5.482185628742515,0.5579525305448176,0.5579330825745213,2026-01-01 01:37:01
3,0.003885990811346,2.714291017964072,5.339242714570858,0.6004192757244354,0.6004067002764624,2026-01-01 01:37:02
3,0.0021180811229104,2.6988596806387224,5.2941669660678645,0.5844744043548673,0.5844705664773323,2026-01-01 01:37:03
3,0.0037412427098927,2.805660778443114,5.566651896207585,0.562097278247248,0.5620848275091134,2026-01-01 01:37:04
3,0.0068436109226858,2.805660778443114,5.566651896207585,0.5449040071880854,0.5448610300243282,2026-01-01 01:37:05
3,0.0044514998323665,2.5912464071856287,5.119549201596806,0.5888235670778028,0.5888067401919498,2026-01-01 01:37:06
3,0.0016588528996694,2.5912464071856287,5.119549201596806,0.5808334155168953,0.5808310466805985,2026-01-01 01:37:07
3,0.0035960980382984,2.7752041916167665,5.412338522954092,0.5471049235587079,0.5470931049292054,2026-01-01 01:37:08
3,0.004096966126341,2.7752041916167665,5.412338522954092,0.5660035793161413,0.5659887513610523,2026-01-01 01:37:09
3,0.0035211462816554,2.7959146706586826,5.348176646706587,0.6067853170833016,0.606775100475247,2026-01-01 01:37:10
3,0.0038082630637163,2.7959146706586826,5.348176646706587,0.5939933847835284,0.5939811767211401,2026-01-01 01:37:11
3,0.0044907602763223,2.815812974051896,5.547565768463073,0.5401067545408577,0.5400880848276499,2026-01-01 01:37:12
3,0.0042579736035741,2.815812974051896,5.547565768463073,0.5327171584535141,0.5327001413286632,2026-01-01 01:37:13
3,0.0031844582319735,3.005455988023952,5.823705489021956,0.5855886930137622,0.5855800343346202,2026-01-01 01:37:14
3,0.0032142009925461,3.005455988023952,5.823705489021956,0.5938220481920127,0.5938133493202528,2026-01-01 01:37:15
3,0.0042551976125873,2.975405489021956,5.760355788423153,0.559819458888251,0.5598032867384863,2026-01-01 01:37:16
3,0.0039121644406499,2.975405489021956,5.760355788423153,0.5487581542791373,0.5487442089509782,2026-01-01 01:37:17
3,0.0025840510385479,2.7796711576846307,5.404216766467066,0.5755754822055896,0.5755696816167676,2026-01-01 01:37:18
3,0.0038467303673902,2.7796711576846307,5.404216766467066,0.5838637304437969,0.583851058398653,2026-01-01 01:37:19
3,0.0054159584152008,2.687083133732535,5.108584830339321,0.5553673780779838,0.5553409691600819,2026-01-01 01:37:20
3,0.0037519501036988,2.687083133732535,5.317313972055889,0.5695678757696826,0.5695555179077874,2026-01-01 01:37:21
3,0.0025804819072791,2.7658641716566867,5.396095009980041,0.5887758445954152,0.5887701897108674,2026-01-01 01:37:22
3,0.0037408461397517,2.7658641716566867,5.287263473053892,0.5968454726656415,0.5968337493068162,2026-01-01 01:37:23
3,0.0032229255356474,2.745965868263473,5.337618363273453,0.5765823804873965,0.5765733728152078,2026-01-01 01:37:24
3,0.0035520787526509,2.745965868263473,5.337618363273453,0.5658950751729958,0.5658839270041035,2026-01-01 01:37:25
3,0.0038879736620508,2.858858283433133,5.384318463073852,0.5544957292078605,0.554482098331912,2026-01-01 01:37:26
3,0.0039296135268525,2.858858283433133,5.524012674650699,0.5839971534780606,0.5839839324913033,2026-01-01 01:37:27
3,0.0048575876567178,2.9977403193612773,5.662894710578842,0.577647529836794,0.5776271051194767,2026-01-01 01:37:28
3,0.0033073949756736,2.9977403193612773,5.6332502994011975,0.5622966137264596,0.5622868866928324,2026-01-01 01:37:29
3,0.0034822824078405,2.7053570858283438,5.349800998003992,0.5712383536293631,0.571227739493118,2026-01-01 01:37:30
3,0.0044507066920845,2.780889421157685,5.425333333333335,0.5973260965429303,0.5973095150934356,2026-01-01 01:37:31
3,0.0037467946918662,2.780889421157685,5.240157285429142,0.5847804548087123,0.5847684514881265,2026-01-01 01:37:32
3,0.0035072663267215,2.459267864271457,4.861683433133733,0.5480169882825995,0.5480057650511027,2026-01-01 01:37:33
3,0.0039434934817864,2.77642245508982,5.288481736526946,0.5409878285455361,0.5409734554426616,2026-01-01 01:37:34
3,0.0043821000576971,2.77642245508982,5.288481736526946,0.5665624198607855,0.5665454728418482,2026-01-01 01:37:35
3,0.0034473842354353,2.525054091816367,4.9810732534930136,0.5915666486212541,0.5915566036339343,2026-01-01 01:37:36
3,0.0041358300001559,2.525054091816367,4.845846007984031,0.5831221116928496,0.5831074446920893,2026-01-01 01:37:37
3,0.0050340613694486,2.929923652694611,5.713249600798403,0.56682744949827,0.566805095011365,2026-01-01 01:37:38
3,0.0038471269375311,2.929923652694611,5.713249600798403,0.575073227128571,0.5750603587228003,2026-01-01 01:37:39
3,0.0036635149622629,2.933984530938124,5.735178343313374,0.5817800591736694,0.58176852433785,2026-01-01 01:37:40
3,0.0036468590163423,2.933984530938124,5.735178343313374,0.5638416843776974,0.5638298905354291,2026-01-01 01:37:41
3,0.0042690775675212,3.1012927145708584,5.790000199600799,0.5631235711680718,0.5631073888538534,2026-01-01 01:37:42
3,0.0052323464399326,3.1012927145708584,5.790000199600799,0.5872941615915035,0.5872708530058337,2026-01-01 01:37:43
3,0.0040644473747816,2.7325649700598804,5.454165568862276,0.5965146174973098,0.5965007704567525,2026-01-01 01:37:44
3,0.0041992812227108,2.7325649700598804,5.454165568862276,0.5822355585951966,0.5822204150748006,2026-01-01 01:37:45
3,0.0040117035460329,3.010329041916168,5.69984870259481,0.5676255250633663,0.5676113484930697,2026-01-01 01:37:46
3,0.0031091099051896,3.010329041916168,5.69984870259481,0.5602539248630297,0.5602452978473151,2026-01-01 01:37:47
3,0.0042413176576534,2.883629640718562,5.640965968063872,0.5705780868619604,0.5705623230038781,2026-01-01 01:37:48
3,0.0042746295494947,2.883629640718562,5.640965968063872,0.5567598567096311,0.5567434468276601,2026-01-01 01:37:49
3,0.0037860551358221,2.878350499001996,5.716498303393213,0.5798401782703237,0.57982781765199,2026-01-01 01:37:50
3,0.0039589597172841,2.878350499001996,5.716498303393213,0.5958832359820841,0.5958700844667713,2026-01-01 01:37:51
3,0.0042202994401821,2.9043401197604792,5.560560578842315,0.6010599015921594,0.601045085143046,2026-01-01 01:37:52
3,0.0038336435527382,2.9043401197604792,5.560560578842315,0.5830013996537068,0.5829887950683886,2026-01-01 01:37:53
3,0.0033760016100611,2.7268797405189624,5.232847704590819,0.5643231437964044,0.5643130454254855,2026-01-01 01:37:54
3,0.0041171912035304,2.7268797405189624,5.15812754491018,0.5702194028749927,0.5702045388732948,2026-01-01 01:37:55
3,0.0042361622458208,2.649316966067864,5.012748103792415,0.5696980697780741,0.569682319927774,2026-01-01 01:37:56
3,0.0030131399310753,2.649316966067864,4.991225449101797,0.5766050644899394,0.5765971916192473,2026-01-01 01:37:57
3,0.0043424430436002,2.8803809381237526,5.452541217564871,0.5903679276321051,0.5903519570265179,2026-01-01 01:37:58
3,0.0045173304757672,2.8803809381237526,5.452541217564871,0.5915490497661098,0.5915318013467749,2026-01-01 01:37:59
3,0.0034632470410741,2.9023096806387225,5.749391417165668,0.5807533362615906,0.5807430098579756,2026-01-01 01:38:00
3,0.0037341044473552,2.9023096806387225,5.749391417165668,0.5767983529411117,0.5767862658035084,2026-01-01 01:38:01
3,0.0037107068090381,2.91408622754491,5.5824893213572855,0.5629735979450664,0.5629613686907748,2026-01-01 01:38:02
3,0.0041937292407372,2.91408622754491,5.5824893213572855,0.5713137816986111,0.5712983894549534,2026-01-01 01:38:03
3,0.0039871161972929,2.82312255489022,5.556499700598803,0.5845984200064506,0.5845848232536213,2026-01-01 01:38:04
3,0.003525508553206,2.82312255489022,5.556499700598803,0.5809333833958811,0.5809226856761811,2026-01-01 01:38:05
3,0.0050384236409992,2.6497230538922154,5.251121656686626,0.574896763848174,0.5748746849273475,2026-01-01 01:38:06
3,0.0041857978379179,2.656626546906188,5.306349600798403,0.5815312542073466,0.5815161895566019,2026-01-01 01:38:07
3,0.0025955515726359,2.656626546906188,5.269395608782435,0.5699748872561823,0.5699689774143252,2026-01-01 01:38:08
3,0.003637341332959,2.473887025948104,4.789399800399201,0.5567040920352551,0.5566922092474668,2026-01-01 01:38:09
3,0.0049444365175898,3.030227345309381,5.902486526946108,0.539139264905111,0.539116591759099,2026-01-01 01:38:10
3,0.00398592648687,3.030227345309381,5.902486526946108,0.5898969334277567,0.5898834668453699,2026-01-01 01:38:11
3,0.0025773093461514,2.76058502994012,5.315283532934132,0.6166269462877552,0.6166215600874626,2026-01-01 01:38:12
3,0.0040180486682884,2.616423852295409,5.127670958083833,0.5804613711745457,0.5804474642125098,2026-01-01 01:38:13
3,0.0040220143696981,2.8487060878243518,5.562997105788423,0.554277306783287,0.5542627140764061,2026-01-01 01:38:14
3,0.0033311891841317,2.8487060878243518,5.562997105788423,0.578067212548552,0.5780576142585376,2026-01-01 01:38:15
3,0.0038534720597866,2.846269560878244,5.682793013972056,0.5912930794969581,0.5912805227758483,2026-01-01 01:38:16
3,0.0041814355663672,2.846269560878244,5.682793013972056,0.5722052315935976,0.5721899533019493,2026-01-01 01:38:17
3,0.0037297421758046,2.936421057884232,5.547159680638723,0.568505383072031,0.5684931482482254,2026-01-01 01:38:18
3,0.0034854549689683,2.936421057884232,5.547159680638723,0.5923841765723546,0.592373922667909,2026-01-01 01:38:19
3,0.004308734581618,2.7752041916167665,5.3185322355289415,0.6052516708448049,0.6052363338950605,2026-01-01 01:38:20
3,0.0046410603597492,2.7752041916167665,5.3185322355289415,0.5773031629047893,0.5772845073779573,2026-01-01 01:38:21
3,0.0030432792617889,2.496221856287425,4.9416827345309375,0.5450235021729403,0.5450150056394703,2026-01-01 01:38:22
3,0.003178113109718,2.6789613772455088,5.348582734530938,0.5642517375099482,0.5642427871759259,2026-01-01 01:38:23
3,0.0043230111066928,2.891751397205589,5.570712774451097,0.5885832392922964,0.5885673633075351,2026-01-01 01:38:24
3,0.0040549296913984,2.891751397205589,5.489089121756487,0.5675020731269588,0.5674875862506544,2026-01-01 01:38:25
3,0.0034949726523515,2.657032634730539,5.158533632734531,0.5616132115507104,0.5616023366711203,2026-01-01 01:38:26
3,0.0027847155298777,2.87022874251497,5.527261377245509,0.5832975386765388,0.5832908913959877,2026-01-01 01:38:27
3,0.0041659693308695,2.87022874251497,5.459038622754491,0.5945120139904194,0.5944974175540875,2026-01-01 01:38:28
3,0.0055436540005925,2.5888098802395207,5.062290818363273,0.5637083762621322,0.5636811167392529,2026-01-01 01:38:29
3,0.0032796350658058,2.872665269461078,5.454165568862276,0.5546806071637334,0.5546709114036565,2026-01-01 01:38:30
3,0.0022874165731037,2.872665269461078,5.454165568862276,0.5564047134150895,0.556400011534821,2026-01-01 01:38:31
3,0.0039522180248877,2.771143313373253,5.352643612774451,0.5946006515927367,0.5945875165584885,2026-01-01 01:38:32
3,0.0040866553026758,2.771143313373253,5.280766067864271,0.5875114504623433,0.5874972371618471,2026-01-01 01:38:33
3,0.0037721751808882,2.6899257485029944,5.343303592814372,0.5670862499777757,0.5670737038589084,2026-01-01 01:38:34
3,0.0045851439698727,2.759772854291417,5.504520459081837,0.5628071863909535,0.5627885086851695,2026-01-01 01:38:35
3,0.0046819070842689,2.792259880239521,5.537007485029941,0.5512913208729028,0.5512714396881486,2026-01-01 01:38:36
3,0.0045212961771768,2.792259880239521,5.459850798403194,0.5620263974871564,0.5620082111084049,2026-01-01 01:38:37
3,0.0044487238413797,2.6436317365269457,5.228786826347305,0.585838767952418,0.5858218764199492,2026-01-01 01:38:38
3,0.0037848654253992,2.9599741516966067,5.847664670658682,0.575922893255164,0.5759104563811206,2026-01-01 01:38:39
3,0.0045538149287362,2.9599741516966067,5.847664670658682,0.5729263784270352,0.572908280501437,2026-01-01 01:38:40
3,0.0052807279971307,2.631043013972056,5.2056398203592815,0.5492948449781891,0.5492694608581776,2026-01-01 01:38:41
3,0.0044534826830713,2.821904291417165,5.46188123752495,0.5641988022893113,0.5641812253138924,2026-01-01 01:38:42
3,0.0048381557198103,2.821904291417165,5.46188123752495,0.5874321577859951,0.5874122336573705,2026-01-01 01:38:43
3,0.0048528288150261,2.8137825349301395,5.551220558882235,0.5857480791955186,0.5857279763966645,2026-01-01 01:38:44
3,0.0043995491438997,2.8137825349301395,5.551220558882235,0.5721730098548301,0.5721560951118724,2026-01-01 01:38:45
3,0.0046628717175024,2.3715528942115767,4.6992483033932135,0.5511905118408006,0.551170788386567,2026-01-01 01:38:46
3,0.0054016818901259,2.9705324351297406,5.9317248502994016,0.5882198019046228,0.5881949992863519,2026-01-01 01:38:47
3,0.0049099349153255,2.9705324351297406,5.9317248502994016,0.5904965516498976,0.5904761384252097,2026-01-01 01:38:48
3,0.0033597422342814,2.618860379241517,5.172746706586826,0.5451605354938615,0.5451501826029896,2026-01-01 01:38:49
3,0.0045474698064807,2.896218363273453,5.7725384231536925,0.5652661996698264,0.5652479075658106,2026-01-01 01:38:50
3,0.0048901064082771,2.896218363273453,5.7725384231536925,0.5605727429660297,0.5605514133563254,2026-01-01 01:38:51
3,0.0044895705658994,2.683022255489022,5.296603493013972,0.5872785427572874,0.5872613817877496,2026-01-01 01:38:52
3,0.0046997527406125,2.657032634730539,5.281578243512975,0.5705704933158278,0.5705511372058111,2026-01-01 01:38:53
3,0.0033700530579466,2.657032634730539,5.281578243512975,0.5552315854723975,0.5552213578822225,2026-01-01 01:38:54
3,0.0049614890336514,2.376425948103792,4.6696038922155685,0.5698428196404144,0.5698212199649174,2026-01-01 01:38:55
3,0.0041854012677769,3.0862674650698603,5.634468562874252,0.5536334025219971,0.553617581733376,2026-01-01 01:38:56
3,0.0046700099800399,3.0862674650698603,5.740051397205589,0.5834633750204129,0.5834446854646954,2026-01-01 01:38:57
3,0.0066314458972679,2.731752794411177,5.429394211576846,0.58623473515614,0.5861972267325232,2026-01-01 01:38:58
3,0.0043757549354416,2.731752794411177,5.265334730538922,0.5846027014247115,0.5845863249185831,2026-01-01 01:38:59
3,0.0044308781850361,2.524648003992016,4.970108882235529,0.5664399112652128,0.5664225811111802,2026-01-01 01:39:00
3,0.0058077697144772,2.702514471057884,5.0744734530938125,0.5633223819648533,0.5632924425496046,2026-01-01 01:39:01
3,0.0048000849862774,2.821092115768463,5.526449201596806,0.5974447061291174,0.5974254230159878,2026-01-01 01:39:02
3,0.0042778021106225,2.821092115768463,5.526449201596806,0.5771164119610057,0.5771005574107927,2026-01-01 01:39:03
3,0.0050725286731225,2.9388575848303398,5.537413572854291,0.5866356165092363,0.5866136854950046,2026-01-01 01:39:04
3,0.0046287666853792,2.9388575848303398,5.723807884231537,0.5765660796018607,0.5765474990548752,2026-01-01 01:39:05
3,0.0044530861129303,2.784950299401197,5.396501097804391,0.5575415007398657,0.5575237170482817,2026-01-01 01:39:06
3,0.0044939328374501,2.500282734530938,4.842191217564871,0.5742668127216041,0.5742492287857968,2026-01-01 01:39:07
3,0.0047810496195109,3.163018063872256,5.958120558882236,0.5536860355116594,0.5536653930716227,2026-01-01 01:39:08
3,0.0048746401727794,3.163018063872256,5.958120558882236,0.5771576478377376,0.5771370620058773,2026-01-01 01:39:09
3,0.0047743079271145,2.7504328343313373,5.305943512974052,0.5904680718081754,0.5904487698426355,2026-01-01 01:39:10
3,0.005797855460953,2.6139873253493016,5.081783033932136,0.5598268196960317,0.5597967960992873,2026-01-01 01:39:11
3,0.0049491953592814,2.933172355289421,5.768071457085828,0.559708659386155,0.5596867774542673,2026-01-01 01:39:12
3,0.0039125610107909,2.933172355289421,5.768071457085828,0.5505533885557441,0.5505394858832098,2026-01-01 01:39:13
3,0.0050840292072105,2.7122605788423155,5.399749800399201,0.5983123233026826,0.5982907226949737,2026-01-01 01:39:14
3,0.0050348545097305,2.7122605788423155,5.399749800399201,0.5898765670836665,0.5898550793495612,2026-01-01 01:39:15
3,0.004854811665731,2.814594710578842,5.5037082834331335,0.5635672115456141,0.563546300434125,2026-01-01 01:39:16
3,0.0050126465818363,2.814594710578842,5.547971856287425,0.5601992052708781,0.5601767783123188,2026-01-01 01:39:17
3,0.0054849616197292,2.969720259481038,5.761980139720559,0.5617471334056695,0.5617203548791134,2026-01-01 01:39:18
3,0.0052942113819236,2.969720259481038,5.761980139720559,0.5873964834258367,0.5873726245467036,2026-01-01 01:39:19
3,0.0046541471744011,3.1841346307385225,5.848070758483034,0.5649763003657186,0.5649571301337948,2026-01-01 01:39:20
3,0.0051248759317302,3.1841346307385225,5.848070758483034,0.5810533727842568,0.5810307717071832,2026-01-01 01:39:21
3,0.0059295167477544,2.838553892215569,5.637717265469062,0.584014154169146,0.5839840520947822,2026-01-01 01:39:22
3,0.0040957764159181,2.8438330339321354,5.642996407185628,0.586569603321611,0.5865553035788039,2026-01-01 01:39:23
3,0.0044840185839258,2.8438330339321354,5.616600698602793,0.5918417973846412,0.5918248108256544,2026-01-01 01:39:24
3,0.0058823249009792,2.7727676646706585,5.397719361277445,0.5497254514027298,0.5496939786587574,2026-01-01 01:39:25
3,0.0052934182416417,2.7752041916167665,5.445637724550898,0.5844269471476281,0.5844029742186598,2026-01-01 01:39:26
3,0.0054675125335266,2.791041616766467,5.566245808383234,0.6016381975661185,0.6016133534732283,2026-01-01 01:39:27
3,0.0047481342978106,2.791041616766467,5.516297005988024,0.5896661139096071,0.5896469970363181,2026-01-01 01:39:28
3,0.005314436459113,2.7252553892215565,5.413150698602794,0.5688326319619177,0.5688078058095235,2026-01-01 01:39:29
3,0.0039625288485528,2.6878953093812377,5.238532934131737,0.538105979423211,0.5380913895019486,2026-01-01 01:39:30
3,0.0047937398640219,2.696017065868263,5.246654690618762,0.5951259583014611,0.5951066511998908,2026-01-01 01:39:31
3,0.0069982732776634,2.696017065868263,5.369293213572854,0.6063776897463314,0.6063373044710587,2026-01-01 01:39:32
3,0.0054230966777382,2.978248103792416,5.651524251497007,0.5764380167850117,0.5764125061251373,2026-01-01 01:39:33
3,0.0047977055654316,2.978248103792416,5.755888822355289,0.5501615643566502,0.5501406446688555,2026-01-01 01:39:34
3,0.0059203956345122,2.777640718562874,5.336400099800398,0.5742014717700784,0.5741709493682652,2026-01-01 01:39:35
3,0.0055916389876497,2.9879942115768463,5.863908183632734,0.6123840658343688,0.6123585368566885,2026-01-01 01:39:36
3,0.0047172018268151,2.9879942115768463,5.863908183632734,0.5801254198637481,0.5801062409412737,2026-01-01 01:39:37
3,0.0050792703655189,3.134998003992016,5.810304590818364,0.5503939674802949,0.550370530144242,2026-01-01 01:39:38
3,0.0053350581064433,3.134998003992016,5.810304590818364,0.5585783826101967,0.5585529040963121,2026-01-01 01:39:39
3,0.0044606209456087,2.924644510978044,5.645432934131737,0.6098939446674331,0.6098776324827642,2026-01-01 01:39:40
3,0.0055670516389096,2.924644510978044,5.645432934131737,0.6135897989925143,0.6135645437635098,2026-01-01 01:39:41
3,0.0066350150285366,2.7260675648702595,5.409495908183633,0.532737261564775,0.5326959418233882,2026-01-01 01:39:42
3,0.0053322821154565,2.7833259481037924,5.551626646706587,0.551295474487938,0.5512696862319947,2026-01-01 01:39:43
3,0.0052973839430513,2.7833259481037924,5.551626646706587,0.6006515776809054,0.6006282173640535,2026-01-01 01:39:44
3,0.0046017999157934,2.6456621756487024,5.199142415169661,0.6262660738029127,0.6262491665735374,2026-01-01 01:39:45
3,0.0049388845356162,2.895000099800399,5.659646007984032,0.5920748342568785,0.5920542346608577,2026-01-01 01:39:46
3,0.0041282951674775,2.895000099800399,5.659646007984032,0.541359146554344,0.541343405554236,2026-01-01 01:39:47
3,0.0058077697144772,2.584749001996008,4.982697604790419,0.575205836393939,0.5751765155433542,2026-01-01 01:39:48
3,0.0066984662510915,2.9741872255489024,5.657209481037924,0.5910631534031842,0.5910251956226561,2026-01-01 01:39:49
3,0.0044705351991329,3.1301249500998,6.104312175648703,0.5952328577535145,0.595216069393669,2026-01-01 01:39:50
3,0.0054813924884605,3.1301249500998,5.729493113772454,0.5691377444585638,0.5691113480715078,2026-01-01 01:39:51
3,0.0049955940657746,2.835305189620758,5.434673353293412,0.5699126071803068,0.5698907122097926,2026-01-01 01:39:52
3,0.0050677698314308,2.9404819361277443,5.7644166666666665,0.6083503407461198,0.6083292322376558,2026-01-01 01:39:53
3,0.005810545705464,2.9404819361277443,5.7644166666666665,0.59582865687446,0.5958003238597875,2026-01-01 01:39:54
3,0.0052878662596681,3.0444404191616767,5.745330538922156,0.5754056101440926,0.5753813123970185,2026-01-01 01:39:55
3,0.0048849509964446,3.0444404191616767,5.705533932135729,0.5605554961731568,0.5605342108593341,2026-01-01 01:39:56
3,0.0048655190595371,2.661093512974052,5.318938323353294,0.5884406503758831,0.5884205347700516,2026-01-01 01:39:57
3,0.0056923678034555,2.6578448103792414,5.315689620758483,0.6154144617429141,0.6153881349775204,2026-01-01 01:39:58
3,0.0057375767995259,2.5782515968063877,5.046047305389221,0.5875152162998006,0.587487199516952,2026-01-01 01:39:59
1,0.0065015295190868,1.1688831936127746,2.295208383233533,0.2955897671681169,0.2955182575889585,2026-01-01 01:00:00
1,0.0061634931309256,1.1688831936127746,2.295208383233533,0.2878223424112882,0.2877563416217719,2026-01-01 01:00:01
1,0.0060668886445858,1.396617245508982,2.5591654690618766,0.292139436719164,0.2920764340866353,2026-01-01 01:00:02
1,0.0063214866750873,1.396617245508982,2.5591654690618766,0.2928156644421748,0.2927474203967116,2026-01-01 01:00:03
1,0.0068919131658557,1.409124750499002,2.6126066267465067,0.2871713458699126,0.2870886333898493,2026-01-01 01:00:04
1,0.005872410647455,1.409124750499002,2.6126066267465067,0.2907623644992996,0.2907030570916158,2026-01-01 01:00:05
1,0.005418099893962,1.3980791616766466,2.5166074650698604,0.2978745182826816,0.2978252387486303,2026-01-01 01:00:06
1,0.0063635231100299,1.3980791616766466,2.5166074650698604,0.2976679556153552,0.2975999283834813,2026-01-01 01:00:07
1,0.0069874072558008,1.4737739321357284,2.545683353293413,0.2926092499808731,0.2925258096548246,2026-01-01 01:00:08
1,0.0066877588572854,1.4737739321357284,2.491917325349301,0.2876876166881819,0.2876098723569709,2026-01-01 01:00:09
1,0.0048665501419036,1.1498782834331336,2.2066812375249496,0.2905024383922097,0.2904616728615601,2026-01-01 01:00:10
1,0.0051692124734905,1.1498782834331336,2.2066812375249496,0.2955468425465568,0.2955016334669627,2026-01-01 01:00:11
1,0.0063969936299276,1.5767578043912174,2.735082714570858,0.3013347952290364,0.301266887141989,2026-01-01 01:00:12
1,0.0063172037175648,1.5767578043912174,2.735082714570858,0.2952055644239533,0.2951379646945741,2026-01-01 01:00:13
1,0.005470923036739,1.4931037125748503,2.649641836327345,0.2875650385192891,0.2875129916712048,2026-01-01 01:00:14
1,0.0056673045705464,1.4931037125748503,2.5627390419161675,0.2885124341867873,0.2884567668460733,2026-01-01 01:00:15
1,0.0064702797919785,1.30208,2.5801196007984037,0.2911701710225312,0.2910982720194395,2026-01-01 01:00:16
1,0.0065783054983782,1.30208,2.5801196007984037,0.2893255163732168,0.2892507222487068,2026-01-01 01:00:17
1,0.0058424299447979,1.4804337724550898,2.5786576846307385,0.2886366124940933,0.2885774767448172,2026-01-01 01:00:18
1,0.005748680763473,1.4804337724550898,2.5786576846307385,0.2880836678293222,0.2880263049436196,2026-01-01 01:00:19
1,0.0060426185519585,1.336191377245509,2.571997844311377,0.2912144614798257,0.2911517634087425,2026-01-01 01:00:20
1,0.0061682519726172,1.336191377245509,2.571997844311377,0.2984793852810778,0.2984156431981614,2026-01-01 01:00:21
1,0.0063513087496881,1.4809210778443114,2.632911017964072,0.2972900386556019,0.2972221861857143,2026-01-01 01:00:22
1,0.0055540441382859,1.4809210778443114,2.561601996007984,0.3049962312975269,0.3049456569610468,2026-01-01 01:00:23
1,0.0055532509980039,1.4362514171656686,2.5354499401197605,0.2986829012006304,0.298631272429695,2026-01-01 01:00:24
1,0.006371771768962,1.4362514171656686,2.6044848702594807,0.2817220077473589,0.2816499426126822,2026-01-01 01:00:25
1,0.006595437328468,1.4362514171656686,2.6044848702594807,0.2841692170491691,0.2840926681996282,2026-01-01 01:00:26
1,0.0061454095324975,1.4362514171656686,2.6056219161676646,0.2934283238379873,0.2933639636561529,2026-01-01 01:00:27
1,0.0060752959315743,1.5047990419161676,2.722575209580838,0.2910488594456293,0.2909854452785319,2026-01-01 01:00:28
1,0.0053841534898952,1.5047990419161676,2.770980878243513,0.292032447963291,0.2919828103752505,2026-01-01 01:00:29
1,0.0060857653832959,1.4419366467065868,2.708118483033932,0.2924113582124961,0.292348021835921,2026-01-01 01:00:30
1,0.0067125048340818,1.435764111776447,2.615692894211577,0.2962074778660916,0.2961314103951886,2026-01-01 01:00:31
1,0.0060491223022704,1.4555811976047903,2.602210778443114,0.291818161171197,0.2917554580615603,2026-01-01 01:00:32
1,0.0059165092471307,1.4555811976047903,2.679042594810379,0.2883905927578251,0.2883298959690762,2026-01-01 01:00:33
1,0.0061293880988023,1.3460999201596806,2.5695613173652694,0.288630437534724,0.2885653480115388,2026-01-01 01:00:34
1,0.006354164054703,1.3085774051896206,2.51644502994012,0.281576145171856,0.2815044406914534,2026-01-01 01:00:35
1,0.0054817097445733,1.4650024351297406,2.537886467065868,0.2796175361008845,0.2795637983598836,2026-01-01 01:00:36
1,0.0056812638395084,1.4650024351297406,2.537886467065868,0.2910267950684866,0.2909713365419707,2026-01-01 01:00:37
1,0.0065557803143712,1.478646986027944,2.564688263473053,0.2950477111543961,0.2949748694413097,2026-01-01 01:00:38
1,0.0066823655033682,1.478646986027944,2.725336606786427,0.2854914604322333,0.2854132442109315,2026-01-01 01:00:39
1,0.0069709099379366,1.2674813173652697,2.5141709381237525,0.2847871137773328,0.2847017853619128,2026-01-01 01:00:40
1,0.00532466796875,1.3524348902195609,2.564038522954092,0.2929825679818581,0.2929341787027705,2026-01-01 01:00:41
1,0.0050212124968812,1.3524348902195609,2.564038522954092,0.2952704891910689,0.2952277920728235,2026-01-01 01:00:42
1,0.006176342003493,1.2975318163672656,2.5664750499002,0.2934311712866161,0.2933661621286466,2026-01-01 01:00:43
1,0.0058495682073353,1.5788694610778442,2.87640127744511,0.2976467798635351,0.2975892943553572,2026-01-01 01:00:44
1,0.0058325950053018,1.5788694610778442,2.892482355289421,0.3006300612931005,0.3005734761894295,2026-01-01 01:00:45
1,0.0063524191460828,1.3564957684630738,2.67010866267465,0.2981999330215062,0.2981322639786296,2026-01-01 01:00:46
1,0.006153816819486,1.3564957684630738,2.65419001996008,0.2945665141077566,0.2945022271089768,2026-01-01 01:00:47
1,0.006413966831961,1.459804510978044,2.565013133732535,0.295071830426759,0.2950021120956196,2026-01-01 01:00:48
1,0.0062678703920284,1.459804510978044,2.565013133732535,0.2881080531933357,0.2880398654971265,2026-01-01 01:00:49
1,0.00701818109874,1.3558460279441118,2.4543948103792417,0.2866611813592066,0.2865752571879177,2026-01-01 01:00:50
1,0.0068119646254366,1.3558460279441118,2.592627105788423,0.2897875594583781,0.2897074848097384,2026-01-01 01:00:51
1,0.0055694310597554,1.5579153293413173,2.7946964071856284,0.2931721287771886,0.2931192223813019,2026-01-01 01:00:52
1,0.0062474073727544,1.5579153293413173,2.855609580838323,0.300856582524,0.3007917105725144,2026-01-01 01:00:53
1,0.0067083805046157,1.426667744510978,2.724361996007984,0.3054299968471072,0.3053563174473867,2026-01-01 01:00:54
1,0.0063990557946606,1.426667744510978,2.6306369261477047,0.2894242933087875,0.2893535443747457,2026-01-01 01:00:55
1,0.0057253624391841,1.4308910578842315,2.6348602395209584,0.2784036146904113,0.278344737506616,2026-01-01 01:00:56
1,0.0061876045954965,1.4308910578842315,2.725986347305389,0.2932912325080796,0.2932259548803246,2026-01-01 01:00:57
1,0.0068627256034805,1.2950952894211576,2.575733852295409,0.3057859280412598,0.3057089085802798,2026-01-01 01:00:58
1,0.0068333794130489,1.2377556886227543,2.394943552894212,0.2931970598754848,0.2931174181883873,2026-01-01 01:00:59
1,0.0057194932010978,1.2181010379241517,2.268406586826347,0.2883363744515322,0.288279642412323,2026-01-01 01:01:00
1,0.0058701898546656,1.2322328942115768,2.4503339321357283,0.2915092955404417,0.2914501848645061,2026-01-01 01:01:01
1,0.0065689464430513,1.455093892215569,2.7523008383233534,0.2974832986921031,0.2974107629917978,2026-01-01 01:01:02
1,0.0065746570530813,1.455093892215569,2.7523008383233534,0.29525707368686,0.295183863798078,2026-01-01 01:01:03
1,0.0064791629631362,1.4719871457085827,2.629662315369261,0.2931359473791381,0.2930643343929144,2026-01-01 01:01:04
1,0.0064101597586077,1.4719871457085827,2.798919720558882,0.3020074640350282,0.3019394280062443,2026-01-01 01:01:05
1,0.0065941683040169,1.3337548502994012,2.6606874251497006,0.2991065403118871,0.2990338432380603,2026-01-01 01:01:06
1,0.0060129551054141,1.2036443113772457,2.367492015968064,0.2890976130698675,0.289035074434912,2026-01-01 01:01:07
1,0.0060200933679515,1.5127583632734531,2.676606067864272,0.2927545597723772,0.2926926557728422,2026-01-01 01:01:08
1,0.0062210751153942,1.5127583632734531,2.843589381237525,0.3039315811664874,0.3038679059308004,2026-01-01 01:01:09
1,0.0063406806699101,1.330831017964072,2.5588405988023952,0.2961246503101276,0.296056758561492,2026-01-01 01:01:10
1,0.007380328951472,1.2668315768463074,2.4334406786427145,0.2871916787474558,0.287096832247153,2026-01-01 01:01:11
1,0.0056560419785429,1.5143827145708584,2.6407079041916166,0.2921154157187924,0.2920606534432529,2026-01-01 01:01:12
1,0.005105919878992,1.5143827145708584,2.7151031936127747,0.3020191059217524,0.3019759426245145,2026-01-01 01:01:13
1,0.0062091780111651,1.200720479041916,2.3652179241516964,0.2962680942863714,0.2962030212548547,2026-01-01 01:01:14
1,0.0065415037892964,1.3475618363273454,2.4759986826347307,0.2986830038595025,0.2986113620120812,2026-01-01 01:01:15
1,0.0062166335298153,1.3475618363273454,2.4759986826347307,0.2949732105377406,0.2949076947156486,2026-01-01 01:01:16
1,0.0062179025542664,1.169370499001996,2.328994890219561,0.2907686137710052,0.2907021232157372,2026-01-01 01:01:17
1,0.0061138425492764,1.415459720558882,2.584830219560878,0.2992248954237795,0.2991624290760028,2026-01-01 01:01:18
1,0.0055437333146207,1.415459720558882,2.5425970858283438,0.3026111747980624,0.302560390886844,2026-01-01 01:01:19
1,0.0059012809537175,1.1722943313373253,2.227148063872256,0.2929410134720906,0.2928815669467111,2026-01-01 01:01:20
1,0.0066849035522704,1.4869311776447105,2.746940479041916,0.2923135223801476,0.2922370740183146,2026-01-01 01:01:21
1,0.006447120095746,1.4869311776447105,2.746940479041916,0.2969503596410607,0.2968803643446739,2026-01-01 01:01:22
1,0.0053947815696731,1.4840073453093812,2.71997624750499,0.3000815556841078,0.3000330588345388,2026-01-01 01:01:23
1,0.0058844663797405,1.4840073453093812,2.637134331337325,0.2923864974632297,0.2923272771300019,2026-01-01 01:01:24
1,0.0059368136383483,1.494890499001996,2.7378441117764467,0.2873723628176989,0.2873110320806543,2026-01-01 01:01:25
1,0.0054038233688872,1.494890499001996,2.7378441117764467,0.2893710286754378,0.2893205677612273,2026-01-01 01:01:26
1,0.0056525521613023,1.3426887824351297,2.534150459081836,0.2910695784852214,0.2910146872129106,2026-01-01 01:01:27
1,0.0058081662846182,1.3426887824351297,2.534150459081836,0.2926609935865757,0.2926033533155284,2026-01-01 01:01:28
1,0.0057932552473178,1.2164766866267465,2.354822075848303,0.2975107423513776,0.2974543326430247,2026-01-01 01:01:29
1,0.0062117160600673,1.2444155289421155,2.460892215568862,0.299748940104846,0.2996845703027896,2026-01-01 01:01:30
1,0.0055922734998752,1.4282920958083831,2.672707624750499,0.2888038316186577,0.2887496833499919,2026-01-01 01:01:31
1,0.0055914803595933,1.4282920958083831,2.471937804391217,0.2807705630793363,0.2807148810435169,2026-01-01 01:01:32
1,0.0053321234874001,1.1963347305389225,2.2893607185628744,0.2871229482363559,0.2870734328757229,2026-01-01 01:01:33
1,0.0052623271425898,1.1683958882235528,2.318111736526946,0.2964407635321356,0.2963940522287178,2026-01-01 01:01:34
1,0.0062678703920284,1.4559060678642717,2.6056219161676646,0.2982022303772527,0.2981363513607773,2026-01-01 01:01:35
1,0.0056117847508108,1.4559060678642717,2.55721624750499,0.2987548356725629,0.2987021253852249,2026-01-01 01:01:36
1,0.0049208009371881,1.378749381237525,2.4961406387225558,0.2892847216555411,0.2892428666388515,2026-01-01 01:01:37
1,0.0053560763239146,1.378749381237525,2.4961406387225558,0.2876306173229092,0.287580744257974,2026-01-01 01:01:38
1,0.0060883034321981,1.4822205588822357,2.626738483033932,0.3009294171292096,0.3008678225650648,2026-01-01 01:01:39
1,0.005708547865207,1.4822205588822357,2.630474491017964,0.3013331491806401,0.3012790720849899,2026-01-01 01:01:40
1,0.0053327579996257,1.1482539321357286,2.2854622754491016,0.2822461846483322,0.2821958015999846,2026-01-01 01:01:41
1,0.0062093366392215,1.1500407185628745,2.2908226347305387,0.2841338655785527,0.2840660094187826,2026-01-01 01:01:42
1,0.0051831717424525,1.3477242714570858,2.4977649900199603,0.2991905611006739,0.2991456611459112,2026-01-01 01:01:43
1,0.0052223528723802,1.3477242714570858,2.38828371257485,0.3013607783868094,0.3013155252893219,2026-01-01 01:01:44
1,0.005662228472742,1.2190756487025949,2.3400404790419165,0.2886129731126325,0.2885574248180692,2026-01-01 01:01:45
1,0.0048751160569486,1.2962323353293412,2.515307984031936,0.2881740424051056,0.2881328026440774,2026-01-01 01:01:46
1,0.0056760291136477,1.2962323353293412,2.389420758483034,0.2909013034137181,0.2908459231643124,2026-01-01 01:01:47
1,0.0060559433086951,1.2853491816367266,2.373177245508982,0.2873723764016963,0.2873085593389102,2026-01-01 01:01:48
1,0.0058730451596806,1.1277871057884232,2.253949860279441,0.2865507046725185,0.2864905123889258,2026-01-01 01:01:49
1,0.00534925531749,1.331480758483034,2.459267864271457,0.2955379152272436,0.2954895003285459,2026-01-01 01:01:50
1,0.0053584557447604,1.331480758483034,2.4464354890219564,0.3005146510849992,0.300466874162145,2026-01-01 01:01:51
1,0.0062094952672779,1.3100393213572854,2.475186506986028,0.2863173061060308,0.2862499640949151,2026-01-01 01:01:52
1,0.005803566070983,1.3556835928143711,2.5208307784431137,0.2770152599837665,0.2769544599473593,2026-01-01 01:01:53
1,0.0054644192864271,1.438525508982036,2.666372654690619,0.298116534563596,0.2980664494740558,2026-01-01 01:01:54
1,0.0058367193347679,1.438525508982036,2.666372654690619,0.3029901610534098,0.3029339373569398,2026-01-01 01:01:55
1,0.0054425286146457,1.409124750499002,2.7297223552894208,0.2858619621165519,0.285810147243592,2026-01-01 01:01:56
1,0.0054466529441117,1.320597604790419,2.5291149700598803,0.2841792394359752,0.2841270386607296,2026-01-01 01:01:57
1,0.0056931609437375,1.3348918962075849,2.6147182834331337,0.2951855205951627,0.2951306142837539,2026-01-01 01:01:58
1,0.0054687022439496,1.480758642714571,2.76058502994012,0.3013637819078259,0.301314158879988,2026-01-01 01:01:59
1,0.0059847193113772,1.480758642714571,2.639895728542914,0.2925750383929244,0.2925138222809056,2026-01-01 01:02:00
1,0.0061923634371881,1.1591370858283432,2.184102754491017,0.2916680526167728,0.2916023106086821,2026-01-01 01:02:01
1,0.0055494439246506,1.1874007984031936,2.357421037924152,0.2846263575146688,0.2845722528009279,2026-01-01 01:02:02
1,0.0054273003212325,1.1874007984031936,2.357421037924152,0.2827392528258359,0.28268715835661,2026-01-01 01:02:03
1,0.0052260013176771,1.1237262275449102,2.226985628742515,0.2899812151999936,0.2899341202395686,2026-01-01 01:02:04
1,0.0055118490752869,1.1237262275449102,2.2359195608782434,0.291962765621876,0.2919107329807278,2026-01-01 01:02:05
1,0.0060768822121382,1.2182634730538922,2.3691163672654687,0.2946921198981758,0.2946294571706309,2026-01-01 01:02:06
1,0.0051614396987275,1.3448004391217565,2.4956533333333333,0.3027666986378983,0.3027227004113307,2026-01-01 01:02:07
1,0.0048687709346931,1.3448004391217565,2.445460878243513,0.2954661994840817,0.2954260823068144,2026-01-01 01:02:08
1,0.0052786658323977,1.3977542914171657,2.5408102994011976,0.2887046701033093,0.2886564086011092,2026-01-01 01:02:09
1,0.0051523978995134,1.3977542914171657,2.5408102994011976,0.2926357347920446,0.2925903724888516,2026-01-01 01:02:10
1,0.0056704771316741,1.2345069860279445,2.3174619960079843,0.2994782502916541,0.2994245615958213,2026-01-01 01:02:11
1,0.0053130881206337,1.2934709381237526,2.5235921756487025,0.2933489499383108,0.2933008311009908,2026-01-01 01:02:12
1,0.0056075017932884,1.476372894211577,2.7698438323353294,0.2819886115789162,0.2819328519059869,2026-01-01 01:02:13
1,0.0055825971884356,1.476372894211577,2.706331696606787,0.2869647457258199,0.2869104388099466,2026-01-01 01:02:14
1,0.0049997977092689,1.3901198403193613,2.620078642714571,0.2999703171046106,0.2999286467923779,2026-01-01 01:02:15
1,0.0055605478885978,1.3901198403193613,2.543084391217565,0.2931747524445446,0.2931220151713253,2026-01-01 01:02:16
1,0.0056501727404565,1.2054310978043914,2.340202914171657,0.2901097932366122,0.2900547666903492,2026-01-01 01:02:17
1,0.0052615340023078,1.409774491017964,2.5664750499002,0.2986064487167758,0.298560090225045,2026-01-01 01:02:18
1,0.0054314246506986,1.409774491017964,2.5841804790419163,0.2957741803789017,0.2957243064157474,2026-01-01 01:02:19
1,0.0052931009855289,1.3038667864271458,2.5719978443113773,0.2908749202288764,0.2908267565065364,2026-01-01 01:02:20
1,0.0051803164374376,1.4451853493013973,2.713316407185629,0.2922938424318908,0.292247933517428,2026-01-01 01:02:21
1,0.0056972852732035,1.5069106986027945,2.674007105788424,0.2988198247116307,0.2987655076832088,2026-01-01 01:02:22
1,0.0051872960719186,1.5069106986027945,2.674007105788424,0.2871481610520296,0.2871013032973284,2026-01-01 01:02:23
1,0.0047827945281312,1.2885978842315369,2.5542924151696607,0.2783437203534922,0.2783026258171574,2026-01-01 01:02:24
1,0.0053616283058882,1.327744750499002,2.593439281437125,0.2962046892491215,0.2961561596102268,2026-01-01 01:02:25
1,0.004963789140469,1.4029522155688623,2.730696966067864,0.306180684730168,0.3061404457094872,2026-01-01 01:02:26
1,0.0053781256237524,1.499601117764471,2.902553333333333,0.2967741063638206,0.2967253712994887,2026-01-01 01:02:27
1,0.0066147899513473,1.499601117764471,2.6282003992015968,0.2950614294648491,0.2949872738131929,2026-01-01 01:02:28
1,0.0047826359000748,1.281450738522954,2.41005001996008,0.2946628131818439,0.2946239974375569,2026-01-01 01:02:29
1,0.0040026617468188,1.243928223552894,2.328507584830339,0.2901735184245276,0.290145910696343,2026-01-01 01:02:30
1,0.0055757761820109,1.4102617964071855,2.5512061477045904,0.288574090802956,0.2885202187069752,2026-01-01 01:02:31
1,0.0055784728589695,1.4102617964071855,2.5512061477045904,0.295144542345055,0.2950918187897349,2026-01-01 01:02:32
1,0.0051869788158058,1.1679085828343314,2.2136659481037926,0.2995955530129844,0.2995506478642974,2026-01-01 01:02:33
1,0.0054112788875374,1.2600093013972056,2.3689539321357285,0.2967483569369211,0.2966990148375347,2026-01-01 01:02:34
1,0.0051308244838448,1.386871137724551,2.626413612774451,0.2898508157998086,0.2898054003291356,2026-01-01 01:02:35
1,0.0053178469623253,1.386871137724551,2.7423922954091817,0.2979118406455984,0.2978643740035617,2026-01-01 01:02:36
1,0.0051017955495259,1.3555211576846309,2.661499600798403,0.3042328285070582,0.304190048528179,2026-01-01 01:02:37
1,0.0052499541541916,1.220375129740519,2.409887584830339,0.2964387391476007,0.2963922469444809,2026-01-01 01:02:38
1,0.0053045222055888,1.1895124550898204,2.345075968063872,0.2892592601887914,0.2892106181472896,2026-01-01 01:02:39
1,0.0044323851515718,1.36786622754491,2.499714211576846,0.3023683749731136,0.3023358863015596,2026-01-01 01:02:40
1,0.0050423100283807,1.36786622754491,2.499714211576846,0.3063717778161932,0.3063302814803533,2026-01-01 01:02:41
1,0.0053207022673403,1.5419966866267465,2.707143872255489,0.2965653825883602,0.2965176491832531,2026-01-01 01:02:42
1,0.004643836350736,1.5419966866267465,2.707143872255489,0.2928378146245093,0.2928009912175949,2026-01-01 01:02:43
1,0.0056075017932884,1.3360289421157685,2.448872015968064,0.2941646060599524,0.2941111548072348,2026-01-01 01:02:44
1,0.0053059498580963,1.0983863473053892,2.0894030738522957,0.2932936965351356,0.2932456978769638,2026-01-01 01:02:45
1,0.0045254998206711,1.1854515768463072,2.34133996007984,0.2941165988413986,0.294081780403692,2026-01-01 01:02:46
1,0.0055362777959705,1.304029221556886,2.459917604790419,0.2931868975863022,0.2931346218795158,2026-01-01 01:02:47
1,0.0057050580479665,1.426342874251497,2.7190016367265466,0.2872065192237866,0.2871498511183884,2026-01-01 01:02:48
1,0.0052463057088947,1.426342874251497,2.7190016367265466,0.2954478780864802,0.2954012947537849,2026-01-01 01:02:49
1,0.0051179756112774,1.423419041916168,2.576546027944112,0.2985682262017011,0.2985243575034916,2026-01-01 01:02:50
1,0.0052735897345933,1.3847594810379242,2.537886467065868,0.296017888645129,0.2959709101402217,2026-01-01 01:02:51
1,0.0057667643619011,1.5361490219560878,2.7817015968063874,0.2978677519257098,0.2978119239823526,2026-01-01 01:02:52
1,0.0056901470106661,1.5361490219560878,2.7817015968063874,0.2999127706719294,0.2998587871634085,2026-01-01 01:02:53
1,0.0052231460126621,1.2125782435129742,2.4014409580838327,0.2904206524450499,0.290373680130171,2026-01-01 01:02:54
1,0.0049837762755738,1.2059184031936128,2.394781117764471,0.284791319176391,0.2847477084232006,2026-01-01 01:02:55
1,0.0053003978761227,1.4762104590818363,2.6624742115768463,0.293792906882049,0.2937450900297044,2026-01-01 01:02:56
1,0.005485675445983,1.4900174451097803,2.6309617964071856,0.3052188859242459,0.3051695851321675,2026-01-01 01:02:57
1,0.0062066399622629,1.4900174451097803,2.6309617964071856,0.293123439851369,0.2930577223187917,2026-01-01 01:02:58
1,0.0063346528037674,1.3826478243512974,2.5036126546906186,0.2835683213565605,0.2834975573983545,2026-01-01 01:02:59
1,0.0048310174572729,1.3826478243512974,2.5036126546906186,0.2884298112249895,0.2883893501390275,2026-01-01 01:03:00
1,0.005148114941991,1.455093892215569,2.60107373253493,0.3015888265136812,0.3015448842053921,2026-01-01 01:03:01
1,0.0042594805701097,1.3225468263473052,2.480221996007984,0.305762071149977,0.3057324009312661,2026-01-01 01:03:02
1,0.0029477851718438,1.2775522954091816,2.4847701796407184,0.3074621995236618,0.3074480682952955,2026-01-01 01:03:03
1,0.0046336841551272,1.2775522954091816,2.508973013972056,0.295723648183508,0.2956873434324062,2026-01-01 01:03:04
1,0.004613538391966,1.2314207185628745,2.4324660678642718,0.2842678803805223,0.2842304401001779,2026-01-01 01:03:05
1,0.0039795020505863,1.4511954491017964,2.580444471057884,0.2992107196788577,0.2991842548232934,2026-01-01 01:03:06
1,0.0053946229416167,1.4511954491017964,2.65727628742515,0.3083274107969468,0.308280213915955,2026-01-01 01:03:07
1,0.0047039563841067,1.2747908982035927,2.4808717365269457,0.3040569124243362,0.3040205236285156,2026-01-01 01:03:08
1,0.0038467303673902,1.5281897005988023,2.748402395209581,0.2940441114477136,0.294018948611405,2026-01-01 01:03:09
1,0.0043916177410803,1.5281897005988023,2.748402395209581,0.3052522955416978,0.3052207031429752,2026-01-01 01:03:10
1,0.0041095770568238,1.3298564071856287,2.4898056686626746,0.313646666057558,0.3136197418936431,2026-01-01 01:03:11
1,0.003836419543725,1.3147499401197609,2.4915924550898207,0.2958078922698329,0.2957830133969928,2026-01-01 01:03:12
1,0.0043538642636601,1.2803136926147705,2.4571562075848306,0.291324934835724,0.2912923986701549,2026-01-01 01:03:13
1,0.0050778427130114,1.2395424750499002,2.4696637125748504,0.3102778301726138,0.3102362767472677,2026-01-01 01:03:14
1,0.0052556647642215,1.4113988423153694,2.6509413173652696,0.3061517754682887,0.3061066605127558,2026-01-01 01:03:15
1,0.0040304216566866,1.4113988423153694,2.6460682634730537,0.2851347451564298,0.2851062584312934,2026-01-01 01:03:16
1,0.0035546961155813,1.3742011976047903,2.608870618762475,0.2814412609017006,0.2814188115131342,2026-01-01 01:03:17
1,0.0042158578546032,1.2236238323353297,2.338578562874252,0.2923133856189365,0.2922829826632999,2026-01-01 01:03:18
1,0.0032550477170658,1.1628730938123752,2.2921221157684637,0.2997295618111624,0.2997118864641024,2026-01-01 01:03:19
1,0.0044028803330838,1.1628730938123752,2.283025748502994,0.2946265805086839,0.2945936804940196,2026-01-01 01:03:20
1,0.0050700699382485,1.4110739720558882,2.5463330938123754,0.2928749817057574,0.2928310934651049,2026-01-01 01:03:21
1,0.0041868289202844,1.4110739720558882,2.5758962874251496,0.2919060773381158,0.2918760498062804,2026-01-01 01:03:22
1,0.0047287023609031,1.4526573652694612,2.6174796806387226,0.2957717739539987,0.2957339710650051,2026-01-01 01:03:23
1,0.004757731295222,1.4526573652694612,2.5936017165668663,0.3008585468213884,0.3008209254496768,2026-01-01 01:03:24
1,0.0050848223474925,1.4742612375249502,2.6725451896207586,0.2982930066730497,0.2982496645626655,2026-01-01 01:03:25
1,0.0049119177660304,1.4742612375249502,2.6725451896207586,0.2903720956759224,0.2903305478434655,2026-01-01 01:03:26
1,0.0035002866922405,1.5376109381237524,2.703082994011976,0.2954454044223792,0.295424668887646,2026-01-01 01:03:27
1,0.0042128439215319,1.5376109381237524,2.8346554491017963,0.3018190644008756,0.3017896611580865,2026-01-01 01:03:28
1,0.0046760378461826,1.297044510978044,2.559165469061876,0.2941320171953261,0.2940948456016404,2026-01-01 01:03:29
1,0.0042586874298278,1.2621209580838322,2.459917604790419,0.2858859387970892,0.2858542173613467,2026-01-01 01:03:30
1,0.0046222629350673,1.3360289421157685,2.652565668662674,0.2998132334525706,0.2997776002950265,2026-01-01 01:03:31
1,0.0039549147018463,1.3551962874251495,2.691225229540918,0.3049020920914564,0.3048764412207805,2026-01-01 01:03:32
1,0.0042607495945608,1.3551962874251495,2.6681594411177643,0.294899024435286,0.2948682428234276,2026-01-01 01:03:33
1,0.0050261299666292,1.3129631536926147,2.561764431137725,0.2927013377698609,0.2926581814161783,2026-01-01 01:03:34
1,0.0051826958582834,1.4001908183632734,2.5895408383233534,0.3000048541206815,0.2999600842772451,2026-01-01 01:03:35
1,0.0051366937219311,1.4001908183632734,2.627713093812375,0.3033503802378253,0.3033068867797767,2026-01-01 01:03:36
1,0.0038464131112774,1.5244536926147705,2.7519759680638725,0.2946102610885774,0.2945851507541701,2026-01-01 01:03:37
1,0.0044241364926397,1.5244536926147705,2.74499125748503,0.2913950989125554,0.2913615120199516,2026-01-01 01:03:38
1,0.0054071545580713,1.3555211576846309,2.5760587225548903,0.3015276551587338,0.3014791692722889,2026-01-01 01:03:39
1,0.0029830006003617,1.3555211576846309,2.5148206786427147,0.299773021416546,0.2997581793323131,2026-01-01 01:03:40
1,0.0041079907762599,1.3712773652694612,2.4355523353293416,0.2927346717737913,0.2927058463206561,2026-01-01 01:03:41
1,0.0055526164857784,1.3712773652694612,2.569074011976048,0.29197502471801,0.2919222216777004,2026-01-01 01:03:42
1,0.0042252169099301,1.3072779241516963,2.5050745708582838,0.2917316023663228,0.2917010033600953,2026-01-01 01:03:43
1,0.0046633476016716,1.2756030738522954,2.384547704590818,0.290735941320841,0.2906985393235774,2026-01-01 01:03:44
1,0.0047954847726422,1.2436033532934132,2.430029540918164,0.2960061652416108,0.2959673177680927,2026-01-01 01:03:45
1,0.0055870387740144,1.2436033532934132,2.430029540918164,0.2932923732004699,0.2932391535509905,2026-01-01 01:03:46
1,0.0047363165076097,1.2741411576846309,2.473074850299401,0.2895664200124932,0.2895276824498676,2026-01-01 01:03:47
1,0.0036319479790419,1.2741411576846309,2.473074850299401,0.2944020597141848,0.2943796557471864,2026-01-01 01:03:48
1,0.0044658556714695,1.4014902994011975,2.510922235528942,0.3021257829535556,0.3020927752502872,2026-01-01 01:03:49
1,0.0045478663766217,1.4014902994011975,2.4906178443113776,0.3023747175692816,0.3023405145469645,2026-01-01 01:03:50
1,0.0041420958083832,1.4653273053892215,2.6109822754491017,0.2979463668187436,0.2979175734037915,2026-01-01 01:03:51
1,0.0043579885931262,1.4653273053892215,2.6109822754491017,0.3017115820425641,0.3016801065268459,2026-01-01 01:03:52
1,0.0050651524685004,1.4643526946107783,2.7639961676646707,0.3080794085151813,0.3080377674596653,2026-01-01 01:03:53
1,0.0054176240097929,1.4643526946107783,2.7639961676646707,0.2977941854572454,0.2977449012867101,2026-01-01 01:03:54
1,0.0047004665668662,1.5275399600798405,2.91717249500998,0.30830990056646,0.3082740670269788,2026-01-01 01:03:55
1,0.0045404108579715,1.5275399600798405,2.91717249500998,0.3150395461633808,0.3150068258245681,2026-01-01 01:03:56
1,0.0044480893291541,1.6396201996007984,2.8802997205588823,0.3069536362490627,0.3069214057504654,2026-01-01 01:03:57
1,0.0040553262615394,1.6396201996007984,2.8802997205588823,0.3059144657611726,0.3058875850551246,2026-01-01 01:03:58
1,0.0052131524451097,1.551255489021956,2.7664326946107787,0.3058194635998207,0.3057750273617289,2026-01-01 01:03:59
1,0.0049936112150698,1.551255489021956,2.7664326946107787,0.3103497038548772,0.310309526972413,2026-01-01 01:04:00
1,0.0040759479088697,1.365917005988024,2.6041600000000003,0.3088799506485797,0.3088530565840545,2026-01-01 01:04:01
1,0.0047082393416292,1.365917005988024,2.6041600000000003,0.2977300856275555,0.297692855759243,2026-01-01 01:04:02
1,0.0050846637194361,1.5142202794411177,2.650778882235529,0.2945935183063805,0.2945496345660472,2026-01-01 01:04:03
1,0.0049723550555139,1.5142202794411177,2.650778882235529,0.2962524714690326,0.2962107400765744,2026-01-01 01:04:04
1,0.0046333668990144,1.33342998003992,2.559490339321357,0.2852018511521359,0.2851642120108766,2026-01-01 01:04:05
1,0.0051451010089196,1.33342998003992,2.559490339321357,0.2917889730681621,0.2917436078816135,2026-01-01 01:04:06
1,0.0055891009387475,1.4468097005988023,2.6647483033932136,0.3039156148099567,0.3038642178276515,2026-01-01 01:04:07
1,0.0040480293709456,1.4468097005988023,2.6647483033932136,0.3003047421958018,0.3002774577678101,2026-01-01 01:04:08
1,0.0044710903973303,1.2228116566866267,2.3473500598802395,0.2898425303794935,0.2898080429654197,2026-01-01 01:04:09
1,0.0054769509028817,1.2228116566866267,2.3783751696606785,0.2910049558684388,0.2909534109592108,2026-01-01 01:04:10
1,0.0054913860560129,1.3776123353293417,2.5331758483033933,0.2918724056653063,0.2918207426966716,2026-01-01 01:04:11
1,0.0050922778661427,1.3776123353293417,2.570860798403194,0.2934473902359257,0.2934032030200244,2026-01-01 01:04:12
1,0.0044704558851047,1.502687385229541,2.6959358483033933,0.2957427810190889,0.2957089913226923,2026-01-01 01:04:13
1,0.0054095339789171,1.502687385229541,2.6861897405189623,0.2975594858092657,0.2975103099679161,2026-01-01 01:04:14
1,0.0058484578109406,1.284212135728543,2.395105988023952,0.2905078321996202,0.290448956118896,2026-01-01 01:04:15
1,0.0045870475065493,1.3761504191616765,2.4870442714570853,0.3008327331722855,0.3007977598704487,2026-01-01 01:04:16
1,0.0049054140157185,1.3761504191616765,2.512546586826347,0.3079892273010338,0.3079501600045407,2026-01-01 01:04:17
1,0.0049725136835703,1.251400239520958,2.3946186826347304,0.2944202742646689,0.2943782804585786,2026-01-01 01:04:18
1,0.0043851139907684,1.21436502994012,2.3977049500998007,0.2797821383607271,0.279747771610408,2026-01-01 01:04:19
1,0.0055791073711951,1.2549738123752494,2.43831373253493,0.2954495009335365,0.2953968198251574,2026-01-01 01:04:20
1,0.0055586443519211,1.446647265469062,2.589215968063872,0.3071210561106819,0.3070707484921178,2026-01-01 01:04:21
1,0.0047813668756237,1.446647265469062,2.589215968063872,0.2953606232843653,0.2953219198057087,2026-01-01 01:04:22
1,0.0046590646441492,1.211603632734531,2.321522874251497,0.286558213696208,0.2865203360206798,2026-01-01 01:04:23
1,0.0047737527289171,1.5889404391217563,2.781051856287425,0.2975823111992985,0.2975440189679492,2026-01-01 01:04:24
1,0.0048709917274825,1.5889404391217563,2.887446866267465,0.3066490690081405,0.3066103797381134,2026-01-01 01:04:25
1,0.004375913563498,1.4513578842315369,2.7498643113772454,0.2969836972557548,0.2969514570029631,2026-01-01 01:04:26
1,0.0051254311299276,1.3038667864271458,2.5045872654690617,0.2889119447708007,0.2888664774372038,2026-01-01 01:04:27
1,0.0056114674946981,1.5852044311377245,2.769031656686627,0.3000636152739399,0.3000111408661735,2026-01-01 01:04:28
1,0.0043656027398328,1.5852044311377245,2.825559081836327,0.3028248545274218,0.3027933850536899,2026-01-01 01:04:29
1,0.0046525608938373,1.3841097405189622,2.6244643912175647,0.2990633808282596,0.299027188445395,2026-01-01 01:04:30
1,0.0050438963089446,1.1854515768463072,2.327208103792415,0.294111344019402,0.2940680903990157,2026-01-01 01:04:31
1,0.004390665972742,1.2924963273453094,2.417034730538922,0.2923362375602641,0.2923032634836755,2026-01-01 01:04:32
1,0.0046167109530938,1.2924963273453094,2.417034730538922,0.2963480044491157,0.296312041133918,2026-01-01 01:04:33
1,0.0049561749937624,1.231908023952096,2.351898243512974,0.297813538792516,0.297772295920142,2026-01-01 01:04:34
1,0.0049499884995633,1.231908023952096,2.389908063872256,0.2993413983844217,0.2993004684269559,2026-01-01 01:04:35
1,0.0052172767745758,1.2124158083832337,2.380649261477046,0.2965399510031026,0.2964940514816106,2026-01-01 01:04:36
1,0.0043916177410803,1.221999481037924,2.3902329341317365,0.300997743972505,0.3009657049734303,2026-01-01 01:04:37
1,0.0047428202579216,1.2872984031936128,2.517582075848304,0.30150030433938,0.3014629980159088,2026-01-01 01:04:38
1,0.005378760135978,1.2872984031936128,2.517582075848304,0.2907872721699481,0.2907375218224148,2026-01-01 01:04:39
1,0.0042553562406437,1.2816131736526946,2.4506588023952096,0.2936530264612385,0.2936221924397236,2026-01-01 01:04:40
1,0.0041630347118263,1.4983016367265467,2.7175397205588823,0.3109433517139022,0.3109154822730184,2026-01-01 01:04:41
1,0.0052753346432135,1.4983016367265467,2.7815391616766467,0.3135023874230885,0.3134580000006036,2026-01-01 01:04:42
1,0.0051650881440244,1.4747485429141716,2.797782674650698,0.3049592563273461,0.3049155126985055,2026-01-01 01:04:43
1,0.0037945417368388,1.4747485429141716,2.797782674650698,0.2972398755994295,0.2972156541963625,2026-01-01 01:04:44
1,0.0045083679905813,1.2863237924151696,2.5718354091816367,0.3063136066966093,0.3062804274934109,2026-01-01 01:04:45
1,0.0058283120477794,1.2863237924151696,2.5718354091816367,0.3093175568019554,0.3092626419802506,2026-01-01 01:04:46
1,0.00362544422873,1.3793991217564872,2.5192064271457086,0.2967482786159192,0.2967261313326745,2026-01-01 01:04:47
1,0.0037177657575474,1.5626259481037923,2.732158882235529,0.2969789457642828,0.2969556742091938,2026-01-01 01:04:48
1,0.0051082992998378,1.5626259481037923,2.7401182035928144,0.3155063940669652,0.3154650376434802,2026-01-01 01:04:49
1,0.0036236993201097,1.423419041916168,2.609682794411178,0.3104820949337506,0.310460947749774,2026-01-01 01:04:50
1,0.0042483766061626,1.2996434730538922,2.5830434331337324,0.304736563186222,0.3047069481301049,2026-01-01 01:04:51
1,0.0049582371584955,1.5216922954091816,2.805092255489022,0.3099189328547751,0.3098792681450676,2026-01-01 01:04:52
1,0.004412398016467,1.5216922954091816,2.868929261477046,0.3115219974366355,0.3114907472633103,2026-01-01 01:04:53
1,0.0045029746366641,1.4057136127744512,2.752950578842316,0.299383897770158,0.2993500316744161,2026-01-01 01:04:54
1,0.0044065287783807,1.3417141716566865,2.5396732534930138,0.2945645238598421,0.2945315623509656,2026-01-01 01:04:55
1,0.0049886937453218,1.3417141716566865,2.5396732534930138,0.3041843368923268,0.3041434262734278,2026-01-01 01:04:56
1,0.0044986916791417,1.3712773652694612,2.568911576846308,0.307214703279937,0.3071817632681923,2026-01-01 01:04:57
1,0.0039836263800523,1.3712773652694612,2.568911576846308,0.3066840864773667,0.3066582130309265,2026-01-01 01:04:58
1,0.0050970367078343,1.146142275449102,2.2664573652694613,0.3063137907066853,0.3062713806314557,2026-01-01 01:04:59
1,0.0048943100517714,1.343825828343313,2.6126066267465067,0.3080003131396468,0.3079614239206554,2026-01-01 01:05:00
1,0.0036137057525573,1.343825828343313,2.6584133333333333,0.3070736824807796,0.3070524183312038,2026-01-01 01:05:01
1,0.0042033262381487,1.31458750499002,2.5058867465069863,0.2975283883961939,0.2974986957117159,2026-01-01 01:05:02
1,0.0050640420721057,1.1391575648702594,2.2027827944111777,0.2964317468744447,0.2963884883610138,2026-01-01 01:05:03
1,0.005033426857223,1.265532095808383,2.526516007984032,0.2955637563332968,0.2955208937992734,2026-01-01 01:05:04
1,0.0041330540091691,1.4742612375249502,2.735245149700599,0.3001727607619482,0.300144305573181,2026-01-01 01:05:05
1,0.0043116692006611,1.4742612375249502,2.675144151696607,0.3051018970823637,0.3050714295242367,2026-01-01 01:05:06
1,0.0052122006767714,1.263258003992016,2.504424830339321,0.297675716760305,0.2976300813306115,2026-01-01 01:05:07
1,0.0035773799276447,1.2652072255489022,2.5284652295409185,0.2902837115945916,0.2902616674140513,2026-01-01 01:05:08
1,0.0038578343313373,1.413510499001996,2.678717724550898,0.3018635914421581,0.3018389387614363,2026-01-01 01:05:09
1,0.005386532910741,1.413510499001996,2.571510538922156,0.3075973235541446,0.307550156431231,2026-01-01 01:05:10
1,0.0047582071793912,1.3097144510978045,2.5252165269461075,0.2927716892188983,0.2927330208099611,2026-01-01 01:05:11
1,0.0042939028583458,1.336841117764471,2.5523431936127743,0.2954316501722268,0.2954004440107158,2026-01-01 01:05:12
1,0.0044163637178767,1.3651048303393212,2.477135728542914,0.3028748496557487,0.3028426493833122,2026-01-01 01:05:13
1,0.0048240378227919,1.3651048303393212,2.506536487025948,0.2976834216568531,0.2976443316920651,2026-01-01 01:05:14
1,0.0046235319595184,1.425693133732535,2.657601157684631,0.2901194930783831,0.2900826489403964,2026-01-01 01:05:15
1,0.0041498685831462,1.425693133732535,2.675469021956088,0.2900175479321168,0.2899878561238389,2026-01-01 01:05:16
1,0.0043253112135104,1.4023024750499002,2.652078363273453,0.3039551816925104,0.3039244053389482,2026-01-01 01:05:17
1,0.0039247753711327,1.4023024750499002,2.63226127744511,0.2994305502024598,0.2994048271702277,2026-01-01 01:05:18
1,0.0048232446825099,1.344313133732535,2.5742719361277446,0.2882273787253174,0.2881870194120481,2026-01-01 01:05:19
1,0.0054506186455214,1.4136729341317364,2.639895728542914,0.2987747562148501,0.2987250336138976,2026-01-01 01:05:20
1,0.0043340357566117,1.4268301796407186,2.713316407185629,0.3028949296396857,0.302863920821696,2026-01-01 01:05:21
1,0.0043657613678892,1.4268301796407186,2.713316407185629,0.3010779392933226,0.3010462849078066,2026-01-01 01:05:22
1,0.0048211825177769,1.3938558483033932,2.565987744510978,0.300434221183654,0.3003955350156839,2026-01-01 01:05:23
1,0.0048633775807759,1.3938558483033932,2.565987744510978,0.3026692251258245,0.3026301495171521,2026-01-01 01:05:24
1,0.0047915190712325,1.3366786826347306,2.643469301397205,0.2940864984461843,0.2940474620079684,2026-01-01 01:05:25
1,0.0040848310800274,1.3366786826347306,2.643469301397205,0.2989462053087823,0.2989182962342189,2026-01-01 01:05:26
1,0.0049158834674401,1.2788517764471057,2.484932614770459,0.3010572110287064,0.3010170732734568,2026-01-01 01:05:27
1,0.0050910088416916,1.3548714171656688,2.5609522554890223,0.2977618825954155,0.2977183574382672,2026-01-01 01:05:28
1,0.0041685866937998,1.3548714171656688,2.591165189620759,0.291812224394653,0.2917824483945729,2026-01-01 01:05:29
1,0.0046478020521457,1.3121509780439122,2.5484447504990024,0.3023059303241882,0.3022701993999028,2026-01-01 01:05:30
1,0.004718391537238,1.225735489021956,2.44773497005988,0.3143313837758728,0.3142959681697434,2026-01-01 01:05:31
1,0.0045134440883857,1.365267265469062,2.676606067864271,0.3071211655552915,0.3070879990401803,2026-01-01 01:05:32
1,0.0041536756564995,1.365267265469062,2.676606067864271,0.2933969749181131,0.2933675712645153,2026-01-01 01:05:33
1,0.004522168631487,1.473936367265469,2.7610723353293416,0.3008431011481396,0.300809111396743,2026-01-01 01:05:34
1,0.0053944643135603,1.473936367265469,2.7610723353293416,0.3073013406357968,0.3072539889266334,2026-01-01 01:05:35
1,0.0041704902304765,1.3748509381237526,2.622677604790419,0.3004049814971621,0.3003760308672245,2026-01-01 01:05:36
1,0.0043413326472055,1.3748509381237526,2.622677604790419,0.2928491311823563,0.2928169504402149,2026-01-01 01:05:37
1,0.0046696927239271,1.4687384431137724,2.630474491017964,0.298425902722908,0.2983893654034048,2026-01-01 01:05:38
1,0.0037556778630239,1.4687384431137724,2.643794171656687,0.3033178921941215,0.3032946399277011,2026-01-01 01:05:39
1,0.0047972296812624,1.4403122954091816,2.6421698203592814,0.2998124625882285,0.2997740804516013,2026-01-01 01:05:40
1,0.0052318705557634,1.3054911377245508,2.5073486626746506,0.2946815748560649,0.2946351270472317,2026-01-01 01:05:41
1,0.0036692255722929,1.362830738522954,2.4647906586826345,0.292410638550093,0.2923876165657034,2026-01-01 01:05:42
1,0.0047786701986651,1.362830738522954,2.5367494211576846,0.2970211352422283,0.2969826915692469,2026-01-01 01:05:43
1,0.005540560753493,1.3194605588822357,2.4933792415169664,0.3001848510968221,0.3001337152246613,2026-01-01 01:05:44
1,0.0045259757048403,1.29574502994012,2.53528750499002,0.2956302062924445,0.2955955588577618,2026-01-01 01:05:45
1,0.0045099542711452,1.335866506986028,2.5754089820359285,0.2886945488456659,0.2886593196930851,2026-01-01 01:05:46
1,0.0043330839882734,1.335866506986028,2.4550445508982035,0.2979529295477313,0.2979214201920129,2026-01-01 01:05:47
1,0.0053933539171656,1.1922738522954093,2.2753912974051897,0.3048048681710544,0.3047571482251041,2026-01-01 01:05:48
1,0.0049155662113273,1.1922738522954093,2.360832175648703,0.298258666756536,0.2982181575696028,2026-01-01 01:05:49
1,0.0039193820172155,1.2345069860279445,2.4030653093812377,0.2924061089188474,0.2923798402381121,2026-01-01 01:05:50
1,0.0049514161520708,1.2403546506986027,2.384060399201597,0.3024718759393067,0.3024313462793372,2026-01-01 01:05:51
1,0.0050618212793163,1.3405771257485029,2.621053253493014,0.312854614844307,0.3128136633760039,2026-01-01 01:05:52
1,0.0049261942911052,1.3405771257485029,2.621053253493014,0.3030364448123061,0.3029964017843911,2026-01-01 01:05:53
1,0.0047550346182634,1.3431760878243515,2.4652779640718565,0.2949714976295147,0.2949331688019811,2026-01-01 01:05:54
1,0.004646691655751,1.3431760878243515,2.466902315369261,0.3028936312813606,0.3028579867321733,2026-01-01 01:05:55
1,0.0058805006783308,1.254486506986028,2.4545572455089824,0.3024129624450517,0.3023557830876803,2026-01-01 01:05:56
1,0.0042732812110154,1.2065681437125748,2.406638882235529,0.2923071315569104,0.2922758940226178,2026-01-01 01:05:57
1,0.0038543445140968,1.413510499001996,2.597500159680638,0.2864688659140539,0.286442935270624,2026-01-01 01:05:58
1,0.0057501084159805,1.413510499001996,2.701458642714571,0.3003207932751441,0.3002657408473639,2026-01-01 01:05:59
1,0.0042256927940993,1.3683535329341316,2.6563016766467067,0.3011658205663099,0.3011361735125634,2026-01-01 01:06:00
1,0.0040017099784805,1.2796639520958084,2.48525748502994,0.2943114048229552,0.2942841982270023,2026-01-01 01:06:01
1,0.004613538391966,1.5075604391217563,2.6662102195608783,0.29974387286608,0.2997083658896806,2026-01-01 01:06:02
1,0.0044814012209955,1.5075604391217563,2.7224127744510978,0.3070022538291456,0.306969543927849,2026-01-01 01:06:03
1,0.0048365694392465,1.4255306986027942,2.6403830339321352,0.3009350340514957,0.3008961653388661,2026-01-01 01:06:04
1,0.0046617613211077,1.2371059481037925,2.416709860279441,0.3021822587552683,0.3021462981534292,2026-01-01 01:06:05
1,0.0050561106692864,1.1823653093812376,2.3619692215568864,0.3050570024099066,0.3050150987479434,2026-01-01 01:06:06
1,0.0040567539140469,1.2869735329341316,2.4334406786427145,0.3022166395490134,0.3021894107475958,2026-01-01 01:06:07
1,0.0039882265936876,1.2869735329341316,2.4193088223552897,0.3021359806814133,0.3021096570302855,2026-01-01 01:06:08
1,0.0056179712450099,1.3348918962075849,2.6408703393213573,0.3062258181715819,0.3061742806212582,2026-01-01 01:06:09
1,0.0042060229151072,1.4750734131736527,2.8099653093812376,0.3078423437038671,0.307813609101884,2026-01-01 01:06:10
1,0.0038372126840069,1.4750734131736527,2.725661477045908,0.3024030575405154,0.3023787112358771,2026-01-01 01:06:11
1,0.0049780656655439,1.3137753293413177,2.5425970858283438,0.3006428607074081,0.3006016443011641,2026-01-01 01:06:12
1,0.0043008824928268,1.2484764071856287,2.42564379241517,0.3027829821125832,0.3027524346174144,2026-01-01 01:06:13
1,0.0048497355679266,1.4286169660678645,2.60416,0.2982195725414654,0.2981801360113305,2026-01-01 01:06:14
1,0.0041624001996007,1.4286169660678645,2.667997005988024,0.3021258577057661,0.3020971835668503,2026-01-01 01:06:15
1,0.0040613541276821,1.3839473053892215,2.623327345309381,0.3066839203751195,0.3066570273437448,2026-01-01 01:06:16
1,0.0056344685628742,1.3422014770459083,2.609682794411178,0.306600379750093,0.3065486023894339,2026-01-01 01:06:17
1,0.0039430175976172,1.3248209181636728,2.5923022355289422,0.2991015426514031,0.299075551372348,2026-01-01 01:06:18
1,0.0036501902055264,1.2345069860279445,2.293584031936128,0.300651262264574,0.3006291030701205,2026-01-01 01:06:19
1,0.0049491953592814,1.2345069860279445,2.293584031936128,0.3053644613359151,0.305324351652909,2026-01-01 01:06:20
1,0.0038890840584456,1.3433385229540915,2.628037964071856,0.2978190313218262,0.2977936373441468,2026-01-01 01:06:21
1,0.0038800422592315,1.3433385229540915,2.628037964071856,0.2999347120579913,0.2999096143330132,2026-01-01 01:06:22
1,0.0045849853418163,1.2812883033932134,2.5612771257485027,0.3105572581009171,0.3105234105000378,2026-01-01 01:06:23
1,0.0052133110731661,1.2663442714570858,2.4038774850299403,0.3069023928466911,0.3068581107330864,2026-01-01 01:06:24
1,0.0042126852934755,1.3417141716566865,2.5161201596806384,0.2952642834087625,0.2952342296203273,2026-01-01 01:06:25
1,0.003418593243201,1.3417141716566865,2.570373493013972,0.2957465175077727,0.2957267587456584,2026-01-01 01:06:26
1,0.0049058898998877,1.3394400798403194,2.568099401197605,0.3059941244260185,0.3059547947451321,2026-01-01 01:06:27
1,0.0036730326456462,1.3394400798403194,2.4547196806387226,0.3029641694389011,0.3029419033329446,2026-01-01 01:06:28
1,0.0031635193285304,1.284212135728543,2.5482823153692618,0.2971342843040905,0.2971174432011054,2026-01-01 01:06:29
1,0.00518459939496,1.284212135728543,2.5482823153692618,0.2995990669489446,0.2995542035188156,2026-01-01 01:06:30
1,0.0038732212528068,1.4931037125748503,2.6800172055888227,0.3007060476581018,0.3006811022583285,2026-01-01 01:06:31
1,0.0034952105944361,1.4931037125748503,2.73865628742515,0.3072015195474046,0.3071816353806572,2026-01-01 01:06:32
1,0.0051850752791292,1.4565558083832335,2.702108383233533,0.3068794081905357,0.3068356012031903,2026-01-01 01:06:33
1,0.0045402522299151,1.3633180439121757,2.598312335329341,0.2998836079520394,0.2998492361638115,2026-01-01 01:06:34
1,0.0042605909665044,1.229471497005988,2.3104772854291413,0.2922051862607705,0.2921741231565652,2026-01-01 01:06:35
1,0.0039530111651696,1.25204998003992,2.333055768463073,0.3023250887196463,0.3022992440812085,2026-01-01 01:06:36
1,0.0038838493325848,1.3288817964071855,2.4129738522954094,0.308928199642347,0.3089037847754922,2026-01-01 01:06:37
1,0.004577053938997,1.3288817964071855,2.4371766866267466,0.3018561489007537,0.3018214459020986,2026-01-01 01:06:38
1,0.0038353091473303,1.172781636726547,2.281076526946108,0.2909176550800719,0.290892372607176,2026-01-01 01:06:39
1,0.0043059585906312,1.1818780039920158,2.2451783632734528,0.3036650842671126,0.3036345535731537,2026-01-01 01:06:40
1,0.0049615683476796,1.2013702195608782,2.383248223552894,0.3105066686604467,0.3104670258210037,2026-01-01 01:06:41
1,0.0042172855071107,1.2158269461077844,2.368629061876248,0.2913451477303336,0.2913146230606377,2026-01-01 01:06:42
1,0.0037845481692864,1.325308223552894,2.5411351696606785,0.2861333023141075,0.2861082730162321,2026-01-01 01:06:43
1,0.0041162394351921,1.325308223552894,2.543246826347305,0.3024515070927011,0.3024234956407295,2026-01-01 01:06:44
1,0.0051262242702095,1.504961477045908,2.736707065868264,0.3096051811467462,0.3095627400344574,2026-01-01 01:06:45
1,0.0040293112602919,1.504961477045908,2.736707065868264,0.2982105212756995,0.2981832987447354,2026-01-01 01:06:46
1,0.0034952105944361,1.3405771257485029,2.569236447105788,0.2903444909678468,0.2903234522705299,2026-01-01 01:06:47
1,0.0045992618668912,1.4463223952095807,2.674981716566866,0.305871623006171,0.3058370424763962,2026-01-01 01:06:48
1,0.0044255641451472,1.4463223952095807,2.625926307385229,0.3019412061968924,0.3019087716208847,2026-01-01 01:06:49
1,0.0039637978730039,1.3124758483033931,2.408912974051896,0.2928893924431421,0.2928625693258441,2026-01-01 01:06:50
1,0.0045332725954341,1.3124758483033931,2.5003639520958085,0.2952049688835474,0.2951701595573504,2026-01-01 01:06:51
1,0.0040107517776946,1.298343992015968,2.4862320958083832,0.2993014596098057,0.299274585614512,2026-01-01 01:06:52
1,0.0037204624345059,1.4255306986027942,2.832381357285429,0.3036580306863617,0.3036352380070416,2026-01-01 01:06:53
1,0.0043778171001746,1.4255306986027942,2.832381357285429,0.3094903176244938,0.3094593534226223,2026-01-01 01:06:54
1,0.0046784172670284,1.401002994011976,2.6998342914171656,0.3057830933845781,0.305747301887878,2026-01-01 01:06:55
1,0.0044306402429515,1.401002994011976,2.5546172854291416,0.2858615184163216,0.2858271805450323,2026-01-01 01:06:56
1,0.0040243937905439,1.324983353293413,2.4798971257485025,0.291948878276708,0.291921139662147,2026-01-01 01:06:57
1,0.0043180143229166,1.3426887824351297,2.49760255489022,0.3057002703733326,0.3056697728900189,2026-01-01 01:06:58
1,0.0047718491922405,1.5354992814371258,3.0370496207584834,0.3266094586000654,0.3265745977603193,2026-01-01 01:06:59
1,0.0045210582350923,1.422931736526946,2.711854491017964,0.3179923593345363,0.3179602186242482,2026-01-01 01:07:00
1,0.0038873391498253,1.3936934131736527,2.682616167664671,0.3204974392656745,0.3204738634743697,2026-01-01 01:07:01
1,0.0047139499516591,1.41789624750499,2.811589660678643,0.3275004655838657,0.3274665381890217,2026-01-01 01:07:02
1,0.0049204836810753,1.41789624750499,2.7626966866267466,0.3287993223010204,0.328762502706672,2026-01-01 01:07:03
1,0.0040586574507235,1.3759879840319362,2.7207884231536927,0.3112859161810725,0.3112594559405182,2026-01-01 01:07:04
1,0.0046839692490019,1.3214097804391216,2.5658253093812373,0.3136302386754643,0.3135952599190605,2026-01-01 01:07:05
1,0.0050824429266467,1.396292375249501,2.7177021556886225,0.3260004992498182,0.3259608784578728,2026-01-01 01:07:06
1,0.004243617764471,1.396292375249501,2.699346986027944,0.310968297655311,0.3109393411180244,2026-01-01 01:07:07
1,0.0041922222742015,1.303054610778443,2.537399161676647,0.3134184686418408,0.3133904302275362,2026-01-01 01:07:08
1,0.0056704771316741,1.2343445508982036,2.396080598802395,0.3126288892356602,0.3125774593182013,2026-01-01 01:07:09
1,0.0043345116407809,1.3222219560878246,2.56956131736527,0.3156727721400951,0.3156430120871494,2026-01-01 01:07:10
1,0.0033952749189121,1.3222219560878246,2.5820688223552897,0.3113160764476212,0.3112975611259526,2026-01-01 01:07:11
1,0.0047426616298652,1.2598468662674651,2.493866546906188,0.3005305637187231,0.3004931395053107,2026-01-01 01:07:12
1,0.0048944686798278,1.2530245908183633,2.4870442714570857,0.3021554011201151,0.3021157569581564,2026-01-01 01:07:13
1,0.004477118263473,1.1576751696606786,2.3125889421157684,0.2971616841080918,0.2971279554569247,2026-01-01 01:07:14
1,0.0046622372052769,1.2991561676646708,2.565662874251497,0.3091233263302508,0.3090881661043018,2026-01-01 01:07:15
1,0.0037431462465693,1.2991561676646708,2.565662874251497,0.317127760093617,0.3171056686314066,2026-01-01 01:07:16
1,0.0041722351390968,1.2400297804391218,2.4383137325349304,0.3057272711209722,0.3056988007189766,2026-01-01 01:07:17
1,0.0053264128773702,1.2931460678642714,2.494353852295409,0.2898679438574033,0.2898190024859973,2026-01-01 01:07:18
1,0.0049951974956337,1.331155888223553,2.5323636726546908,0.2975691263865304,0.2975271970432661,2026-01-01 01:07:19
1,0.0044801321965444,1.331155888223553,2.56972375249501,0.3105572149982781,0.3105248978793621,2026-01-01 01:07:20
1,0.0034898172405189,1.238567864271457,2.450171497005988,0.311884056537928,0.3118645313243897,2026-01-01 01:07:21
1,0.004345615604728,1.238567864271457,2.4349025948103797,0.295824944255365,0.2957930243746558,2026-01-01 01:07:22
1,0.0056000462746382,1.3303437125748503,2.5266784431137728,0.2972035769330555,0.2971508129275849,2026-01-01 01:07:23
1,0.0046374912284805,1.3303437125748503,2.4915924550898203,0.3125938641076529,0.3125594624273268,2026-01-01 01:07:24
1,0.0040402565961826,1.313937764471058,2.475186506986028,0.3069910870870139,0.3069644993765623,2026-01-01 01:07:25
1,0.004156372333458,1.313937764471058,2.4384761676646707,0.3020865324182551,0.3020579375509128,2026-01-01 01:07:26
1,0.0040458085781561,1.2353191616766468,2.3782127345309383,0.2919590732438682,0.2919310396007374,2026-01-01 01:07:27
1,0.0048787645022455,1.2353191616766468,2.3782127345309383,0.3036488533571878,0.3036096569644427,2026-01-01 01:07:28
1,0.005475047366205,1.3694905788423155,2.695448542914172,0.317273413796293,0.3172261700400703,2026-01-01 01:07:29
1,0.0040561194018213,1.3694905788423155,2.695448542914172,0.3082238373300587,0.3081971476082552,2026-01-01 01:07:30
1,0.0034963209908308,1.3054911377245508,2.5317139321357285,0.2980782857058635,0.2980577798831553,2026-01-01 01:07:31
1,0.0054872617265469,1.3054911377245508,2.5736221956087824,0.2937565667370502,0.2937053122772609,2026-01-01 01:07:32
1,0.0052626443987025,1.2962323353293412,2.390070499001996,0.3159507954423533,0.3159069637006892,2026-01-01 01:07:33
1,0.0028895686751497,1.2962323353293412,2.4678769261477047,0.3258663111487127,0.3258534994971533,2026-01-01 01:07:34
1,0.0038215085064246,1.398891337325349,2.6147182834331337,0.3073434037313258,0.307319644490703,2026-01-01 01:07:35
1,0.0050258127105164,1.398891337325349,2.6147182834331337,0.2966832066911352,0.296640635009996,2026-01-01 01:07:36
1,0.005038344326971,1.2057559680638723,2.3941313772455093,0.303218845465912,0.3031769835131346,2026-01-01 01:07:37
1,0.0048525908729416,1.2483139720558882,2.4540699401197603,0.3078719107319375,0.307833665767008,2026-01-01 01:07:38
1,0.0039782330261352,1.2556235528942117,2.5039375249501,0.3137462594797227,0.3137210369093971,2026-01-01 01:07:39
1,0.0043116692006611,1.2556235528942117,2.501988303393213,0.3005192055442856,0.3004882733313775,2026-01-01 01:07:40
1,0.0050695940540793,1.3551962874251495,2.65126618762475,0.3067819954483664,0.3067401048891526,2026-01-01 01:07:41
1,0.0050668973771207,1.3551962874251495,2.65126618762475,0.3180197704809603,0.3179794033703007,2026-01-01 01:07:42
1,0.0047436133982035,1.2665067065868263,2.5229424351297407,0.3059253526706758,0.3058885737300525,2026-01-01 01:07:43
1,0.0036731912737025,1.2665067065868263,2.5229424351297407,0.3084217025590063,0.3083998285914941,2026-01-01 01:07:44
1,0.0040288353761227,1.2033194411177646,2.3977049500998007,0.298928027770051,0.2989008770010629,2026-01-01 01:07:45
1,0.0054003335516467,1.2354815968063872,2.4524455888223557,0.3090166931194343,0.3089695017699993,2026-01-01 01:07:46
1,0.0044309574990643,1.35211001996008,2.659063073852296,0.322272449415404,0.3222419871274469,2026-01-01 01:07:47
1,0.0044028803330838,1.35211001996008,2.659063073852296,0.3088816987516761,0.308850317254967,2026-01-01 01:07:48
1,0.0049341256939246,1.2260603592814372,2.4426994810379243,0.3019169347697111,0.3018766137089366,2026-01-01 01:07:49
1,0.0047348888551022,1.2260603592814372,2.4426994810379243,0.3002865573548241,0.3002492254037334,2026-01-01 01:07:50
1,0.0045096370150324,1.483032734530938,2.823934730538922,0.3225886525130585,0.3225571296750135,2026-01-01 01:07:51
1,0.0042585288017714,1.483032734530938,2.823934730538922,0.3338103608403043,0.3337831960071966,2026-01-01 01:07:52
1,0.0044228674681886,1.4659770459081836,2.646393133732535,0.3096814678216802,0.3096498825375995,2026-01-01 01:07:53
1,0.0039771226297405,1.2910344111776448,2.471450499001996,0.3018166423995724,0.3017904374312403,2026-01-01 01:07:54
1,0.0040995834892714,1.4320281037924152,2.7285853093812378,0.3157608939128786,0.3157342799568565,2026-01-01 01:07:55
1,0.005468067731724,1.4320281037924152,2.7285853093812378,0.3146569539616732,0.3146094386882248,2026-01-01 01:07:56
1,0.0044163637178767,1.3755006786427146,2.698372375249501,0.3183720230712233,0.3183413903437236,2026-01-01 01:07:57
1,0.0034019372972804,1.3755006786427146,2.698372375249501,0.3153640601259102,0.3153457106759565,2026-01-01 01:07:58
1,0.0044144601812001,1.267318882235529,2.5060491816367265,0.3163690535022229,0.3163382533858353,2026-01-01 01:07:59
1,0.0051081406717814,1.267318882235529,2.5060491816367265,0.3235147453178322,0.3234744152741282,2026-01-01 01:08:00
1,0.0046121107394585,1.345612614770459,2.663936127744511,0.3208786255934888,0.3208454780689504,2026-01-01 01:08:01
1,0.0040794377261102,1.345612614770459,2.663936127744511,0.3184806937583074,0.3184545658090202,2026-01-01 01:08:02
1,0.0041284537955339,1.2684559281437124,2.465277964071856,0.3039569998260936,0.3039289614573412,2026-01-01 01:08:03
1,0.0043549746600548,1.3188108183632734,2.6322612774451097,0.3163555356981293,0.3163255588196449,2026-01-01 01:08:04
1,0.0039722051599925,1.477672375249501,2.831081876247505,0.3241937549757389,0.3241694192107521,2026-01-01 01:08:05
1,0.0050421514003243,1.477672375249501,2.831081876247505,0.3120196267724396,0.3119788842221035,2026-01-01 01:08:06
1,0.0056170194766716,1.262445828343313,2.3999790419161675,0.3082524121685119,0.3082012308539744,2026-01-01 01:08:07
1,0.0038302330495259,1.41480998003992,2.6772558083832334,0.3112741220575279,0.3112505556259636,2026-01-01 01:08:08
1,0.0044155705775948,1.4221195608782435,2.688463832335329,0.3247238339633846,0.3246938112751059,2026-01-01 01:08:09
1,0.0053137226328592,1.4221195608782435,2.688463832335329,0.335372582256843,0.3353304836745445,2026-01-01 01:08:10
1,0.0049050967596057,1.29899373253493,2.529277405189621,0.3201618251264871,0.3201242482132558,2026-01-01 01:08:11
1,0.0043714719779191,1.4578552894211578,2.6881389620758487,0.311280888620233,0.3112501917315846,2026-01-01 01:08:12
1,0.0046641407419535,1.4578552894211578,2.681154251497006,0.3163269000693012,0.3162925125553764,2026-01-01 01:08:13
1,0.0049902800258857,1.241979001996008,2.4652779640718565,0.3187105310027905,0.3186714604060802,2026-01-01 01:08:14
1,0.0045921236043537,1.2668315768463074,2.5088105788423154,0.3181788532444685,0.3181457135539741,2026-01-01 01:08:15
1,0.0048835233439371,1.3832975648702597,2.650129141716567,0.3069959852263019,0.3069571405665895,2026-01-01 01:08:16
1,0.0042702672779441,1.3832975648702597,2.5807693413173656,0.3196688733822306,0.3196403501231338,2026-01-01 01:08:17
1,0.0039200165294411,1.1617360479041916,2.3043047504990017,0.3202528681693617,0.3202288760263688,2026-01-01 01:08:18
1,0.0054201620586951,1.221674610778443,2.3941313772455093,0.3116444468309348,0.3115973091729401,2026-01-01 01:08:19
1,0.0053694010806511,1.4541192814371258,2.762209381237525,0.3149050242683879,0.3148592444911045,2026-01-01 01:08:20
1,0.0044282608221057,1.4541192814371258,2.762209381237525,0.3029737165801576,0.302941353143616,2026-01-01 01:08:21
1,0.0038494270443488,1.3210849101796407,2.547145269461078,0.3080557362231443,0.3080316842979204,2026-01-01 01:08:22
1,0.0043776584721182,1.3210849101796407,2.5823936926147706,0.3084795251367356,0.3084484617158714,2026-01-01 01:08:23
1,0.0057031545112899,1.3191356886227543,2.580444471057884,0.3123372592492154,0.3122851862383676,2026-01-01 01:08:24
1,0.0056019498113148,1.3191356886227543,2.462679001996008,0.3169433251714093,0.3168938142801484,2026-01-01 01:08:25
1,0.0039195406452719,1.3910944510978045,2.6381089421157684,0.3088681881196251,0.3088433176117465,2026-01-01 01:08:26
1,0.0037799479556511,1.3910944510978045,2.6098452295409182,0.3152535211131449,0.3152308591614861,2026-01-01 01:08:27
1,0.0041157635510229,1.507073133732535,2.8653556886227545,0.3221470529757468,0.3221207603234394,2026-01-01 01:08:28
1,0.0052850109546531,1.507073133732535,2.8653556886227545,0.3060954274852529,0.3060497988670944,2026-01-01 01:08:29
1,0.0058102284493512,1.2731665469061877,2.509297884231537,0.3032120279871395,0.3031563543147995,2026-01-01 01:08:30
1,0.0044696627448228,1.2361313373253493,2.377562994011976,0.3084634892918863,0.3084311046912635,2026-01-01 01:08:31
1,0.0039262030236402,1.222161916167665,2.4160601197604787,0.3047255166930833,0.3047002222737682,2026-01-01 01:08:32
1,0.0043411740191492,1.222161916167665,2.4160601197604787,0.3076150477358759,0.3075844141072182,2026-01-01 01:08:33
1,0.0049650581649201,1.2941206786427144,2.562251736526946,0.3010463243438964,0.3010053780223693,2026-01-01 01:08:34
1,0.0051555704606412,1.314912375249501,2.5830434331337324,0.3199700626538178,0.3199285249675518,2026-01-01 01:08:35
1,0.0049734654519086,1.314912375249501,2.5512061477045918,0.3215331910425703,0.3214947240366732,2026-01-01 01:08:36
1,0.0045538942427644,1.23629377245509,2.4708007584830343,0.3107375940485058,0.3107042233415564,2026-01-01 01:08:37
1,0.0043795620087949,1.3823229540918165,2.584342914171657,0.3060894200850224,0.3060580868472461,2026-01-01 01:08:38
1,0.0048257827314121,1.3823229540918165,2.584342914171657,0.2934023016816172,0.2933626125686434,2026-01-01 01:08:39
1,0.0049062071560005,1.4960275449101796,2.7919350099800395,0.32164040899781,0.3216029879084162,2026-01-01 01:08:40
1,0.0038797250031187,1.4960275449101796,2.7919350099800395,0.3228350768866236,0.3228117634199416,2026-01-01 01:08:41
1,0.0044944087216192,1.2536743313373255,2.4604049101796406,0.3147771089476402,0.3147450215772723,2026-01-01 01:08:42
1,0.0058708243668912,1.2536743313373255,2.4604049101796406,0.318256695026198,0.3182025413950233,2026-01-01 01:08:43
1,0.0049150903271581,1.200070738522954,2.3622940918163677,0.3046412983232494,0.3046016456474765,2026-01-01 01:08:44
1,0.0041822287066492,1.2046189221556884,2.374314291417165,0.3074824303116601,0.3074539866604598,2026-01-01 01:08:45
1,0.0043617956664795,1.3038667864271458,2.4948411576846308,0.3092193845269997,0.3091886196253355,2026-01-01 01:08:46
1,0.0045538942427644,1.3038667864271458,2.589703273453094,0.3073869985541674,0.3073532640584209,2026-01-01 01:08:47
1,0.0052643893073228,1.329369101796407,2.528302794411178,0.3113832394852728,0.3113387352026145,2026-01-01 01:08:48
1,0.00444475813997,1.329369101796407,2.528302794411178,0.3067083195960156,0.3066761116136842,2026-01-01 01:08:49
1,0.0034848997707709,1.211603632734531,2.365380359281437,0.3022684501054491,0.3022483604632754,2026-01-01 01:08:50
1,0.0034152620540169,1.2913592814371258,2.445136007984032,0.3129436881461579,0.3129250516267787,2026-01-01 01:08:51
1,0.0048549702937874,1.2913592814371258,2.545520918163673,0.3055334632328899,0.3054948877125935,2026-01-01 01:08:52
1,0.0056160677083333,1.2578976447105787,2.512059281437126,0.3214782617978287,0.3214292030790741,2026-01-01 01:08:53
1,0.0045166166495134,1.5091847904191618,2.8353051896207586,0.3227719780078461,0.3227403754740625,2026-01-01 01:08:54
1,0.0042980271878118,1.5091847904191618,2.9072639520958083,0.3181928016072278,0.318163772225798,2026-01-01 01:08:55
1,0.0047049081524451,1.3980791616766466,2.715590499001996,0.3243307676975058,0.3242966399988297,2026-01-01 01:08:56
1,0.004601641287737,1.3449628742514972,2.667672135728543,0.3159343660195227,0.3159008523724125,2026-01-01 01:08:57
1,0.0047031632438248,1.3579576846307384,2.674981716566866,0.3179310441368425,0.3178962552177122,2026-01-01 01:08:58
1,0.0044385716457709,1.3579576846307384,2.674981716566866,0.3185274434643769,0.3184965169694908,2026-01-01 01:08:59
1,0.0047185501652944,1.2806385628742514,2.560140079840319,0.3202578195706621,0.3202230570719297,2026-01-01 01:09:00
1,0.0041684280657435,1.4146475449101796,2.695286107784431,0.3143920050679942,0.3143643698928592,2026-01-01 01:09:01
1,0.004700783822979,1.4146475449101796,2.7942091017964072,0.3206527416045759,0.3206182829003682,2026-01-01 01:09:02
1,0.0065088264096806,1.3795615568862276,2.7313467065868267,0.3195938291438393,0.319527543109495,2026-01-01 01:09:03
1,0.0050445308211701,1.2678061876247504,2.4954908982035926,0.316758319925556,0.3167181490708341,2026-01-01 01:09:04
1,0.0043487881658557,1.4045765668662673,2.6322612774451093,0.3150189753133321,0.3149889567095174,2026-01-01 01:09:05
1,0.0047520206851921,1.5075604391217563,2.7576611976047904,0.3229619304538191,0.3229269682480313,2026-01-01 01:09:06
1,0.0055312016981661,1.5075604391217563,2.7576611976047904,0.3226110988438909,0.3225636788372754,2026-01-01 01:09:07
1,0.0056866571934256,1.322709261477046,2.595713373253493,0.3164834880332389,0.316432394245042,2026-01-01 01:09:08
1,0.0047977055654316,1.322709261477046,2.595713373253493,0.3095457981499714,0.3095086156694354,2026-01-01 01:09:09
1,0.0045665844872754,1.2440906586826348,2.4621916966067863,0.2989895080891164,0.2989546324335723,2026-01-01 01:09:10
1,0.005053096736215,1.2759279441117763,2.3990044311377243,0.3138344987526767,0.3137938157783201,2026-01-01 01:09:11
1,0.0053300613226671,1.2840497005988023,2.559977644710578,0.3072761741428161,0.307229942619763,2026-01-01 01:09:12
1,0.0046149660444735,1.3464247904191615,2.5196937325349302,0.3053329312749072,0.305298052744094,2026-01-01 01:09:13
1,0.0044355577126996,1.431703233532934,2.6049721756487028,0.3097207119619019,0.3096889491828287,2026-01-01 01:09:14
1,0.0051162307026571,1.431703233532934,2.5874291816367263,0.3024514385974743,0.3024081627421439,2026-01-01 01:09:15
1,0.0052832660460329,1.2067305788423153,2.362456526946108,0.3078514908101078,0.3078061524627029,2026-01-01 01:09:16
1,0.005070704450474,1.3987289021956089,2.5797947305389224,0.3084992493372484,0.3084575737407362,2026-01-01 01:09:17
1,0.0049182628882859,1.3987289021956089,2.5797947305389224,0.3037979586202005,0.3037581445030944,2026-01-01 01:09:18
1,0.0044934569532809,1.328069620758483,2.5833683033932138,0.3022264018757268,0.302192996006455,2026-01-01 01:09:19
1,0.0050615040232035,1.328069620758483,2.5833683033932138,0.3184487915736274,0.3184085646331246,2026-01-01 01:09:20
1,0.0054571223958333,1.3184859481037925,2.6267384830339324,0.321332004609761,0.3212856626145717,2026-01-01 01:09:21
1,0.0054840891654191,1.3184859481037925,2.6267384830339324,0.3088151430600109,0.3087664446619819,2026-01-01 01:09:22
1,0.0054661641950474,1.2647199201596808,2.495166027944112,0.3038128907813813,0.3037637135240684,2026-01-01 01:09:23
1,0.0036495556933009,1.303054610778443,2.533500718562874,0.3118449720648244,0.311823615759539,2026-01-01 01:09:24
1,0.0046014826596806,1.3758255489021958,2.527165748502994,0.3185697925117633,0.3185365584329695,2026-01-01 01:09:25
1,0.0063597160366766,1.3758255489021958,2.492079760479042,0.3158292448838595,0.3157652069748055,2026-01-01 01:09:26
1,0.0052977011991641,1.4848195209580837,2.808990698602794,0.3081411365602047,0.3080955929620206,2026-01-01 01:09:27
1,0.0045239135401072,1.4848195209580837,2.808990698602794,0.2958853960364376,0.2958508100274887,2026-01-01 01:09:28
1,0.004812616602732,1.4328402794411177,2.6202410778443115,0.3117165024058563,0.3116793490008206,2026-01-01 01:09:29
1,0.0051785715288173,1.4328402794411177,2.634210499001996,0.3196554559879903,0.3196135055654109,2026-01-01 01:09:30
1,0.0053376754693737,1.3893076646706586,2.6660477844311377,0.3173220257984651,0.3172771300888631,2026-01-01 01:09:31
1,0.0048809852950349,1.3893076646706586,2.6660477844311377,0.3154835356380229,0.3154457754372649,2026-01-01 01:09:32
1,0.0037407668257235,1.2769025548902195,2.5516934530938125,0.319910335273894,0.3198884638098267,2026-01-01 01:09:33
1,0.00396792220247,1.2769025548902195,2.517744510978044,0.3243050288865927,0.3242807539070564,2026-01-01 01:09:34
1,0.0055069316055389,1.3418766067864272,2.6096827944111776,0.3117205036227263,0.3116718564180892,2026-01-01 01:09:35
1,0.0057344042383982,1.3418766067864272,2.6096827944111776,0.3076701991147478,0.3076167551212697,2026-01-01 01:09:36
1,0.0051801578093812,1.343988263473054,2.5500691017964074,0.3059307318644836,0.3058868723306191,2026-01-01 01:09:37
1,0.004496788142465,1.343988263473054,2.5723227145708583,0.3176681550214831,0.3176363260257787,2026-01-01 01:09:38
1,0.0039350861947979,1.2283344510978045,2.4184966467065867,0.3233290742657629,0.3233051273366921,2026-01-01 01:09:39
1,0.0048960549603917,1.4258555688622754,2.6991845508982037,0.3220128615566358,0.321975638292275,2026-01-01 01:09:40
1,0.004864646605227,1.4258555688622754,2.6991845508982037,0.3110190786493408,0.3109810323754345,2026-01-01 01:09:41
1,0.0040907003181137,1.313937764471058,2.541784910179641,0.3074277060578514,0.3074004889763516,2026-01-01 01:09:42
1,0.0047815255036801,1.313937764471058,2.5451960479041915,0.3199685680379024,0.3199328391179677,2026-01-01 01:09:43
1,0.0043811482893587,1.2785269061876248,2.5421097804391217,0.3210793539147794,0.3210494619992359,2026-01-01 01:09:44
1,0.0045026573805513,1.2785269061876248,2.5421097804391217,0.3052188085527339,0.3051855946319613,2026-01-01 01:09:45
1,0.0056155918241641,1.3066281836327347,2.542759520958084,0.3083128501801672,0.3082617049110748,2026-01-01 01:09:46
1,0.0045995791230039,1.3300188423153694,2.6343729341317363,0.3210346586352854,0.321001707031233,2026-01-01 01:09:47
1,0.004214112945983,1.3300188423153694,2.6343729341317363,0.3068437816570046,0.3068148425250154,2026-01-01 01:09:48
1,0.0047743872411427,1.4201703393213572,2.7664326946107782,0.3172883416783203,0.3172524184170234,2026-01-01 01:09:49
1,0.0053893882157559,1.4201703393213572,2.7664326946107782,0.3184134673222761,0.3183678543239787,2026-01-01 01:09:50
1,0.0045129682042165,1.4320281037924152,2.7375192415169662,0.3188308471331628,0.3187989055841282,2026-01-01 01:09:51
1,0.003398923364209,1.4320281037924152,2.7375192415169662,0.326209958665011,0.3261922507543556,2026-01-01 01:09:52
1,0.0047918363273453,1.3759879840319362,2.701621077844312,0.3242822662057637,0.3242468604013888,2026-01-01 01:09:53
1,0.0054120720278193,1.3759879840319362,2.701621077844312,0.320868088727801,0.3208224428561657,2026-01-01 01:09:54
1,0.0046149660444735,1.2954201596806387,2.499551776447106,0.312503970130555,0.3124698920468453,2026-01-01 01:09:55
1,0.0043935212777569,1.1961722954091818,2.2718177245508984,0.32664861394119,0.3266190655189658,2026-01-01 01:09:56
1,0.0035878493793662,1.50544878243513,2.999689540918164,0.3382515193039692,0.338232490527262,2026-01-01 01:09:57
1,0.0043538642636601,1.50544878243513,2.999689540918164,0.3312359088010684,0.3312072933152942,2026-01-01 01:09:58
1,0.0056763463697604,1.3332675449101796,2.6134188023952096,0.3172817720203414,0.3172309914687694,2026-01-01 01:09:59
0,0.0153120432692307,0.251172923076923,0.4796067692307691,0.0699163869288676,0.068219077185992,2026-01-01 00:40:00
0,0.0133507734374999,0.226764923076923,0.4191083076923076,0.0654818990182524,0.064106442325691,2026-01-01 00:40:01
0,0.0144808413461538,0.2021483076923077,0.3596529230769231,0.0658177567246187,0.0642050024076677,2026-01-01 00:40:02
0,0.0148589567307692,0.238656,0.4270356923076923,0.0659967371204954,0.0643022605778747,2026-01-01 00:40:03
0,0.0130205336538461,0.238656,0.465420923076923,0.066981738110663,0.0657040253233734,2026-01-01 00:40:04
0,0.0145947241586538,0.226764923076923,0.4470627692307692,0.0665822060199244,0.0649629447085988,2026-01-01 00:40:05
0,0.0133784801682692,0.2036086153846153,0.3940744615384615,0.0670263091240983,0.0656775637732278,2026-01-01 00:40:06
0,0.0127956201923076,0.2119532307692307,0.4109723076923076,0.0676358740357175,0.0664144830625794,2026-01-01 00:40:07
0,0.0152825030048076,0.2207150769230769,0.4326683076923077,0.0670988218930061,0.065335266138108,2026-01-01 00:40:08
0,0.0136007451923076,0.2207150769230769,0.4107636923076923,0.0680787328360652,0.0667063234991875,2026-01-01 00:40:09
0,0.0138232139423076,0.1919261538461538,0.3625735384615384,0.0646297507866812,0.0631341701699936,2026-01-01 00:40:10
0,0.013690180889423,0.1919261538461538,0.3652855384615384,0.060460450841959,0.0588901100629623,2026-01-01 00:40:11
0,0.0101775378605769,0.2109101538461538,0.3842695384615384,0.0651449142373939,0.0643449887255715,2026-01-01 00:40:12
0,0.012855923076923,0.2659846153846154,0.46104,0.068411657157058,0.0671928573348022,2026-01-01 00:40:13
0,0.014974265625,0.2659846153846154,0.46104,0.0663529760886224,0.0646412314611135,2026-01-01 00:40:14
0,0.0141334885817307,0.2025655384615384,0.370500923076923,0.0683675846071776,0.0668907402076676,2026-01-01 00:40:15
0,0.0144645432692307,0.2025655384615384,0.3631993846153846,0.0685520653030552,0.0670086758959382,2026-01-01 00:40:16
0,0.0138028413461538,0.1819126153846153,0.3613218461538461,0.0626997823233283,0.0611616241949611,2026-01-01 00:40:17
0,0.0125749849759615,0.208824,0.3882332307692308,0.062885526266965,0.0616154133859985,2026-01-01 00:40:18
0,0.0135245516826923,0.208824,0.4134756923076923,0.0662105330858063,0.0648145137549364,2026-01-01 00:40:19
0,0.0150162331730769,0.2067378461538461,0.4115981538461538,0.0646587752312215,0.0628909369916954,2026-01-01 00:40:20
0,0.0153448431490384,0.2067378461538461,0.4115981538461538,0.0619135924769034,0.0599819032886377,2026-01-01 00:40:21
0,0.0162159753605769,0.1875452307692307,0.3629907692307692,0.0650255767050499,0.0629711661709507,2026-01-01 00:40:22
0,0.014572110576923,0.1777403076923077,0.3513083076923077,0.0641591916985035,0.0624824413154547,2026-01-01 00:40:23
0,0.0145659987980769,0.2027741538461538,0.3832264615384615,0.0655308939157097,0.0638915466740822,2026-01-01 00:40:24
0,0.0181138864182692,0.2027741538461538,0.3832264615384615,0.0689330751572386,0.06651057035885,2026-01-01 00:40:25
0,0.0171103323317307,0.1973501538461538,0.3702923076923077,0.0643525526932188,0.0620361794893208,2026-01-01 00:40:26
0,0.0147770588942307,0.2148738461538461,0.3882332307692308,0.0684684662646904,0.0668548382921945,2026-01-01 00:40:27
0,0.0191209038461538,0.2163341538461538,0.3926141538461538,0.0743629733719905,0.0718626665580224,2026-01-01 00:40:28
0,0.0176269813701923,0.2822566153846154,0.4985907692307692,0.0720056859135019,0.0698148145571467,2026-01-01 00:40:29
0,0.0143080817307692,0.2822566153846154,0.4954615384615384,0.0693129913159125,0.0678201265285268,2026-01-01 00:40:30
0,0.0168053545673076,0.213204923076923,0.4168135384615384,0.0663187885244378,0.0641542030518358,2026-01-01 00:40:31
0,0.0157926328125,0.2407421538461538,0.4487316923076923,0.0663520194659714,0.0644451956010856,2026-01-01 00:40:32
0,0.0168098365384615,0.2407421538461538,0.4487316923076923,0.0696533750565133,0.0675945415866807,2026-01-01 00:40:33
0,0.0199531243990384,0.1940123076923077,0.3771766153846154,0.0701876058812318,0.0672916996817261,2026-01-01 00:40:34
0,0.0167654242788461,0.1940123076923077,0.3821833846153846,0.0700827556454578,0.0680478742328606,2026-01-01 00:40:35
0,0.0138741454326923,0.1896313846153846,0.3778024615384615,0.0613110012947496,0.0597205740785978,2026-01-01 00:40:36
0,0.0151354128605769,0.2219667692307692,0.4403870769230769,0.060125115211102,0.0581889057869984,2026-01-01 00:40:37
0,0.0146350618990384,0.2219667692307692,0.4403870769230769,0.0705686736170826,0.0690344309695216,2026-01-01 00:40:38
0,0.0162241243990384,0.1971415384615384,0.3834350769230769,0.0710241170815997,0.069146243532858,2026-01-01 00:40:39
0,0.0183493936298076,0.2163341538461538,0.3982467692307692,0.0701132412854476,0.0676695378805691,2026-01-01 00:40:40
0,0.0161515979567307,0.2163341538461538,0.4151446153846153,0.066475481155924,0.0644834511976192,2026-01-01 00:40:41
0,0.0158775865384615,0.2196719999999999,0.4184824615384614,0.063640570492919,0.0616281141880705,2026-01-01 00:40:42
0,0.0166342247596153,0.2338578461538461,0.4535298461538462,0.0645357103552116,0.0623551158903451,2026-01-01 00:40:43
0,0.0137916364182692,0.2551366153846153,0.4549901538461538,0.0658317601071313,0.0643708894121337,2026-01-01 00:40:44
0,0.0143785709134615,0.2551366153846153,0.4543643076923076,0.070222338997472,0.0687345152944461,2026-01-01 00:40:45
0,0.0171164441105769,0.1992276923076923,0.3976209230769231,0.0671097851451829,0.0648902966801825,2026-01-01 00:40:46
0,0.0159586694711538,0.1981846153846153,0.3636166153846153,0.0666624158276502,0.0647240183601807,2026-01-01 00:40:47
0,0.016097610576923,0.1981846153846153,0.370500923076923,0.0709178337828185,0.0690666785227233,2026-01-01 00:40:48
0,0.0147662614182692,0.1904658461538461,0.3627821538461538,0.0630617579600639,0.0613085870065606,2026-01-01 00:40:49
0,0.0139210024038461,0.1988104615384615,0.3944916923076922,0.060359033101018,0.0587317509441179,2026-01-01 00:40:50
0,0.0159340186298076,0.2136221538461538,0.4124326153846153,0.0683796931802701,0.0664972893412417,2026-01-01 00:40:51
0,0.0156624519230769,0.2136221538461538,0.4178566153846154,0.069163177049918,0.067366406015132,2026-01-01 00:40:52
0,0.0159450198317307,0.2063206153846153,0.3786369230769231,0.0675798558237924,0.065671860455832,2026-01-01 00:40:53
0,0.0167169375,0.2063206153846153,0.3784283076923077,0.0669057870952841,0.0647837043357401,2026-01-01 00:40:54
0,0.0143021736778846,0.2042344615384615,0.3942830769230769,0.0682157140219306,0.0666995612250144,2026-01-01 00:40:55
0,0.0135932073317307,0.2282252307692307,0.4332941538461538,0.0688822185302225,0.0675276591041176,2026-01-01 00:40:56
0,0.0154391682692307,0.2282252307692307,0.4332941538461538,0.0644103807272304,0.0625326253133606,2026-01-01 00:40:57
0,0.0148787181490384,0.2313544615384615,0.4570763076923076,0.0639119573818588,0.0621559493743118,2026-01-01 00:40:58
0,0.0142320919471153,0.2313544615384615,0.3957433846153846,0.0617719490217855,0.0601100760668203,2026-01-01 00:40:59
0,0.015361344951923,0.2094498461538461,0.3744646153846154,0.0639416369973442,0.0620690101674593,2026-01-01 00:41:00
0,0.0135076424278846,0.2094498461538461,0.3899021538461538,0.0675104566462516,0.0661453350783397,2026-01-01 00:41:01
0,0.0109021911057692,0.1986018461538461,0.3790541538461538,0.0612006704387006,0.0602217924944096,2026-01-01 00:41:02
0,0.0126363064903846,0.2071550769230769,0.3788455384615384,0.0596235965793861,0.0582691773353842,2026-01-01 00:41:03
0,0.0133666640624999,0.2071550769230769,0.3788455384615384,0.0622624905171033,0.0608107722137505,2026-01-01 00:41:04
0,0.0124837157451923,0.2002707692307692,0.3702923076923077,0.062302171056896,0.0610386546345508,2026-01-01 00:41:05
0,0.0122498383413461,0.2002707692307692,0.3784283076923077,0.0639319044262771,0.0627473494594116,2026-01-01 00:41:06
0,0.010318719951923,0.214248,0.3924055384615385,0.0643109674867004,0.0634777485236301,2026-01-01 00:41:07
0,0.0106469224759615,0.2221753846153846,0.4149359999999999,0.0646579506400701,0.0637753371042804,2026-01-01 00:41:08
0,0.0112475066105769,0.2221753846153846,0.4149359999999999,0.0628410445108048,0.0618262927099302,2026-01-01 00:41:09
0,0.0097808834134615,0.1881710769230769,0.3631993846153846,0.0629282277131816,0.0621634632463017,2026-01-01 00:41:10
0,0.0132973972355769,0.1881710769230769,0.375924923076923,0.0685746233072493,0.0672730123339992,2026-01-01 00:41:11
0,0.0148440847355769,0.2019396923076923,0.3896935384615384,0.0655207974110383,0.0638171453587618,2026-01-01 00:41:12
0,0.0121247506009615,0.2019396923076923,0.3871901538461538,0.0619942200961409,0.0607969879861926,2026-01-01 00:41:13
0,0.0121595877403846,0.2081981538461538,0.4055483076923076,0.067889112604428,0.0667912871278926,2026-01-01 00:41:14
0,0.012392446514423,0.2081981538461538,0.3959519999999999,0.0697947539992526,0.0686857696703135,2026-01-01 00:41:15
0,0.012124954326923,0.1983932307692307,0.3686233846153846,0.0704455654921873,0.0693942589850492,2026-01-01 00:41:16
0,0.0133191959134615,0.2000621538461538,0.3984553846153846,0.0693003595584021,0.0680083734193271,2026-01-01 00:41:17
0,0.0141306364182692,0.2000621538461538,0.3775938461538461,0.0637361734114079,0.0621500194331727,2026-01-01 00:41:18
0,0.0132415763221153,0.199644923076923,0.3857298461538462,0.0647223383265982,0.0633533087925819,2026-01-01 00:41:19
0,0.0121218984374999,0.2150824615384615,0.4147273846153846,0.0668650200918666,0.0657570565806945,2026-01-01 00:41:20
0,0.012079930889423,0.2150824615384615,0.4115981538461538,0.0653349648104173,0.0642085110907054,2026-01-01 00:41:21
0,0.0125939314903846,0.2392818461538461,0.4270356923076923,0.0659124724072054,0.0646981213672091,2026-01-01 00:41:22
0,0.0140086045673076,0.2392818461538461,0.4270356923076923,0.0674504265263554,0.065979686545664,2026-01-01 00:41:23
0,0.0155481616586538,0.2307286153846153,0.4508178461538461,0.0689060183016029,0.0671289358415371,2026-01-01 00:41:24
0,0.0138904435096153,0.2307286153846153,0.4508178461538461,0.0651419454355767,0.0636437635140933,2026-01-01 00:41:25
0,0.0131285084134615,0.1839987692307692,0.3513083076923077,0.0635744996010597,0.0622041740268514,2026-01-01 00:41:26
0,0.0123164567307692,0.2102843076923076,0.3911538461538461,0.0690919524543338,0.0679853130282637,2026-01-01 00:41:27
0,0.0133189921874999,0.2102843076923076,0.3911538461538461,0.0659119207783983,0.0645521939813602,2026-01-01 00:41:28
0,0.0164351844951923,0.191508923076923,0.367788923076923,0.0617440331606737,0.0595164711786188,2026-01-01 00:41:29
0,0.0152908557692307,0.1825384615384615,0.3631993846153846,0.0622418920468857,0.0603344251271259,2026-01-01 00:41:30
0,0.0142269987980769,0.1819126153846153,0.3625735384615384,0.061913802872403,0.0602570451592367,2026-01-01 00:41:31
0,0.0150003425480769,0.199644923076923,0.3727956923076923,0.0658466163771946,0.0641152603657335,2026-01-01 00:41:32
0,0.0136628816105769,0.199644923076923,0.3727956923076923,0.0695110763615816,0.0681550834717484,2026-01-01 00:41:33
0,0.0129160222355769,0.2138307692307692,0.3951175384615384,0.0734329409402953,0.0722881261671028,2026-01-01 00:41:34
0,0.0140024927884615,0.2138307692307692,0.3951175384615384,0.0685697495869347,0.0671248147418227,2026-01-01 00:41:35
0,0.0135333118990384,0.1860849230769231,0.3659113846153846,0.0631482942133092,0.0616810873047323,2026-01-01 00:41:36
0,0.0132670420673076,0.1860849230769231,0.3659113846153846,0.0651018597253656,0.0637356865067402,2026-01-01 00:41:37
0,0.0132971935096153,0.1769058461538461,0.330864,0.060631385095722,0.059155299875781,2026-01-01 00:41:38
0,0.0135082536057692,0.2217581538461538,0.4026276923076922,0.0671558179051826,0.0657832118631819,2026-01-01 00:41:39
0,0.0126381400240384,0.2217581538461538,0.4399698461538461,0.0729097341846688,0.0718060356489053,2026-01-01 00:41:40
0,0.0130498701923076,0.2182116923076922,0.413892923076923,0.0658515338390898,0.0645455296432271,2026-01-01 00:41:41
0,0.013314102764423,0.1831643076923076,0.3604873846153846,0.0652337838609768,0.0638606390854258,2026-01-01 00:41:42
0,0.0140841868990384,0.187128,0.3644510769230769,0.068694853958232,0.0672355459540247,2026-01-01 00:41:43
0,0.0155738311298076,0.187128,0.3488049230769231,0.0652349630808464,0.0633486873747169,2026-01-01 00:41:44
0,0.0133354939903846,0.1741938461538461,0.3375396923076923,0.0622331369215243,0.060787563951236,2026-01-01 00:41:45
0,0.0132491141826923,0.2192547692307692,0.3826006153846154,0.0627511272762673,0.0613364895296127,2026-01-01 00:41:46
0,0.016701454326923,0.2428283076923076,0.4309993846153845,0.0684566918833375,0.0663881019985954,2026-01-01 00:41:47
0,0.0156133539663461,0.2428283076923076,0.4531126153846153,0.0680457161984205,0.0662302247533373,2026-01-01 00:41:48
0,0.0151081135817307,0.2134135384615384,0.4236978461538461,0.0629438381632391,0.0611037778432853,2026-01-01 00:41:49
0,0.0174422019230769,0.2134135384615384,0.4047138461538461,0.0649151519174641,0.062527966067529,2026-01-01 00:41:50
0,0.0143797932692307,0.1944295384615384,0.3579839999999999,0.0652729938707301,0.0636693432853092,2026-01-01 00:41:51
0,0.0130669831730769,0.2075723076923077,0.4020018461538461,0.0669503017072261,0.0656627508519338,2026-01-01 00:41:52
0,0.0139619513221153,0.2075723076923077,0.3919883076923077,0.0670975037754025,0.065628796485758,2026-01-01 00:41:53
0,0.0141569170673076,0.184416,0.3619476923076923,0.0596569774520012,0.0579528830849505,2026-01-01 00:41:54
0,0.0155173990384615,0.2044430769230769,0.3529772307692307,0.0589451123846703,0.0568659529166844,2026-01-01 00:41:55
0,0.0157209212740384,0.2044430769230769,0.3982467692307692,0.0650455683997884,0.0631171815177693,2026-01-01 00:41:56
0,0.012818844951923,0.2017310769230769,0.3867729230769231,0.0676723046708838,0.0664471070368567,2026-01-01 00:41:57
0,0.0120230913461538,0.243036923076923,0.444768,0.0660511403994122,0.0649476590998082,2026-01-01 00:41:58
0,0.0131592710336538,0.243036923076923,0.417648,0.0650529637435804,0.0637080974263588,2026-01-01 00:41:59
0,0.012567243389423,0.2138307692307692,0.404088,0.0669854381350057,0.0657959977181719,2026-01-01 00:42:00
0,0.014905813701923,0.2138307692307692,0.404088,0.0665313400741439,0.0648400796571453,2026-01-01 00:42:01
0,0.0153912926682692,0.2100756923076923,0.4015846153846154,0.0664609166959347,0.0646541689148013,2026-01-01 00:42:02
0,0.0126191935096153,0.210492923076923,0.4020018461538461,0.0686004494523063,0.0674297977175173,2026-01-01 00:42:03
0,0.0135620372596153,0.210492923076923,0.3746732307692307,0.0658736123896947,0.0644624228107861,2026-01-01 00:42:04
0,0.0151178924278846,0.1979759999999999,0.3938658461538461,0.0681526761009375,0.0664547709969586,2026-01-01 00:42:05
0,0.014071555889423,0.2232184615384615,0.4272443076923077,0.0721278214495338,0.0707418825159939,2026-01-01 00:42:06
0,0.0155964447115384,0.2232184615384615,0.436632,0.0693118459123554,0.0675343090298407,2026-01-01 00:42:07
0,0.0152364609375,0.2134135384615384,0.386772923076923,0.0663052104150146,0.0645308545292823,2026-01-01 00:42:08
0,0.0141664921875,0.2086153846153846,0.3677889230769231,0.0666009685381807,0.0650768738441333,2026-01-01 00:42:09
0,0.0142738557692307,0.2013138461538461,0.3604873846153846,0.0683933975851336,0.0668873222271407,2026-01-01 00:42:10
0,0.0116714603365384,0.241368,0.4710535384615384,0.0662999935871773,0.0652645858277854,2026-01-01 00:42:11
0,0.0132827289663461,0.241368,0.4710535384615384,0.0654889329356715,0.0641277587964796,2026-01-01 00:42:12
0,0.0138168984375,0.2286424615384615,0.4093033846153845,0.0668812682355492,0.0654385005815635,2026-01-01 00:42:13
0,0.0123836862980769,0.2286424615384615,0.4072172307692307,0.0631197612733163,0.0618930414252787,2026-01-01 00:42:14
0,0.0135023455528846,0.1867107692307692,0.3688319999999999,0.0647060584113078,0.0632815981127064,2026-01-01 00:42:15
0,0.0138590697115384,0.2148738461538461,0.3969950769230769,0.0704179545192141,0.069040672834213,2026-01-01 00:42:16
0,0.0109826628605769,0.2148738461538461,0.3963692307692307,0.0650923979162073,0.0641591878297472,2026-01-01 00:42:17
0,0.0114096724759615,0.2013138461538461,0.3853126153846153,0.0647759098649298,0.0637631388250358,2026-01-01 00:42:18
0,0.0141094489182692,0.2013138461538461,0.3853126153846153,0.0661468927139471,0.0646245686015247,2026-01-01 00:42:19
0,0.0123148269230769,0.1721076923076923,0.3300295384615385,0.0619750493920631,0.0607392112642511,2026-01-01 00:42:20
0,0.0134387830528846,0.2207150769230769,0.4063827692307692,0.0647556445878488,0.0633458176681404,2026-01-01 00:42:21
0,0.0152211814903846,0.2207150769230769,0.4126412307692307,0.0668442713719345,0.065088188247036,2026-01-01 00:42:22
0,0.0106440703125,0.1919261538461538,0.3836436923076923,0.0673276672113069,0.0664809637362384,2026-01-01 00:42:23
0,0.0107811778846153,0.1917175384615384,0.3830178461538461,0.0641340863455518,0.063221414368859,2026-01-01 00:42:24
0,0.0137916364182692,0.1775316923076923,0.3369138461538461,0.0616305130927514,0.0600675528799208,2026-01-01 00:42:25
0,0.0116671820913461,0.1992276923076923,0.3784283076923077,0.0669062098375907,0.0658810881579767,2026-01-01 00:42:26
0,0.0131698647836538,0.1992276923076923,0.3784283076923077,0.0669850396855461,0.0656776233069868,2026-01-01 00:42:27
0,0.0119208209134615,0.2044430769230769,0.3963692307692308,0.0663383911394983,0.0652585332943228,2026-01-01 00:42:28
0,0.0103305360576923,0.2069464615384615,0.4113895384615385,0.0695078305697943,0.0687358606207847,2026-01-01 00:42:29
0,0.0137690228365384,0.2069464615384615,0.4099292307692307,0.0661003296484005,0.0646503487210556,2026-01-01 00:42:30
0,0.0126697175480769,0.1931778461538461,0.3817661538461538,0.0646283027405162,0.0633742516513747,2026-01-01 00:42:31
0,0.0114051905048076,0.2086153846153846,0.4017932307692308,0.0670940490569479,0.0661175698918614,2026-01-01 00:42:32
0,0.0141027259615384,0.2154996923076923,0.4241150769230769,0.065940088569212,0.0644143493405722,2026-01-01 00:42:33
0,0.013973563701923,0.2154996923076923,0.4128498461538461,0.0669646042350362,0.065490440049089,2026-01-01 00:42:34
0,0.010856352764423,0.2140393846153846,0.4113895384615385,0.0679439050429077,0.0670709612062781,2026-01-01 00:42:35
0,0.0112768431490384,0.1881710769230769,0.3730043076923077,0.0645142829882655,0.0635210635780132,2026-01-01 00:42:36
0,0.0114834212740384,0.1910916923076923,0.3792627692307692,0.0614273719245045,0.0603444534103538,2026-01-01 00:42:37
0,0.0107591754807692,0.2238443076923077,0.4435163076923076,0.0651884977425161,0.0642944817297724,2026-01-01 00:42:38
0,0.0131712908653846,0.2238443076923077,0.4435163076923076,0.0699645753566882,0.0687136005589952,2026-01-01 00:42:39
0,0.0121015258413461,0.2232184615384615,0.413892923076923,0.0647736514817842,0.0636331595836234,2026-01-01 00:42:40
0,0.010175296875,0.2069464615384615,0.3838523076923077,0.0605525518908683,0.0596914975017541,2026-01-01 00:42:41
0,0.0092681051682692,0.2069464615384615,0.3838523076923077,0.0635777855910448,0.0628986251618489,2026-01-01 00:42:42
0,0.008456868389423,0.2052775384615384,0.3869815384615384,0.0664247123155236,0.0658841694433803,2026-01-01 00:42:43
0,0.0109512890625,0.2052775384615384,0.4017932307692307,0.0670972890483618,0.0661975487877685,2026-01-01 00:42:44
0,0.0127691358173076,0.2242615384615384,0.3924055384615385,0.0651421946622479,0.0638784368616934,2026-01-01 00:42:45
0,0.0096156616586538,0.2242615384615384,0.3924055384615385,0.0635818210664503,0.0628505132913996,2026-01-01 00:42:46
0,0.0104867938701923,0.2367784615384615,0.4011673846153846,0.0648322540667423,0.0639784989015741,2026-01-01 00:42:47
0,0.0104344362980769,0.2367784615384615,0.419316923076923,0.0663281852774163,0.0655022953898307,2026-01-01 00:42:48
0,0.006189805889423,0.1967243076923076,0.3892763076923077,0.0676423940051678,0.0673585909131243,2026-01-01 00:42:49
0,0.0085903088942307,0.192552,0.3807230769230769,0.0648870975755606,0.0643159546682005,2026-01-01 00:42:50
0,0.0112077800480769,0.2261390769230769,0.412224,0.0622733582655486,0.0612564838695734,2026-01-01 00:42:51
0,0.0108437217548076,0.2497126153846154,0.4758516923076923,0.0705511349627867,0.069712813334721,2026-01-01 00:42:52
0,0.0113361274038461,0.2497126153846154,0.4443507692307692,0.0702149306431519,0.0692937854407334,2026-01-01 00:42:53
0,0.0101891502403846,0.222384,0.409512,0.0663231781989952,0.0655358312970435,2026-01-01 00:42:54
0,0.0088211304086538,0.222384,0.4155618461538461,0.0693187582088462,0.0687552026971778,2026-01-01 00:42:55
0,0.0099041376201923,0.1931778461538461,0.3738387692307692,0.0666017674776711,0.06586124421198,2026-01-01 00:42:56
0,0.0104323990384615,0.1825384615384615,0.3631993846153846,0.0652517151474233,0.0644123542496529,2026-01-01 00:42:57
0,0.0102093191105769,0.187128,0.349848,0.0656528588419155,0.0648542032362969,2026-01-01 00:42:58
0,0.0112782692307692,0.1908830769230769,0.378636923076923,0.0656891305169356,0.0647136964732296,2026-01-01 00:42:59
0,0.0098108311298076,0.1908830769230769,0.378636923076923,0.0636518392715095,0.0628912095223845,2026-01-01 00:43:00
0,0.0077540138221153,0.1744024615384615,0.3329501538461538,0.05983936226143,0.0593348510194565,2026-01-01 00:43:01
0,0.0103898203124999,0.2255132307692307,0.4293304615384615,0.0673328716394516,0.066526440135399,2026-01-01 00:43:02
0,0.0103961358173076,0.2255132307692307,0.4293304615384615,0.0654906731263028,0.0646602553861669,2026-01-01 00:43:03
0,0.0090093731971153,0.1650147692307692,0.3195987692307692,0.0584356263862253,0.0577369346756962,2026-01-01 00:43:04
0,0.0106768701923076,0.1748196923076923,0.3429636923076923,0.0663083514672472,0.0654431197086493,2026-01-01 00:43:05
0,0.009081899639423,0.21696,0.3917796923076923,0.0659154941936792,0.0652868399735843,2026-01-01 00:43:06
0,0.0080111159855769,0.21696,0.3892763076923077,0.0622790584253428,0.0617616639916129,2026-01-01 00:43:07
0,0.0098798942307692,0.2330233846153846,0.4255753846153846,0.0657554338355967,0.0650089591433085,2026-01-01 00:43:08
0,0.008536321514423,0.2330233846153846,0.4255753846153846,0.062743305167966,0.0621599031402311,2026-01-01 00:43:09
0,0.0088364098557692,0.2015224615384615,0.390528,0.0646229988793044,0.0640160124110792,2026-01-01 00:43:10
0,0.0104303617788461,0.2067378461538461,0.4082603076923077,0.0678391842982248,0.0670325479107791,2026-01-01 00:43:11
0,0.0089378653846153,0.218628923076923,0.4253667692307692,0.0652604287035887,0.0646454802514659,2026-01-01 00:43:12
0,0.008064899639423,0.218628923076923,0.412224,0.063556877499848,0.0630431127985978,2026-01-01 00:43:13
0,0.0084766298076923,0.1935950769230769,0.3817661538461538,0.0622577643573189,0.0616780023174777,2026-01-01 00:43:14
0,0.0087447331730769,0.2081981538461538,0.3869815384615384,0.0660725527558945,0.0654913114039729,2026-01-01 00:43:15
0,0.0101610360576923,0.2081981538461538,0.3775938461538461,0.0645931609042708,0.0637889471761316,2026-01-01 00:43:16
0,0.0115683749999999,0.2033999999999999,0.3815575384615384,0.0630276439118925,0.0619568930543139,2026-01-01 00:43:17
0,0.0102873461538461,0.210492923076923,0.413892923076923,0.0703520631037771,0.0695958568599366,2026-01-01 00:43:18
0,0.008374766826923,0.210492923076923,0.3859384615384615,0.0675594587506367,0.0670383751837234,2026-01-01 00:43:19
0,0.0090782325721153,0.1792006153846154,0.3546461538461538,0.0640672563742651,0.063420809145677,2026-01-01 00:43:20
0,0.0079436826923076,0.1858763076923077,0.3650769230769231,0.0693156738652644,0.0688589903257348,2026-01-01 00:43:21
0,0.0093748575721153,0.1858763076923077,0.3563150769230769,0.068596076326111,0.0679524372840312,2026-01-01 00:43:22
0,0.0121096748798076,0.1923433846153846,0.3665372307692307,0.0650117706665669,0.0638739860937741,2026-01-01 00:43:23
0,0.0105576905048076,0.2033999999999999,0.3957433846153846,0.0654637870001349,0.064606830750345,2026-01-01 00:43:24
0,0.0092102469951923,0.2052775384615384,0.4013759999999999,0.0676976846492183,0.0670682328465016,2026-01-01 00:43:25
0,0.0082335847355769,0.2052775384615384,0.4013759999999999,0.0663897121981287,0.0658771733467097,2026-01-01 00:43:26
0,0.0086933942307692,0.2221753846153846,0.4053396923076923,0.0632025506938082,0.0626018155563545,2026-01-01 00:43:27
0,0.0100885096153846,0.2221753846153846,0.4005415384615384,0.0612513396272774,0.0604148043105031,2026-01-01 00:43:28
0,0.0097694747596153,0.1783661538461538,0.3346190769230769,0.0586921519890186,0.0578733623355625,2026-01-01 00:43:29
0,0.0100974735576923,0.2056947692307692,0.3798886153846154,0.061816999659468,0.0609867401543185,2026-01-01 00:43:30
0,0.0095490432692307,0.2056947692307692,0.3811403076923076,0.0642929651978327,0.0635798800452792,2026-01-01 00:43:31
0,0.0063788635817307,0.200688,0.3761335384615384,0.0583878390812,0.0580383481155156,2026-01-01 00:43:32
0,0.0059104975961538,0.2086153846153846,0.3921969230769231,0.06301061992564,0.0627328003645566,2026-01-01 00:43:33
0,0.0078827686298076,0.2194633846153846,0.4280787692307692,0.071332097114309,0.0708952046153626,2026-01-01 00:43:34
0,0.0079428677884615,0.2194633846153846,0.4236978461538461,0.0685947556906582,0.0681333351565598,2026-01-01 00:43:35
0,0.0076515396634615,0.2422024615384615,0.4720966153846153,0.0692298906179824,0.068805753362319,2026-01-01 00:43:36
0,0.0083130378605769,0.2422024615384615,0.4720966153846153,0.0684478006258646,0.0679411128260844,2026-01-01 00:43:37
0,0.0066826189903846,0.1977673846153846,0.3936572307692307,0.0653188736965394,0.0649761330367837,2026-01-01 00:43:38
0,0.0044245204326923,0.1988104615384615,0.3947003076923077,0.0633517506349008,0.0631970563194785,2026-01-01 00:43:39
0,0.0062266802884615,0.1988104615384615,0.3796799999999999,0.0633773288464654,0.0630707084493134,2026-01-01 00:43:40
0,0.0085293948317307,0.2102843076923076,0.4188996923076923,0.0695780097656957,0.0690532321239179,2026-01-01 00:43:41
0,0.0076851544471153,0.2102843076923076,0.4188996923076923,0.0651689969487473,0.0647142686308809,2026-01-01 00:43:42
0,0.0085373401442307,0.241368,0.4341286153846154,0.0639915797390389,0.0634195246021245,2026-01-01 00:43:43
0,0.0074846881009615,0.241368,0.438300923076923,0.0728591841140153,0.0724737204356952,2026-01-01 00:43:44
0,0.0056462650240384,0.2175858461538461,0.4145187692307692,0.0712485734600963,0.0710244951504553,2026-01-01 00:43:45
0,0.008003578125,0.2616036923076922,0.496921846153846,0.070003761667276,0.0695447293816419,2026-01-01 00:43:46
0,0.0072546814903846,0.2616036923076922,0.496921846153846,0.0693906439218025,0.0690103692234396,2026-01-01 00:43:47
0,0.0078511911057692,0.2198806153846153,0.4042966153846153,0.0652719364478118,0.064798028410345,2026-01-01 00:43:48
0,0.0102319326923076,0.1883796923076923,0.3738387692307692,0.0647166583235343,0.0639026870948724,2026-01-01 00:43:49
0,0.0073033719951923,0.1883796923076923,0.3738387692307692,0.0621205315233634,0.0616897170867644,2026-01-01 00:43:50
0,0.007410328125,0.2146652307692307,0.417648,0.0660808654395479,0.0656640526796776,2026-01-01 00:43:51
0,0.0087991280048076,0.2146652307692307,0.417648,0.0669651846374773,0.0663845712487957,2026-01-01 00:43:52
0,0.0075374531249999,0.2125790769230769,0.4245323076923076,0.062977780981962,0.0625250965437112,2026-01-01 00:43:53
0,0.0077747938701923,0.2236356923076923,0.4362147692307692,0.0632364776377582,0.062756710273139,2026-01-01 00:43:54
0,0.0086471484374999,0.2236356923076923,0.3992898461538461,0.0589250441744273,0.058287113969196,2026-01-01 00:43:55
0,0.0073033719951923,0.1917175384615384,0.3665372307692308,0.0574435711008951,0.0569774044540766,2026-01-01 00:43:56
0,0.0061600618990384,0.1994363076923077,0.3911538461538462,0.0618394214358832,0.0615318428208093,2026-01-01 00:43:57
0,0.0076423719951923,0.222384,0.4218203076923077,0.0617443277659004,0.0612695369784205,2026-01-01 00:43:58
0,0.0081270360576923,0.222384,0.4097206153846154,0.0625381825949995,0.0620078669783316,2026-01-01 00:43:59
0,0.0088349837740384,0.1873366153846154,0.3667458461538462,0.0647841894922197,0.0641789238759603,2026-01-01 00:44:00
0,0.0087502337740384,0.2100756923076923,0.3840609230769231,0.0678246084510761,0.0672577944958163,2026-01-01 00:44:01
0,0.0081235727163461,0.2100756923076923,0.3903193846153846,0.0694845540740331,0.0690080489594472,2026-01-01 00:44:02
0,0.0093294266826923,0.2033999999999999,0.3878159999999999,0.0652929560253486,0.0646229982614577,2026-01-01 00:44:03
0,0.0077403641826923,0.2217581538461538,0.4251581538461538,0.0631418015455346,0.0626655716062254,2026-01-01 00:44:04
0,0.0055221959134615,0.2217581538461538,0.4015846153846153,0.0608320667964869,0.0605809021311633,2026-01-01 00:44:05
0,0.0091660384615384,0.187128,0.3613218461538461,0.0620282899538339,0.061347310401667,2026-01-01 00:44:06
0,0.0099776826923076,0.1938036923076923,0.3809316923076923,0.0674199871912173,0.0666775863462042,2026-01-01 00:44:07
0,0.0077739789663461,0.1938036923076923,0.3702923076923077,0.0641887444176225,0.0637162472289578,2026-01-01 00:44:08
0,0.0100974735576923,0.2198806153846153,0.3819747692307692,0.0634720537029484,0.0626637265810267,2026-01-01 00:44:09
0,0.0093526514423076,0.2198806153846153,0.4203599999999999,0.0664166119230463,0.0657548040095568,2026-01-01 00:44:10
0,0.0090535817307692,0.2004793846153846,0.3982467692307692,0.063509406606761,0.0628607777981404,2026-01-01 00:44:11
0,0.0113292007211538,0.1979759999999999,0.3957433846153846,0.0621354570706865,0.061093896883428,2026-01-01 00:44:12
0,0.0114891256009615,0.2000621538461538,0.3980381538461538,0.0638850850864066,0.0628434888387233,2026-01-01 00:44:13
0,0.0108317019230769,0.2000621538461538,0.3878159999999999,0.065791024613143,0.06489324427933,2026-01-01 00:44:14
0,0.0111046947115384,0.1913003076923077,0.3790541538461538,0.0653244157821925,0.0643736363168051,2026-01-01 00:44:15
0,0.0097926995192307,0.1798264615384615,0.3342018461538461,0.0651822796921988,0.0644424752938471,2026-01-01 00:44:16
0,0.009624829326923,0.1921347692307692,0.3780110769230769,0.0689780020517271,0.0683032021758546,2026-01-01 00:44:17
0,0.0122341514423076,0.1921347692307692,0.3811403076923076,0.0644123206195936,0.0632398022299881,2026-01-01 00:44:18
0,0.0121626436298076,0.1988104615384615,0.3878159999999999,0.0592630948282272,0.058001590569171,2026-01-01 00:44:19
0,0.012204407451923,0.1988104615384615,0.3853126153846153,0.0630733808137054,0.0618813688117688,2026-01-01 00:44:20
0,0.0126658467548076,0.1817039999999999,0.3556892307692307,0.063664835404201,0.0623922077909392,2026-01-01 00:44:21
0,0.0097079495192307,0.1817039999999999,0.3567323076923077,0.0670200621456931,0.0663132297972632,2026-01-01 00:44:22
0,0.0107793443509615,0.2265563076923076,0.4020018461538461,0.069170891901326,0.0683258225108803,2026-01-01 00:44:23
0,0.0139083713942307,0.2265563076923076,0.4176479999999999,0.066528112766895,0.065058027894218,2026-01-01 00:44:24
0,0.0114577518028846,0.232188923076923,0.4143101538461538,0.0702598466239865,0.0693193044631118,2026-01-01 00:44:25
0,0.0127100552884615,0.232188923076923,0.4357975384615384,0.0697415650006111,0.0685736128791441,2026-01-01 00:44:26
0,0.0141776971153846,0.2036086153846153,0.4036707692307691,0.0637990835627325,0.0622038259912438,2026-01-01 00:44:27
0,0.0126907013221153,0.2000621538461538,0.3823919999999999,0.0642068070385948,0.062940131633515,2026-01-01 00:44:28
0,0.0128487926682692,0.2234270769230769,0.3947003076923077,0.0681905676737933,0.0669691126314364,2026-01-01 00:44:29
0,0.0126591237980769,0.2234270769230769,0.4036707692307692,0.0680009858568459,0.0668122792768509,2026-01-01 00:44:30
0,0.013189626201923,0.1842073846153846,0.3644510769230769,0.0631791263665702,0.0617870194223397,2026-01-01 00:44:31
0,0.0161927506009615,0.180660923076923,0.3498479999999999,0.0633533878558341,0.0612490537133988,2026-01-01 00:44:32
0,0.0161224651442307,0.2000621538461538,0.3982467692307692,0.0701093498850421,0.0682303968842063,2026-01-01 00:44:33
0,0.01299853125,0.2000621538461538,0.3982467692307692,0.0685538724979881,0.0673102638519058,2026-01-01 00:44:34
0,0.0143351772836538,0.199644923076923,0.3721698461538462,0.0619741554898857,0.0602934377932686,2026-01-01 00:44:35
0,0.0137441682692307,0.199644923076923,0.3752990769230769,0.0636748651012119,0.0621738392271589,2026-01-01 00:44:36
0,0.0129255973557692,0.1875452307692307,0.3631993846153846,0.0649385678539805,0.0636391901890852,2026-01-01 00:44:37
0,0.0149278161057692,0.1875452307692307,0.3594443076923076,0.0671589998602792,0.0654789398856252,2026-01-01 00:44:38
0,0.0152054945913461,0.1965156923076922,0.3761335384615384,0.0694311620263357,0.0677456950260297,2026-01-01 00:44:39
0,0.012877110576923,0.1979759999999999,0.3944916923076922,0.0690891929366227,0.067878543029617,2026-01-01 00:44:40
0,0.0115506508413461,0.1979759999999999,0.3863556923076923,0.0650874844798602,0.0640543761272979,2026-01-01 00:44:41
0,0.0126959981971153,0.1919261538461538,0.3546461538461538,0.0627725721981006,0.06147525884569,2026-01-01 00:44:42
0,0.0135781316105769,0.2002707692307692,0.3863556923076923,0.0675711275094605,0.0661928365827121,2026-01-01 00:44:43
0,0.0157433311298076,0.2002707692307692,0.3863556923076923,0.0640929104342694,0.0621292901365572,2026-01-01 00:44:44
0,0.0129376171875,0.2311458461538461,0.4163963076923077,0.0638364245350316,0.0625116561844788,2026-01-01 00:44:45
0,0.0121614212740384,0.2311458461538461,0.4163963076923077,0.0680190942782688,0.0669230679140712,2026-01-01 00:44:46
0,0.0125436111778846,0.1929692307692307,0.3694578461538461,0.062167154568697,0.0608885286879746,2026-01-01 00:44:47
0,0.0117407271634615,0.2084067692307692,0.3798886153846154,0.0640234559205133,0.0629377329880817,2026-01-01 00:44:48
0,0.0140878539663461,0.2084067692307692,0.3798886153846154,0.0673293280009722,0.0658389761439635,2026-01-01 00:44:49
0,0.0141858461538461,0.1794092307692308,0.3473446153846154,0.0638823664321763,0.0622873864427964,2026-01-01 00:44:50
0,0.0138283070913461,0.1823298461538461,0.3617390769230769,0.0632878297192096,0.0617586213702597,2026-01-01 00:44:51
0,0.0146387289663461,0.2063206153846153,0.4005415384615385,0.0649298009585649,0.0632580956618891,2026-01-01 00:44:52
0,0.0142915799278846,0.2063206153846153,0.4065913846153846,0.0689974907003608,0.0675011441837192,2026-01-01 00:44:53
0,0.0119094122596153,0.2002707692307692,0.3842695384615384,0.0678899896616059,0.0668372395890455,2026-01-01 00:44:54
0,0.0124468413461538,0.1956812307692307,0.375924923076923,0.0643872446568187,0.0631727268289149,2026-01-01 00:44:55
0,0.0142962656249999,0.2033999999999999,0.3990812307692307,0.0676603188756474,0.0661327115694928,2026-01-01 00:44:56
0,0.0147354987980769,0.2033999999999999,0.3851039999999999,0.0671687333780398,0.0655324638540478,2026-01-01 00:44:57
0,0.0143626802884615,0.1913003076923077,0.3811403076923076,0.068418378692993,0.0668938559055258,2026-01-01 00:44:58
0,0.0133208257211538,0.2054861538461538,0.3953261538461538,0.0671888293699557,0.0658551015048316,2026-01-01 00:44:59
0,0.0120334813701923,0.2054861538461538,0.3504738461538461,0.0583237197669505,0.057068832242889,2026-01-01 00:45:00
0,0.0119961995192307,0.2286424615384615,0.4428904615384615,0.0600040348233401,0.0587926474329522,2026-01-01 00:45:01
0,0.0135834284855769,0.2286424615384615,0.4428904615384615,0.063329184473916,0.0618552833370643,2026-01-01 00:45:02
0,0.0132723389423076,0.1798264615384615,0.3481790769230769,0.0617473849004804,0.0603041006984481,2026-01-01 00:45:03
0,0.0144413185096153,0.2188375384615384,0.392196923076923,0.0628079013856687,0.061125124099471,2026-01-01 00:45:04
0,0.0133407908653846,0.2188375384615384,0.3953261538461538,0.0635660858100977,0.0621503866786264,2026-01-01 00:45:05
0,0.0109429362980769,0.1929692307692307,0.3773852307692308,0.0661209984680172,0.0652091909440975,2026-01-01 00:45:06
0,0.0118342373798076,0.1929692307692307,0.3773852307692308,0.063657943765163,0.0625482584093835,2026-01-01 00:45:07
0,0.0117975667067307,0.1852504615384615,0.3654941538461538,0.0618769803235275,0.0607418975152937,2026-01-01 00:45:08
0,0.0122231502403846,0.1852504615384615,0.3654941538461538,0.0679492402186254,0.0668408097234724,2026-01-01 00:45:09
0,0.0133566814903846,0.1906744615384615,0.3723784615384615,0.0666509224290685,0.0652988860564261,2026-01-01 00:45:10
0,0.0142577614182692,0.1906744615384615,0.3723784615384615,0.0641292542330376,0.0625242152115905,2026-01-01 00:45:11
0,0.0116818503605769,0.2555538461538461,0.4422646153846153,0.0684286861466143,0.067424175633855,2026-01-01 00:45:12
0,0.0102396742788461,0.2555538461538461,0.4520695384615384,0.0669763363362676,0.0661889620683991,2026-01-01 00:45:13
0,0.0120554837740384,0.2059033846153846,0.374256,0.0661770300815291,0.0650696904970778,2026-01-01 00:45:14
0,0.0113868551682692,0.2586830769230769,0.4276615384615384,0.0690315774402353,0.0680859619397718,2026-01-01 00:45:15
0,0.0122647103365384,0.2586830769230769,0.4591624615384615,0.06723431716997,0.066106204592859,2026-01-01 00:45:16
0,0.0127660799278846,0.2411593846153846,0.4309993846153845,0.0663869216602657,0.0651479130195367,2026-01-01 00:45:17
0,0.0099658665865384,0.2411593846153846,0.4309993846153845,0.0658858567775073,0.0651277792227366,2026-01-01 00:45:18
0,0.0104627542067307,0.2392818461538461,0.4337113846153846,0.0673058439999821,0.0664876485594088,2026-01-01 00:45:19
0,0.0095413016826923,0.2392818461538461,0.4612486153846153,0.066628310495026,0.0659416053915997,2026-01-01 00:45:20
0,0.0111295492788461,0.2328147692307692,0.4547815384615384,0.0687392490207371,0.0678322746838453,2026-01-01 00:45:21
0,0.0143425114182692,0.2328147692307692,0.413892923076923,0.0693614221747288,0.0678623551928296,2026-01-01 00:45:22
0,0.0120620030048076,0.1990190769230769,0.3800972307692307,0.0625288065980931,0.06135437831234,2026-01-01 00:45:23
0,0.0109851075721153,0.1860849230769231,0.3563150769230769,0.0628094932371843,0.0618414088806275,2026-01-01 00:45:24
0,0.0113770763221153,0.1940123076923077,0.3800972307692308,0.0648099643745439,0.0638035548899152,2026-01-01 00:45:25
0,0.0093628377403846,0.1940123076923077,0.3784283076923077,0.0621310430912777,0.0614215254211211,2026-01-01 00:45:26
0,0.0113524254807692,0.1748196923076923,0.3496393846153846,0.0616306658388471,0.0605760794987858,2026-01-01 00:45:27
0,0.0138474573317307,0.2081981538461538,0.3838523076923077,0.0649199909999573,0.0634259659514968,2026-01-01 00:45:28
0,0.0120263509615384,0.2426196923076923,0.4372578461538461,0.0691997254954238,0.0681466719010687,2026-01-01 00:45:29
0,0.0117030378605769,0.2426196923076923,0.4372578461538461,0.0660197832814245,0.0649742309639764,2026-01-01 00:45:30
0,0.0117511171875,0.1967243076923076,0.3684147692307692,0.0607272259973681,0.0595794194515276,2026-01-01 00:45:31
0,0.0117881953125,0.1967243076923076,0.3788455384615384,0.062808890334513,0.0616927480043419,2026-01-01 00:45:32
0,0.0119136905048076,0.1821212307692307,0.3323243076923077,0.0630393735093517,0.0619033649409077,2026-01-01 00:45:33
0,0.0129451550480769,0.2173772307692307,0.4053396923076923,0.06488625263356,0.0635818271332888,2026-01-01 00:45:34
0,0.0126776628605769,0.2751636923076923,0.4631261538461538,0.070753193517919,0.0696081263745666,2026-01-01 00:45:35
0,0.0128145667067307,0.2751636923076923,0.473556923076923,0.0695609526767972,0.0683704103938419,2026-01-01 00:45:36
0,0.011272157451923,0.226764923076923,0.4251581538461538,0.0639700913597206,0.0629691277925148,2026-01-01 00:45:37
0,0.00805125,0.226764923076923,0.3915710769230769,0.0640528168055692,0.0635447929744468,2026-01-01 00:45:38
0,0.0112915114182692,0.2150824615384615,0.4011673846153846,0.0659954771677927,0.065022340595335,2026-01-01 00:45:39
0,0.0127283906249999,0.2150824615384615,0.4063827692307692,0.0688550537330941,0.067668356686746,2026-01-01 00:45:40
0,0.0107487854567307,0.1929692307692307,0.3842695384615384,0.0692325361781966,0.0683930382193281,2026-01-01 00:45:41
0,0.0127275757211538,0.1938036923076923,0.3548547692307692,0.064089898206156,0.0628134051643257,2026-01-01 00:45:42
0,0.0123523125,0.1938036923076923,0.3780110769230769,0.0605965792921495,0.0593242429181536,2026-01-01 00:45:43
0,0.0103474453125,0.1971415384615384,0.387816,0.0646234760144577,0.063789685903726,2026-01-01 00:45:44
0,0.0122337439903846,0.210492923076923,0.4076344615384615,0.0688077973632297,0.0677115092577105,2026-01-01 00:45:45
0,0.01293496875,0.210492923076923,0.36612,0.0660511687110486,0.0647722430639231,2026-01-01 00:45:46
0,0.0118118275240384,0.1975587692307692,0.3669544615384615,0.0640312245249327,0.0629323322681173,2026-01-01 00:45:47
0,0.0130345907451923,0.1975587692307692,0.3669544615384615,0.0672635373513018,0.0659885058257521,2026-01-01 00:45:48
0,0.0116278629807692,0.1960984615384615,0.3886504615384615,0.0668396971860571,0.0658204977375913,2026-01-01 00:45:49
0,0.010888134014423,0.1960984615384615,0.3886504615384615,0.0648219041736499,0.063900921733429,2026-01-01 00:45:50
0,0.0116427349759615,0.2065292307692307,0.3696664615384615,0.0643725989112421,0.0633109643969128,2026-01-01 00:45:51
0,0.0100872872596153,0.2065292307692307,0.3773852307692307,0.0638271140627082,0.0630249722357413,2026-01-01 00:45:52
0,0.0109574008413461,0.1910916923076923,0.3619476923076923,0.0644359400612981,0.0634974467076061,2026-01-01 00:45:53
0,0.0132700979567307,0.1910916923076923,0.356940923076923,0.06596388709234,0.0646153147523848,2026-01-01 00:45:54
0,0.0114047830528846,0.1923433846153846,0.3734215384615384,0.06693344202674,0.0659546555222874,2026-01-01 00:45:55
0,0.010292235576923,0.1923433846153846,0.3533944615384615,0.0615882182014309,0.0607221418269826,2026-01-01 00:45:56
0,0.0126560679086538,0.200688,0.3657027692307692,0.0598044927622678,0.0584499897317671,2026-01-01 00:45:57
0,0.0113204405048076,0.200688,0.387816,0.06473761758572,0.0637401502779216,2026-01-01 00:45:58
0,0.0117109831730769,0.187128,0.3546461538461538,0.0624964778360389,0.0613894340667057,2026-01-01 00:45:59
0,0.0147291832932692,0.1704387692307692,0.3170953846153845,0.0642594194566442,0.0625485743116358,2026-01-01 00:46:00
0,0.0125313876201923,0.1973501538461538,0.3888590769230769,0.0696172427310592,0.0684801052115701,2026-01-01 00:46:01
0,0.012593727764423,0.1973501538461538,0.3944916923076923,0.0671935129315451,0.0660027741922817,2026-01-01 00:46:02
0,0.0124537680288461,0.2029827692307692,0.3936572307692307,0.06397591238155,0.0627520599417697,2026-01-01 00:46:03
0,0.0121740522836538,0.2029827692307692,0.3936572307692307,0.0652894191658131,0.0641443739232374,2026-01-01 00:46:04
0,0.0155404200721153,0.1950553846153846,0.3723784615384615,0.0673902249992594,0.0655739107376783,2026-01-01 00:46:05
0,0.0156889362980769,0.2117446153846153,0.3890676923076923,0.0665184215996217,0.0646417642854827,2026-01-01 00:46:06
0,0.0133902962740384,0.2117446153846153,0.3982467692307692,0.0646243454370642,0.0632218790361571,2026-01-01 00:46:07
0,0.01344346875,0.2284338461538461,0.4326683076923077,0.0688497446126388,0.0675245176302161,2026-01-01 00:46:08
0,0.0116816466346153,0.2284338461538461,0.4326683076923077,0.0656798325777578,0.0646326507219554,2026-01-01 00:46:09
0,0.0115268149038461,0.1766972307692307,0.3327415384615384,0.0594038338951789,0.0582747631451083,2026-01-01 00:46:10
0,0.0154581147836538,0.2015224615384615,0.3934486153846154,0.0675668233146889,0.0657747846835987,2026-01-01 00:46:11
0,0.0155481616586538,0.2015224615384615,0.3934486153846154,0.0672864019604255,0.0654653691490113,2026-01-01 00:46:12
0,0.0142732445913461,0.1983932307692307,0.3848953846153846,0.0611576300539894,0.0594687329834447,2026-01-01 00:46:13
0,0.0158470276442307,0.1983932307692307,0.3823919999999999,0.0650634614142939,0.0631040864449546,2026-01-01 00:46:14
0,0.0146825300480769,0.1839987692307692,0.3458843076923077,0.0651454351746,0.0634692920669148,2026-01-01 00:46:15
0,0.0137651520432692,0.2148738461538461,0.3861470769230769,0.0672331790225659,0.0658089731777216,2026-01-01 00:46:16
0,0.0165386772836538,0.2148738461538461,0.4161876923076922,0.0682844132369967,0.0662512886276794,2026-01-01 00:46:17
0,0.0153580853365384,0.2013138461538461,0.4024190769230769,0.0631218963636696,0.0612250195209561,2026-01-01 00:46:18
0,0.0159167019230769,0.2011052307692307,0.3796799999999999,0.0614226749175768,0.0593245614726501,2026-01-01 00:46:19
0,0.0166440036057692,0.2292683076923077,0.4113895384615385,0.0631924752887718,0.0609611850040104,2026-01-01 00:46:20
0,0.0132953599759615,0.2292683076923077,0.4549901538461538,0.0658976496874472,0.0645424948188332,2026-01-01 00:46:21
0,0.0135045865384615,0.2257218461538461,0.4155618461538461,0.0637004923769206,0.0622525410845801,2026-01-01 00:46:22
0,0.016516063701923,0.1898399999999999,0.3554806153846154,0.063394033789786,0.0612047641931128,2026-01-01 00:46:23
0,0.0151667866586538,0.2033999999999999,0.3848953846153846,0.0673180564251237,0.0655872647951339,2026-01-01 00:46:24
0,0.0165258425480769,0.2033999999999999,0.4036707692307691,0.0687932565413848,0.0667788040746834,2026-01-01 00:46:25
0,0.0174550366586538,0.2002707692307692,0.3861470769230769,0.066660688373842,0.0643348200410907,2026-01-01 00:46:26
0,0.01236290625,0.2221753846153846,0.3978295384615384,0.0670076450901765,0.0658572930629917,2026-01-01 00:46:27
0,0.0131639567307692,0.2221753846153846,0.4214030769230769,0.0692465922634667,0.067983827365729,2026-01-01 00:46:28
0,0.0161365222355769,0.1992276923076923,0.3903193846153846,0.0691246464423023,0.0672148004230766,2026-01-01 00:46:29
0,0.0146684729567307,0.1942209230769231,0.3771766153846154,0.0694901308936119,0.0679243269582332,2026-01-01 00:46:30
0,0.0139428010817307,0.2328147692307692,0.3901107692307692,0.0676185322501554,0.0661654305635548,2026-01-01 00:46:31
0,0.0144109633413461,0.2328147692307692,0.401376,0.0638751373026958,0.0622282677005604,2026-01-01 00:46:32
0,0.0135620372596153,0.1783661538461538,0.3563150769230769,0.0628836639703433,0.0614037974371607,2026-01-01 00:46:33
0,0.0124615096153846,0.2079895384615384,0.3988726153846154,0.0660331735752017,0.0648466713912009,2026-01-01 00:46:34
0,0.0126823485576923,0.2079895384615384,0.3988726153846154,0.0645904513264861,0.0633331227527932,2026-01-01 00:46:35
0,0.012667884014423,0.2138307692307692,0.4015846153846153,0.0636146762271942,0.0623406107291858,2026-01-01 00:46:36
0,0.0134277818509615,0.2138307692307692,0.4076344615384615,0.0693851096396001,0.0680734023996327,2026-01-01 00:46:37
0,0.0139652109374999,0.1938036923076923,0.3654941538461538,0.0642597078209,0.0627238625460722,2026-01-01 00:46:38
0,0.0133138990384615,0.1792006153846154,0.3415033846153846,0.0642865104567656,0.0628927302563777,2026-01-01 00:46:39
0,0.0138472536057692,0.2048603076923076,0.3821833846153846,0.0691467373767758,0.0677460320419603,2026-01-01 00:46:40
0,0.0132593004807692,0.2079895384615384,0.4093033846153846,0.0677183017998755,0.0664075247951593,2026-01-01 00:46:41
0,0.0124549903846153,0.2079895384615384,0.4093033846153846,0.0657723812728716,0.0645823455196784,2026-01-01 00:46:42
0,0.0159853575721153,0.1929692307692307,0.3848953846153846,0.0641344253054241,0.062110328066664,2026-01-01 00:46:43
0,0.0154049423076923,0.2154996923076923,0.4113895384615385,0.0700337716329598,0.0683184961897892,2026-01-01 00:46:44
0,0.0131623269230769,0.2154996923076923,0.4113895384615385,0.068039313583209,0.0667540361539607,2026-01-01 00:46:45
0,0.0117378749999999,0.2002707692307692,0.385104,0.0610653015887561,0.0599265663008495,2026-01-01 00:46:46
0,0.0112415985576923,0.2129963076923076,0.4105550769230769,0.0654659563312914,0.0644935492916791,2026-01-01 00:46:47
0,0.0118906694711538,0.2129963076923076,0.4105550769230769,0.0658508387430577,0.064768394628028,2026-01-01 00:46:48
0,0.0130030132211538,0.2499212307692307,0.4704276923076923,0.0651123792117947,0.063800811701663,2026-01-01 00:46:49
0,0.0130938749999999,0.2499212307692307,0.4704276923076923,0.0679770499079006,0.0667040459917206,2026-01-01 00:46:50
0,0.0123639248798076,0.1979759999999999,0.3846867692307691,0.0641385331048511,0.0629355606188469,2026-01-01 00:46:51
0,0.012511626201923,0.2714086153846153,0.4581193846153846,0.0667985472302485,0.0656163479771245,2026-01-01 00:46:52
0,0.0124462301682692,0.2714086153846153,0.4512350769230768,0.0684999942169019,0.0673597844586372,2026-01-01 00:46:53
0,0.0128375877403846,0.1865021538461538,0.3561064615384615,0.0640954470946633,0.0627966772948435,2026-01-01 00:46:54
0,0.0126524008413461,0.1931778461538461,0.3796799999999999,0.0650614008178129,0.0638192966846706,2026-01-01 00:46:55
0,0.0137103497596153,0.2125790769230769,0.4113895384615384,0.0674885045640965,0.0660811967035032,2026-01-01 00:46:56
0,0.0124778076923076,0.2190461538461538,0.4316252307692307,0.0691453531930174,0.0680101770574148,2026-01-01 00:46:57
0,0.0114451207932692,0.2190461538461538,0.4195255384615384,0.0662841899620652,0.0652886134709156,2026-01-01 00:46:58
0,0.008279423076923,0.2004793846153846,0.3619476923076923,0.0612124574715141,0.0606499472647358,2026-01-01 00:46:59
0,0.0093174068509615,0.2255132307692307,0.3744646153846154,0.0617349320576894,0.0610277622540855,2026-01-01 00:47:00
0,0.0120074044471153,0.2255132307692307,0.3951175384615384,0.0595279229216487,0.0583043381388481,2026-01-01 00:47:01
0,0.0100526538461538,0.1852504615384615,0.3548547692307692,0.0579411531462177,0.0570624340399432,2026-01-01 00:47:02
0,0.0120778936298076,0.2298941538461538,0.4118067692307692,0.066627260229607,0.0655234026220466,2026-01-01 00:47:03
0,0.0121104897836538,0.2298941538461538,0.4243236923076923,0.0665199444630553,0.0654082490865486,2026-01-01 00:47:04
0,0.009932048076923,0.1971415384615384,0.3915710769230769,0.0607765504284769,0.059959515533257,2026-01-01 00:47:05
0,0.0106518118990384,0.1927606153846154,0.3740473846153846,0.0646037247376739,0.0637195429460117,2026-01-01 00:47:06
0,0.0132798768028846,0.218628923076923,0.4318338461538461,0.0698816483164831,0.06860823305937,2026-01-01 00:47:07
0,0.0140275510817307,0.218628923076923,0.4318338461538461,0.069712847606352,0.0682869601903313,2026-01-01 00:47:08
0,0.012858571514423,0.210492923076923,0.4155618461538461,0.0654077119653412,0.064131317803001,2026-01-01 00:47:09
0,0.0125841526442307,0.205068923076923,0.3863556923076923,0.0635274549899024,0.0622685846934132,2026-01-01 00:47:10
0,0.010874891826923,0.184416,0.3621563076923076,0.0635364993330139,0.062598909537202,2026-01-01 00:47:11
0,0.0116400865384615,0.218628923076923,0.409512,0.065433385104782,0.064389721785762,2026-01-01 00:47:12
0,0.012593727764423,0.218628923076923,0.4136843076923077,0.0673633755758114,0.0661756933470547,2026-01-01 00:47:13
0,0.0121932025240384,0.1950553846153846,0.388859076923077,0.0627442419622983,0.0615480764251103,2026-01-01 00:47:14
0,0.0130407025240384,0.2286424615384615,0.4345458461538461,0.0650029937023869,0.0636814672251833,2026-01-01 00:47:15
0,0.0126886640625,0.2286424615384615,0.4345458461538461,0.0706401660807821,0.0694912287143457,2026-01-01 00:47:16
0,0.0083301508413461,0.196932923076923,0.3855212307692307,0.065300128423906,0.0647666222613086,2026-01-01 00:47:17
0,0.0086834116586538,0.2013138461538461,0.385104,0.0623579703721251,0.0617504237305072,2026-01-01 00:47:18
0,0.0112951784855769,0.2013138461538461,0.4017932307692308,0.0661085465849934,0.0651364634790622,2026-01-01 00:47:19
0,0.0100282067307692,0.2017310769230769,0.3969950769230769,0.0655481295846878,0.0647764800048288,2026-01-01 00:47:20
0,0.0114092650240384,0.2017310769230769,0.3963692307692307,0.0645658628644032,0.0635498176160732,2026-01-01 00:47:21
0,0.0128905564903846,0.1829556923076923,0.3494307692307692,0.067520456424961,0.0662785454668647,2026-01-01 00:47:22
0,0.0105644134615384,0.2284338461538461,0.4257839999999999,0.0719674074732349,0.0711877862180887,2026-01-01 00:47:23
0,0.008930938701923,0.2284338461538461,0.4257839999999999,0.0683709920695463,0.0677851819388017,2026-01-01 00:47:24
0,0.0104234350961538,0.1885883076923076,0.3744646153846154,0.0636512526938496,0.0627919896984684,2026-01-01 00:47:25
0,0.0124908461538461,0.1885883076923076,0.3479704615384615,0.0671077259510979,0.0659350107658185,2026-01-01 00:47:26
0,0.0121402337740384,0.1733593846153846,0.3327415384615384,0.0611870185995985,0.0599705425106302,2026-01-01 00:47:27
0,0.0114481766826923,0.2025655384615384,0.3984553846153845,0.0656947655792553,0.0646895777939164,2026-01-01 00:47:28
0,0.0125597055288461,0.2025655384615384,0.3984553846153845,0.0691974751413081,0.0680481033017131,2026-01-01 00:47:29
0,0.0118572584134615,0.1810781538461538,0.3506824615384615,0.0610703361172699,0.0599081912295199,2026-01-01 00:47:30
0,0.011200649639423,0.2150824615384615,0.3961606153846153,0.0626449377529708,0.0616354903746898,2026-01-01 00:47:31
0,0.0116441610576923,0.2150824615384615,0.4195255384615384,0.066436519605941,0.0654081390242308,2026-01-01 00:47:32
0,0.013067798076923,0.2044430769230769,0.3915710769230769,0.0658378500049958,0.0645279408217951,2026-01-01 00:47:33
0,0.0121830162259615,0.1977673846153846,0.362364923076923,0.064583902272144,0.0634244002599615,2026-01-01 00:47:34
0,0.0113852253605769,0.207780923076923,0.3857298461538462,0.0666855926596717,0.065706505856426,2026-01-01 00:47:35
0,0.0124490823317307,0.2180030769230769,0.425784,0.0693857123652063,0.0682597790029013,2026-01-01 00:47:36
0,0.0097849579326923,0.2180030769230769,0.3928227692307692,0.0675629884317526,0.0668506694363234,2026-01-01 00:47:37
0,0.011245673076923,0.187128,0.370500923076923,0.066888359910752,0.0659362383564399,2026-01-01 00:47:38
0,0.013782876201923,0.2248873846153846,0.4468541538461538,0.0726936180662571,0.0713750266631497,2026-01-01 00:47:39
0,0.011007313701923,0.2248873846153846,0.4468541538461538,0.0662239692029282,0.0653027805078607,2026-01-01 00:47:40
0,0.013017477764423,0.2171686153846153,0.4068,0.0604896258602957,0.0590723294730393,2026-01-01 00:47:41
0,0.0127595606971153,0.2171686153846153,0.4068,0.0628631270647868,0.0615545802940785,2026-01-01 00:47:42
0,0.0097315817307692,0.1817039999999999,0.3481790769230769,0.0614184982685658,0.0606426273060723,2026-01-01 00:47:43
0,0.013176384014423,0.2326061538461538,0.4357975384615384,0.0649328976022025,0.0635819478729818,2026-01-01 00:47:44
0,0.0126102295673076,0.240324923076923,0.463752,0.0700168122201352,0.0688718818076686,2026-01-01 00:47:45
0,0.0106473299278846,0.240324923076923,0.463752,0.0690494472849592,0.0682236068803543,2026-01-01 00:47:46
0,0.0152521478365384,0.2353181538461538,0.4168135384615384,0.0661857357966096,0.0644043757000328,2026-01-01 00:47:47
0,0.0144832860576923,0.200688,0.3821833846153846,0.0662798884388412,0.064678110952905,2026-01-01 00:47:48
0,0.0111910745192307,0.2038172307692307,0.4045052307692307,0.0664309487431104,0.065481530235745,2026-01-01 00:47:49
0,0.0105083888221153,0.2038172307692307,0.3625735384615384,0.0612462398290709,0.0603380117137059,2026-01-01 00:47:50
0,0.0128742584134615,0.1950553846153846,0.3590270769230769,0.0612203824975389,0.0598513884838805,2026-01-01 00:47:51
0,0.0146047067307692,0.2013138461538461,0.3963692307692308,0.0672564258356452,0.0656515754380188,2026-01-01 00:47:52
0,0.015337509014423,0.2013138461538461,0.3938658461538461,0.0671156644092828,0.0653396757440069,2026-01-01 00:47:53
0,0.013801415264423,0.2136221538461538,0.3907366153846153,0.0668192497237314,0.0653783838156108,2026-01-01 00:47:54
0,0.0120357223557692,0.2136221538461538,0.3982467692307692,0.0684721247442966,0.0674060327743248,2026-01-01 00:47:55
0,0.0136791796875,0.2017310769230769,0.3953261538461539,0.0687807737171178,0.067406786573775,2026-01-01 00:47:56
0,0.0123610727163461,0.2017310769230769,0.3953261538461539,0.0655075453537137,0.0643307265586987,2026-01-01 00:47:57
0,0.0135795576923076,0.199644923076923,0.3967864615384615,0.0651894000505427,0.0637593404281364,2026-01-01 00:47:58
0,0.0152399242788461,0.1971415384615384,0.3746732307692307,0.0674705356225664,0.065726842957585,2026-01-01 00:47:59
0,0.0131480661057692,0.1960984615384615,0.3684147692307692,0.0660008758298363,0.0646780021953662,2026-01-01 00:48:00
0,0.0136015600961538,0.2230098461538461,0.4205686153846154,0.0660259144129864,0.0646097433598193,2026-01-01 00:48:01
0,0.0136590108173076,0.237612923076923,0.4351716923076922,0.0737232053313199,0.0724468248290885,2026-01-01 00:48:02
0,0.0109714579326923,0.2540935384615385,0.4524867692307692,0.0723993724148514,0.0715632324374431,2026-01-01 00:48:03
0,0.0121386039663461,0.2540935384615385,0.4524867692307692,0.068873836684172,0.0677957201698323,2026-01-01 00:48:04
0,0.0149290384615384,0.2113273846153845,0.4143101538461538,0.0702057913854368,0.0686001235761961,2026-01-01 00:48:05
0,0.0138211766826923,0.2113273846153845,0.3984553846153846,0.0627165565995054,0.0611746806023927,2026-01-01 00:48:06
0,0.0136830504807692,0.1944295384615384,0.3765507692307692,0.0615855054645127,0.0600462206376075,2026-01-01 00:48:07
0,0.0132317974759615,0.1881710769230769,0.3750904615384615,0.064126791481697,0.062746831962197,2026-01-01 00:48:08
0,0.0121410486778846,0.1881710769230769,0.3750904615384615,0.0617555836613912,0.0605503678796449,2026-01-01 00:48:09
0,0.0139688780048076,0.1919261538461538,0.3723784615384615,0.0635783845447774,0.0620248452526114,2026-01-01 00:48:10
0,0.0149983052884615,0.2127876923076923,0.4047138461538461,0.0654920670625458,0.0637515622286944,2026-01-01 00:48:11
0,0.0142015330528846,0.2134135384615384,0.3871901538461538,0.0677058235416608,0.0661996601230122,2026-01-01 00:48:12
0,0.0143029885817307,0.2134135384615384,0.3871901538461538,0.0685795385125714,0.0670714366942303,2026-01-01 00:48:13
0,0.0134882884615384,0.1821212307692307,0.3506824615384615,0.0660662615897611,0.0646747013508765,2026-01-01 00:48:14
0,0.011361796875,0.1846246153846154,0.3609046153846154,0.0651340988748342,0.0641354847803298,2026-01-01 00:48:15
0,0.0128367728365384,0.1846246153846154,0.3609046153846154,0.0633061577830892,0.0619910225468212,2026-01-01 00:48:16
0,0.0120840054086538,0.1748196923076923,0.336288,0.0627599208615357,0.061585586624062,2026-01-01 00:48:17
0,0.0115750979567307,0.1771144615384615,0.3519341538461539,0.0631939202551255,0.0621247830137317,2026-01-01 00:48:18
0,0.012898298076923,0.1800350769230769,0.3571495384615384,0.0649128879030178,0.0636185265675699,2026-01-01 00:48:19
0,0.0100526538461538,0.1902572307692307,0.3734215384615384,0.0673638288846415,0.066609530794389,2026-01-01 00:48:20
0,0.010080360576923,0.2253046153846153,0.4155618461538461,0.0710503054328191,0.0703315877308063,2026-01-01 00:48:21
0,0.0122068521634615,0.2253046153846153,0.4147273846153846,0.0673418640316182,0.0662262743290935,2026-01-01 00:48:22
0,0.0108742806490384,0.1938036923076923,0.3723784615384615,0.0611788447210652,0.060204659801133,2026-01-01 00:48:23
0,0.0112717499999999,0.1998535384615384,0.3936572307692307,0.0660343204987434,0.0650651914288144,2026-01-01 00:48:24
0,0.0119389525240384,0.1998535384615384,0.382392,0.0697990310177116,0.0687703871127698,2026-01-01 00:48:25
0,0.0102087079326923,0.1896313846153846,0.3711267692307692,0.0669101065002073,0.0661267316159967,2026-01-01 00:48:26
0,0.0104717181490384,0.2317716923076923,0.4132670769230769,0.067894311240774,0.0670818948589423,2026-01-01 00:48:27
0,0.0132813028846153,0.2317716923076923,0.4253667692307692,0.0691396268524541,0.0678520080394361,2026-01-01 00:48:28
0,0.0134241147836538,0.1990190769230769,0.3725870769230769,0.0647221899219694,0.063314729807295,2026-01-01 00:48:29
0,0.0143604393028846,0.2109101538461538,0.4099292307692307,0.0678191378232183,0.0662813189225505,2026-01-01 00:48:30
0,0.0154479284855769,0.2150824615384615,0.4259926153846153,0.0711467267968349,0.0694493933696182,2026-01-01 00:48:31
0,0.0121180276442307,0.2150824615384615,0.4072172307692308,0.0655078532018858,0.0643772649087663,2026-01-01 00:48:32
0,0.0107681394230769,0.1921347692307692,0.3500566153846154,0.0604258191262938,0.0594586140979484,2026-01-01 00:48:33
0,0.0130979495192307,0.2351095384615384,0.4132670769230769,0.0661884532684424,0.064879542726968,2026-01-01 00:48:34
0,0.0131474549278846,0.2351095384615384,0.4353803076923077,0.0714978334616593,0.0702786213483902,2026-01-01 00:48:35
0,0.0142170162259615,0.2002707692307692,0.3924055384615385,0.065595185061473,0.064035964526816,2026-01-01 00:48:36
0,0.0153014495192307,0.1942209230769231,0.3642424615384615,0.0622423993843886,0.0603322627102296,2026-01-01 00:48:37
0,0.0123616838942307,0.221340923076923,0.3913624615384615,0.0651277979751708,0.0639438725789562,2026-01-01 00:48:38
0,0.0100567283653846,0.221340923076923,0.3890676923076923,0.0617403205325102,0.0609157565334451,2026-01-01 00:48:39
0,0.0117352265625,0.2073636923076923,0.3738387692307692,0.0642325502674679,0.0631514447292347,2026-01-01 00:48:40
0,0.0110900264423076,0.2417852307692307,0.4466455384615384,0.071113802427141,0.0702437485414564,2026-01-01 00:48:41
0,0.0122863052884615,0.2417852307692307,0.4466455384615384,0.0674968865440732,0.0663692428426165,2026-01-01 00:48:42
0,0.0122736742788461,0.2167513846153846,0.3957433846153846,0.0610811630536327,0.0598353189987423,2026-01-01 00:48:43
0,0.0101335330528846,0.2121618461538461,0.4134756923076923,0.0638439905615466,0.0630346463358758,2026-01-01 00:48:44
0,0.0099016929086538,0.2121618461538461,0.4134756923076923,0.0657892981811668,0.0650398972378739,2026-01-01 00:48:45
0,0.0084652211538461,0.2073636923076923,0.4028363076923076,0.0667739148428603,0.0662351548217262,2026-01-01 00:48:46
0,0.0093548924278846,0.2073636923076923,0.4141015384615384,0.0648501472825328,0.0641718598002964,2026-01-01 00:48:47
0,0.0106436628605769,0.2067378461538461,0.3953261538461538,0.058551131489766,0.0575755802371305,2026-01-01 00:48:48
0,0.0112151141826923,0.1986018461538461,0.3871901538461538,0.0605187913786205,0.0594705416470891,2026-01-01 00:48:49
0,0.0098175540865384,0.1986018461538461,0.387816,0.0643060458943582,0.0635522082254047,2026-01-01 00:48:50
0,0.0107037620192307,0.2081981538461538,0.3974123076923077,0.0698607485539254,0.0690358868064318,2026-01-01 00:48:51
0,0.0093870811298076,0.2081981538461538,0.3915710769230769,0.0679264551323616,0.067274705608506,2026-01-01 00:48:52
0,0.0087076550480769,0.1919261538461538,0.3752990769230769,0.0623165852444859,0.061705214853341,2026-01-01 00:48:53
0,0.0108653167067307,0.2157083076923077,0.4243236923076923,0.068897793566401,0.0680356586738223,2026-01-01 00:48:54
0,0.0101372001201923,0.2157083076923077,0.4243236923076923,0.068307728800138,0.067551335942055,2026-01-01 00:48:55
0,0.0100251508413461,0.1848332307692307,0.3679975384615385,0.0643676536394461,0.0635821609074114,2026-01-01 00:48:56
0,0.0109594381009615,0.1910916923076923,0.374256,0.0654604038296797,0.0645364640033519,2026-01-01 00:48:57
0,0.0082749411057692,0.2384473846153846,0.4535298461538462,0.0659725036869404,0.0654514827365998,2026-01-01 00:48:58
0,0.0094388275240384,0.2384473846153846,0.4535298461538462,0.0664802204072354,0.0658067492007169,2026-01-01 00:48:59
0,0.0116783870192307,0.232188923076923,0.4445593846153846,0.0654513938490317,0.0644010887595087,2026-01-01 00:49:00
0,0.0095115576923076,0.232188923076923,0.4445593846153846,0.0659844746623699,0.065295338016851,2026-01-01 00:49:01
0,0.0111637752403846,0.1821212307692307,0.3494307692307692,0.0649222151612796,0.0639551729247108,2026-01-01 00:49:02
0,0.0112316159855769,0.2048603076923076,0.4022104615384615,0.0612768142187317,0.0602386816186202,2026-01-01 00:49:03
0,0.0075490655048076,0.2048603076923076,0.4022104615384615,0.059632705967568,0.0591529477796208,2026-01-01 00:49:04
0,0.0070065432692307,0.1785747692307692,0.3421292307692307,0.0597296733142689,0.0593173012336677,2026-01-01 00:49:05
0,0.009606290264423,0.1808695384615384,0.3444239999999999,0.0622192170757464,0.0614731661855358,2026-01-01 00:49:06
0,0.0092369350961538,0.2146652307692307,0.4101378461538461,0.0654970027081448,0.0648423965764697,2026-01-01 00:49:07
0,0.0089392914663461,0.2146652307692307,0.4101378461538461,0.0627522383517567,0.0621122571336399,2026-01-01 00:49:08
0,0.0109553635817307,0.2019396923076923,0.3901107692307692,0.0623602303666648,0.0613903766088431,2026-01-01 00:49:09
0,0.008268829326923,0.2338578461538461,0.4357975384615384,0.0671128372466649,0.0666014968665086,2026-01-01 00:49:10
0,0.0071701352163461,0.2338578461538461,0.4405956923076923,0.066035194837568,0.0656447722078071,2026-01-01 00:49:11
0,0.0099650516826923,0.2067378461538461,0.3782196923076922,0.0642425039011586,0.0634649277353378,2026-01-01 00:49:12
0,0.00990515625,0.1819126153846153,0.3575667692307692,0.0643265558811009,0.0635593712302717,2026-01-01 00:49:13
0,0.0099856280048076,0.196932923076923,0.3788455384615384,0.0660499586994913,0.0652907671692875,2026-01-01 00:49:14
0,0.0114316748798076,0.196932923076923,0.3725870769230769,0.0647725281660163,0.0637557622059351,2026-01-01 00:49:15
0,0.0093538737980769,0.2123704615384615,0.3926141538461538,0.0638576926732309,0.0631689002478155,2026-01-01 00:49:16
0,0.0110395024038461,0.2371956923076923,0.4495661538461538,0.0705212182985579,0.0696517883258451,2026-01-01 00:49:17
0,0.0111409579326923,0.2371956923076923,0.4368406153846154,0.0677769944956212,0.0668550674160265,2026-01-01 00:49:18
0,0.0100956400240384,0.2015224615384615,0.3771766153846154,0.0637334874155634,0.0629288127224311,2026-01-01 00:49:19
0,0.0133544405048076,0.2015224615384615,0.3838523076923077,0.0680112228394602,0.0666872202968624,2026-01-01 00:49:20
0,0.0137649483173076,0.1858763076923077,0.3690406153846154,0.0671820740168563,0.0657568039599569,2026-01-01 00:49:21
0,0.0111293455528846,0.2036086153846153,0.3953261538461538,0.0677026986742224,0.0667816821840918,2026-01-01 00:49:22
0,0.010504110576923,0.2384473846153846,0.442056,0.0704629223336348,0.0696755845672186,2026-01-01 00:49:23
0,0.0112255042067307,0.2384473846153846,0.4326683076923077,0.0657111986331372,0.0647452676348495,2026-01-01 00:49:24
0,0.0120149423076923,0.1892141538461538,0.3675803076923076,0.0619555129595472,0.0607793282903278,2026-01-01 00:49:25
0,0.0132238521634615,0.2225926153846154,0.4414301538461538,0.067580436602227,0.0662740156117504,2026-01-01 00:49:26
0,0.0118081604567307,0.2225926153846154,0.4414301538461538,0.0691953748880858,0.0681804022614331,2026-01-01 00:49:27
0,0.011531704326923,0.1990190769230769,0.386772923076923,0.0633612889233139,0.0623030715883261,2026-01-01 00:49:28
0,0.0110272788461538,0.1919261538461538,0.3619476923076923,0.0610784904212889,0.0600747959912695,2026-01-01 00:49:29
0,0.0103985805288461,0.2198806153846153,0.4220289230769231,0.0697131612700716,0.0689332603120736,2026-01-01 00:49:30
0,0.011311884014423,0.2292683076923077,0.4314166153846154,0.069890041863181,0.0689685379842246,2026-01-01 00:49:31
0,0.0132171292067307,0.2292683076923077,0.4168135384615384,0.0650295916131108,0.0636722489072009,2026-01-01 00:49:32
0,0.0125676508413461,0.2090326153846154,0.3965778461538461,0.0697179776141747,0.0685758744380309,2026-01-01 00:49:33
0,0.0117525432692307,0.2090326153846154,0.3965778461538461,0.0686393644094339,0.0676257352879502,2026-01-01 00:49:34
0,0.0121326959134615,0.2125790769230769,0.3861470769230769,0.0669134208192089,0.0658042823500114,2026-01-01 00:49:35
0,0.0107127259615384,0.2353181538461538,0.4478972307692307,0.0688179276069175,0.0679790016297968,2026-01-01 00:49:36
0,0.0118827241586538,0.2353181538461538,0.4702190769230768,0.0671104064058489,0.0660500379600765,2026-01-01 00:49:37
0,0.0143732740384615,0.234900923076923,0.4291218461538462,0.0682391000804519,0.0667081986955518,2026-01-01 00:49:38
0,0.0130366280048076,0.2044430769230769,0.4034621538461538,0.0694739637350695,0.068239856149658,2026-01-01 00:49:39
0,0.0134440799278846,0.2044430769230769,0.4005415384615384,0.0692685835650556,0.0679514045771075,2026-01-01 00:49:40
0,0.0120342962740384,0.1973501538461538,0.3913624615384615,0.065877925602683,0.0647694124946437,2026-01-01 00:49:41
0,0.010522649639423,0.1940123076923077,0.3773852307692308,0.0650463812165724,0.064189606276543,2026-01-01 00:49:42
0,0.0129249861778846,0.1923433846153846,0.3675803076923076,0.0671127001441396,0.0658563531706599,2026-01-01 00:49:43
0,0.0121864795673076,0.175236923076923,0.3492221538461538,0.061854568039294,0.0606422072741688,2026-01-01 00:49:44
0,0.0106787037259615,0.2027741538461538,0.3857298461538461,0.0629731429248117,0.0620611151733668,2026-01-01 00:49:45
0,0.0117582475961538,0.2027741538461538,0.3930313846153845,0.0670072480412981,0.0659675291604558,2026-01-01 00:49:46
0,0.0089682205528846,0.1944295384615384,0.3631993846153846,0.0665769180148228,0.0659701222711255,2026-01-01 00:49:47
0,0.0084362920673076,0.1992276923076923,0.3967864615384615,0.0666726884555976,0.0661368003614649,2026-01-01 00:49:48
0,0.010980829326923,0.2225926153846154,0.4201513846153846,0.0673620825090192,0.0664610528598886,2026-01-01 00:49:49
0,0.0101738707932692,0.2225926153846154,0.3944916923076923,0.0692498717800625,0.0684984459286264,2026-01-01 00:49:50
0,0.0097558251201923,0.1960984615384615,0.3679975384615384,0.0651458745592241,0.0644112478400348,2026-01-01 00:49:51
0,0.0118558323317307,0.2013138461538461,0.394908923076923,0.0608279840937551,0.0596614020002213,2026-01-01 00:49:52
0,0.0112114471153846,0.2013138461538461,0.4009587692307692,0.0639182601131419,0.0629273186260959,2026-01-01 00:49:53
0,0.0083262800480769,0.199644923076923,0.3972036923076923,0.0629891598998162,0.0624364262706123,2026-01-01 00:49:54
0,0.0105825450721153,0.241368,0.4101378461538462,0.0638001430807246,0.0629163571491355,2026-01-01 00:49:55
0,0.0104947391826923,0.241368,0.425784,0.0686218256503194,0.0678145663192658,2026-01-01 00:49:56
0,0.0096629260817307,0.184416,0.3619476923076923,0.0651573033899097,0.064436806598277,2026-01-01 00:49:57
0,0.0114750685096153,0.1923433846153846,0.381348923076923,0.0659866516726597,0.0649812357659391,2026-01-01 00:49:58
0,0.0093844326923076,0.2000621538461538,0.3924055384615385,0.0698044326319842,0.0691707397540084,2026-01-01 00:49:59
0,0.0124209681490384,0.2177944615384615,0.4163963076923077,0.0759820697888735,0.0749599525056001,2026-01-01 00:00:00
0,0.0126927385817307,0.272868923076923,0.4850307692307692,0.0736787590138125,0.0725772272624912,2026-01-01 00:00:01
0,0.0115889513221153,0.272868923076923,0.4850307692307692,0.0704254190638466,0.0694653572478545,2026-01-01 00:00:02
0,0.0114241370192307,0.2115359999999999,0.3861470769230769,0.072955734317225,0.0720557302588168,2026-01-01 00:00:03
0,0.0146434146634615,0.2123704615384615,0.4205686153846154,0.0783765218867273,0.0769964258264925,2026-01-01 00:00:04
0,0.0131397133413461,0.226764923076923,0.4497747692307692,0.0827958048661691,0.0817465181934008,2026-01-01 00:00:05
0,0.0109370282451923,0.226764923076923,0.4497747692307692,0.0796880569751297,0.078933946041202,2026-01-01 00:00:06
0,0.0121445120192307,0.2165427692307692,0.417648,0.0745816531537462,0.073586233868574,2026-01-01 00:00:07
0,0.0133589224759615,0.1885883076923076,0.3755076923076922,0.0761035619086456,0.0749219015072649,2026-01-01 00:00:08
0,0.0108041989182692,0.183372923076923,0.3611132307692307,0.0706108147017459,0.0697793410586455,2026-01-01 00:00:09
0,0.0105587091346153,0.2192547692307692,0.421403076923077,0.0725289635214328,0.0717562834245471,2026-01-01 00:00:10
0,0.0117977704326923,0.2492953846153846,0.4685501538461538,0.0773614835852225,0.0764566004693129,2026-01-01 00:00:11
0,0.0109223599759615,0.2492953846153846,0.4485230769230769,0.0734504389537975,0.0726338009129431,2026-01-01 00:00:12
0,0.0101840570913461,0.2474178461538461,0.4357975384615384,0.0715780963328722,0.0708499037105778,2026-01-01 00:00:13
0,0.0096470354567307,0.2474178461538461,0.4629175384615385,0.0739254832700298,0.07329332700597,2026-01-01 00:00:14
0,0.0122673587740384,0.2154996923076923,0.413892923076923,0.0740539946403079,0.0730308567038329,2026-01-01 00:00:15
0,0.011965640625,0.2207150769230769,0.4243236923076923,0.0723588967583108,0.0713626890224382,2026-01-01 00:00:16
0,0.0089111772836538,0.2207150769230769,0.4243236923076923,0.0700654450513972,0.0694964568137805,2026-01-01 00:00:17
0,0.010067118389423,0.2246787692307692,0.4045052307692307,0.0718639593707887,0.0711553355960023,2026-01-01 00:00:18
0,0.0112175588942307,0.2246787692307692,0.4126412307692307,0.0750462240357232,0.0742031139135982,2026-01-01 00:00:19
0,0.0104778299278846,0.191508923076923,0.3794713846153846,0.0691070168258453,0.0683080877683602,2026-01-01 00:00:20
0,0.0110904338942307,0.208824,0.4059655384615385,0.0715396104910372,0.0706747348438394,2026-01-01 00:00:21
0,0.0131879963942307,0.208824,0.4080516923076923,0.076058901211821,0.0749068301602418,2026-01-01 00:00:22
0,0.0121463455528846,0.2054861538461538,0.4047138461538461,0.0717634782174453,0.0707280926900738,2026-01-01 00:00:23
0,0.0099461051682692,0.1904658461538461,0.3707095384615384,0.0693764853122862,0.0686598259993979,2026-01-01 00:00:24
0,0.0113139212740384,0.1904658461538461,0.3707095384615384,0.0730450146190087,0.07216349039574,2026-01-01 00:00:25
0,0.011931618389423,0.2367784615384615,0.4526953846153846,0.073886204877416,0.0729164436447409,2026-01-01 00:00:26
0,0.0108879302884615,0.2367784615384615,0.4526953846153846,0.0714363850274076,0.0706017710813094,2026-01-01 00:00:27
0,0.0108416844951923,0.1981846153846153,0.3828092307692308,0.0719811284859121,0.0711599658193573,2026-01-01 00:00:28
0,0.0131071171875,0.2196719999999999,0.3994984615384614,0.0747316353662419,0.0735732342876544,2026-01-01 00:00:29
0,0.0132658197115384,0.2196719999999999,0.4061741538461538,0.0728934494362709,0.0716761675740211,2026-01-01 00:00:30
0,0.0113259411057692,0.1940123076923077,0.3805144615384615,0.0686560277138039,0.0677153837728714,2026-01-01 00:00:31
0,0.0100730264423076,0.1869193846153846,0.3721698461538461,0.0728350133631954,0.0721351045601892,2026-01-01 00:00:32
0,0.0122518756009615,0.206112,0.3930313846153845,0.0758329642532002,0.0748366889412252,2026-01-01 00:00:33
0,0.0136145985576923,0.210492923076923,0.416604923076923,0.0756584439099203,0.074423402508777,2026-01-01 00:00:34
0,0.0113630192307692,0.210492923076923,0.4153532307692307,0.0738438308135214,0.0729643278813499,2026-01-01 00:00:35
0,0.0119018743990384,0.2482523076923077,0.4345458461538461,0.0742368463644133,0.0732765634014247,2026-01-01 00:00:36
0,0.012098469951923,0.2482523076923077,0.4228633846153846,0.0748266038959742,0.0738420454444989,2026-01-01 00:00:37
0,0.0108645018028846,0.1946381538461538,0.3682061538461538,0.0681936496188005,0.0673226295453976,2026-01-01 00:00:38
0,0.0106410144230769,0.2382387692307692,0.4577021538461538,0.0725534368613216,0.0717688652023818,2026-01-01 00:00:39
0,0.0131063022836538,0.2382387692307692,0.4579107692307692,0.0792462238748444,0.078154902846024,2026-01-01 00:00:40
0,0.0136029861778846,0.2196719999999999,0.4184824615384614,0.0746880523433736,0.073438844829496,2026-01-01 00:00:41
0,0.013245243389423,0.1988104615384615,0.3928227692307692,0.069609136833141,0.0683373650224377,2026-01-01 00:00:42
0,0.0137820612980769,0.2171686153846153,0.4047138461538461,0.0735171436830307,0.072213746625469,2026-01-01 00:00:43
0,0.012805602764423,0.2171686153846153,0.4063827692307692,0.0757292902429294,0.0746387428788672,2026-01-01 00:00:44
0,0.0120701520432692,0.2086153846153846,0.4061741538461538,0.0717494155607163,0.0707268694553684,2026-01-01 00:00:45
0,0.0111933155048076,0.2086153846153846,0.4149359999999999,0.0722972061004237,0.0714254555318828,2026-01-01 00:00:46
0,0.0123702403846153,0.2063206153846153,0.4022104615384615,0.0756116033305371,0.0745928395426888,2026-01-01 00:00:47
0,0.013751094951923,0.1958898461538461,0.390528,0.0734092671083921,0.0721098320967014,2026-01-01 00:00:48
0,0.0104574573317307,0.2184203076923076,0.4266184615384615,0.0713826015317749,0.0706124449909446,2026-01-01 00:00:49
0,0.0089598677884615,0.2184203076923076,0.4266184615384615,0.0762622931279533,0.0757341278575726,2026-01-01 00:00:50
0,0.011171516826923,0.2073636923076923,0.4063827692307692,0.0755251818240673,0.0746943793156098,2026-01-01 00:00:51
0,0.0098312037259615,0.1990190769230769,0.3826006153846154,0.0748485268836863,0.0742000634093836,2026-01-01 00:00:52
0,0.0083299471153846,0.2090326153846154,0.409512,0.0759332765156415,0.0754749923051058,2026-01-01 00:00:53
0,0.0098564657451923,0.2090326153846154,0.4101378461538462,0.0769608683490388,0.0763270944033109,2026-01-01 00:00:54
0,0.0112424134615384,0.2866375384615384,0.4877427692307692,0.0753922281800986,0.0745492871161078,2026-01-01 00:00:55
0,0.0087858858173076,0.2866375384615384,0.5182006153846154,0.069895056407708,0.0693406599380328,2026-01-01 00:00:56
0,0.0061993810096153,0.2315630769230769,0.4485230769230769,0.0707797979528711,0.0705077830692958,2026-01-01 00:00:57
0,0.0083837307692307,0.21696,0.4153532307692308,0.0716577144581989,0.0711655892954019,2026-01-01 00:00:58
0,0.010599046875,0.2011052307692307,0.3761335384615384,0.0687920555306418,0.0679706341700036,2026-01-01 00:00:59
0,0.0097187469951923,0.2052775384615384,0.4063827692307692,0.069745113739543,0.0690646570062085,2026-01-01 00:01:00
0,0.0083228167067307,0.2207150769230769,0.4259926153846153,0.0755127368442059,0.0750526758201761,2026-01-01 00:01:01
0,0.0107536748798076,0.2207150769230769,0.4259926153846153,0.0756824452166959,0.0749145579347403,2026-01-01 00:01:02
0,0.0103105709134615,0.2202978461538461,0.4005415384615384,0.0695715832267299,0.0688033234670557,2026-01-01 00:01:03
0,0.0080363780048076,0.2202978461538461,0.4289132307692307,0.0708648849968897,0.0704077307842416,2026-01-01 00:01:04
0,0.0111776286057692,0.2086153846153846,0.3969950769230769,0.0754401334028185,0.0746074684370576,2026-01-01 00:01:05
0,0.0134298191105769,0.1956812307692307,0.3865643076923076,0.0725304398777291,0.0712762559869278,2026-01-01 00:01:06
0,0.0126709399038461,0.2278079999999999,0.4186910769230769,0.0706316658161985,0.069485822279975,2026-01-01 00:01:07
0,0.0112100210336538,0.2278079999999999,0.4272443076923077,0.0755727842853899,0.0747367456681859,2026-01-01 00:01:08
0,0.0125348509615384,0.213204923076923,0.4126412307692307,0.0735278470309491,0.0724515134443627,2026-01-01 00:01:09
0,0.0124580462740384,0.1904658461538461,0.3707095384615384,0.0703783910209561,0.0692669835183582,2026-01-01 00:01:10
0,0.0108386286057692,0.2309372307692307,0.4257839999999999,0.0687745600363089,0.0679151252530249,2026-01-01 00:01:11
0,0.0135968743990384,0.2309372307692307,0.4493575384615384,0.0721795108182554,0.0708872822764381,2026-01-01 00:01:12
0,0.0149017391826923,0.2401163076923076,0.4585366153846153,0.0771697953849076,0.0757173394215587,2026-01-01 00:01:13
0,0.0141469344951923,0.2401163076923076,0.4366319999999999,0.0750348154500358,0.0736891292797633,2026-01-01 00:01:14
0,0.0111187518028846,0.2021483076923077,0.3903193846153846,0.0704791692716473,0.0695965994827863,2026-01-01 00:01:15
0,0.012606969951923,0.225096,0.4132670769230769,0.0726029757858607,0.0715000447663747,2026-01-01 00:01:16
0,0.0158718822115384,0.225096,0.4088861538461538,0.0731120252996432,0.0713684215776048,2026-01-01 00:01:17
0,0.0127200378605769,0.2063206153846153,0.3901107692307692,0.0699907593845763,0.0688251918708197,2026-01-01 00:01:18
0,0.012678477764423,0.2526332307692308,0.4612486153846153,0.0744282355744111,0.0733404284981828,2026-01-01 00:01:19
0,0.0145943167067307,0.2526332307692308,0.4612486153846153,0.0750352425209556,0.0736022658621476,2026-01-01 00:01:20
0,0.0143070631009615,0.2042344615384615,0.3994984615384616,0.0717544864425665,0.0703136847993445,2026-01-01 00:01:21
0,0.0102598431490384,0.2017310769230769,0.3969950769230769,0.072847771690631,0.0721216573495606,2026-01-01 00:01:22
0,0.0109706430288461,0.2486695384615384,0.4704276923076923,0.0786830260408934,0.0779144632175923,2026-01-01 00:01:23
0,0.0143722554086538,0.2486695384615384,0.4704276923076923,0.0740104139701795,0.0726015127287701,2026-01-01 00:01:24
0,0.014561516826923,0.2011052307692307,0.3848953846153846,0.0676195111807036,0.0660330259795546,2026-01-01 00:01:25
0,0.0135754831730769,0.2221753846153846,0.4232806153846153,0.0731640475208394,0.0718935609512365,2026-01-01 00:01:26
0,0.0131401207932692,0.2246787692307692,0.4055483076923076,0.0734778491625192,0.0722933713634121,2026-01-01 00:01:27
0,0.0123543497596153,0.2246787692307692,0.4028363076923077,0.072387976741356,0.0713259365078664,2026-01-01 00:01:28
0,0.0121683479567307,0.225096,0.4032535384615384,0.0718054543423119,0.0707669031490694,2026-01-01 00:01:29
0,0.0140285697115384,0.2536763076923076,0.4577021538461537,0.0779968016419536,0.0767248349507691,2026-01-01 00:01:30
0,0.0152755763221153,0.2536763076923076,0.4577021538461537,0.0771273754920651,0.0755995292202354,2026-01-01 00:01:31
0,0.0130680018028846,0.184416,0.3636166153846154,0.071142109036674,0.0699315880490771,2026-01-01 00:01:32
0,0.012389390625,0.2436627692307692,0.4389267692307692,0.0769231396201283,0.0759188541072566,2026-01-01 00:01:33
0,0.012590671875,0.2436627692307692,0.4643778461538461,0.078682663601683,0.0776687616303472,2026-01-01 00:01:34
0,0.0134493768028846,0.2207150769230769,0.4405956923076922,0.0746731027774846,0.0734519335486195,2026-01-01 00:01:35
0,0.0129610456730769,0.3112541538461538,0.4919150769230769,0.0727458098010782,0.0715818701814576,2026-01-01 00:01:36
0,0.0112756207932692,0.3112541538461538,0.5094387692307693,0.0752511464199984,0.0744015820614752,2026-01-01 00:01:37
0,0.0152187367788461,0.2221753846153846,0.4332941538461539,0.0775493171839825,0.0760413482689393,2026-01-01 00:01:38
0,0.0149007205528846,0.2330233846153846,0.4441421538461538,0.0724375346533885,0.0708883978776902,2026-01-01 00:01:39
0,0.0117242253605769,0.2330233846153846,0.4038793846153846,0.0680257877525856,0.0670078378926991,2026-01-01 00:01:40
0,0.0118413677884615,0.2526332307692308,0.4268270769230769,0.0720644627403769,0.0710849407326021,2026-01-01 00:01:41
0,0.0136368046875,0.2526332307692308,0.4731396923076922,0.073560612446087,0.0722855536145251,2026-01-01 00:01:42
0,0.0128565342548076,0.2205064615384615,0.4207772307692307,0.0714978263285136,0.0703324156890494,2026-01-01 00:01:43
0,0.0119731784855769,0.2286424615384615,0.4291218461538461,0.0727379546809675,0.0717457528228884,2026-01-01 00:01:44
0,0.0136400643028846,0.2286424615384615,0.4291218461538461,0.0731991809850191,0.0719170963171536,2026-01-01 00:01:45
0,0.0153595114182692,0.2040258461538461,0.4045052307692307,0.0710503129099804,0.069370255683529,2026-01-01 00:01:46
0,0.0126399735576923,0.2052775384615384,0.4093033846153846,0.0699495349629311,0.068798026933853,2026-01-01 00:01:47
0,0.0117670078124999,0.2052775384615384,0.3869815384615384,0.0708048161608524,0.0698201942042034,2026-01-01 00:01:48
0,0.0151197259615384,0.2036086153846153,0.3853126153846153,0.0701074924600572,0.0684576831764336,2026-01-01 00:01:49
0,0.0141412301682692,0.2171686153846153,0.4337113846153846,0.0716814687244974,0.0702727441319117,2026-01-01 00:01:50
0,0.0104419741586538,0.2714086153846153,0.4948356923076923,0.0756721718695046,0.07494826729897,2026-01-01 00:01:51
0,0.0120002740384615,0.2714086153846153,0.4948356923076923,0.0720475170898287,0.071041101777851,2026-01-01 00:01:52
0,0.0118975961538461,0.2580572307692307,0.4453938461538461,0.072057354073989,0.0710683437397004,2026-01-01 00:01:53
0,0.0121893317307692,0.2601433846153846,0.4531126153846154,0.0738791728408332,0.0728666753159698,2026-01-01 00:01:54
0,0.013734796875,0.2601433846153846,0.4531126153846154,0.0761192860811968,0.0748698942720876,2026-01-01 00:01:55
0,0.0144788040865384,0.2328147692307692,0.4184824615384616,0.0748806610616195,0.0734675277469494,2026-01-01 00:01:56
0,0.0149229266826923,0.2645243076923076,0.4837790769230769,0.0716843836873664,0.0701138868118189,2026-01-01 00:01:57
0,0.0120224801682692,0.2645243076923076,0.4837790769230769,0.0699701707097742,0.0689295637572045,2026-01-01 00:01:58
0,0.0128610162259615,0.2261390769230769,0.4222375384615384,0.0741760073714134,0.0730525450015229,2026-01-01 00:01:59
0,0.0137311298076923,0.2125790769230769,0.4078430769230769,0.0743765350179469,0.0730980508322909,2026-01-01 00:02:00
0,0.0139362818509615,0.2330233846153846,0.4197341538461538,0.0703610380924494,0.0689670626431028,2026-01-01 00:02:01
0,0.012315234375,0.2330233846153846,0.4093033846153846,0.0715519859236509,0.0704841946248033,2026-01-01 00:02:02
0,0.0114569368990384,0.2140393846153846,0.3980381538461538,0.0712034046525101,0.0702756247286393,2026-01-01 00:02:03
0,0.012882407451923,0.1921347692307692,0.3761335384615384,0.069283945074811,0.0680757565023854,2026-01-01 00:02:04
0,0.0103075150240384,0.214248,0.3896935384615384,0.0686260410712816,0.0678475397280288,2026-01-01 00:02:05
0,0.0098882469951923,0.2205064615384615,0.4101378461538461,0.0723110223431566,0.0716317424308146,2026-01-01 00:02:06
0,0.01193915625,0.2205064615384615,0.4272443076923077,0.0763616036698148,0.0754224838033326,2026-01-01 00:02:07
0,0.013025423076923,0.2067378461538461,0.4032535384615384,0.0739674209917955,0.0728115219030935,2026-01-01 00:02:08
0,0.0112725649038461,0.1973501538461538,0.3880246153846154,0.0710809324641678,0.0701813952587448,2026-01-01 00:02:09
0,0.0110150552884615,0.2261390769230769,0.4389267692307692,0.0756889217125523,0.0748831184380098,2026-01-01 00:02:10
0,0.0132397427884615,0.2261390769230769,0.4389267692307692,0.075271839104191,0.0740983061413862,2026-01-01 00:02:11
0,0.0097819020432692,0.1979759999999999,0.3790541538461538,0.0682555861953505,0.0675510136066574,2026-01-01 00:02:12
0,0.0103064963942307,0.1904658461538461,0.371544,0.0709687899104966,0.0702164174067284,2026-01-01 00:02:13
0,0.011563078125,0.1896313846153846,0.3692492307692308,0.0724763171530196,0.0715479683313246,2026-01-01 00:02:14
0,0.0116325486778846,0.2157083076923077,0.408468923076923,0.0708853780825056,0.0699243922902188,2026-01-01 00:02:15
0,0.0125207938701923,0.2369870769230769,0.4545729230769231,0.0733111541624452,0.0722340296916208,2026-01-01 00:02:16
0,0.0116337710336538,0.2369870769230769,0.4545729230769231,0.0761617311860412,0.0752679524684398,2026-01-01 00:02:17
0,0.0134522289663461,0.2246787692307692,0.4253667692307692,0.0749343505577825,0.0737169887431224,2026-01-01 00:02:18
0,0.0125260907451923,0.2109101538461538,0.3817661538461538,0.0718830496036796,0.0707832598215728,2026-01-01 00:02:19
0,0.0122276322115384,0.188796923076923,0.3483876923076923,0.0700080119539688,0.0689318993517978,2026-01-01 00:02:20
0,0.0131034501201923,0.2303113846153846,0.4389267692307692,0.0729212581385057,0.0717342978180606,2026-01-01 00:02:21
0,0.0127444849759615,0.2303113846153846,0.4389267692307692,0.0714514410771684,0.0703056650256688,2026-01-01 00:02:22
0,0.0118205877403846,0.224052923076923,0.3834350769230769,0.0670388580745421,0.065988500493726,2026-01-01 00:02:23
0,0.0098554471153846,0.2259304615384615,0.4341286153846154,0.0765808480418371,0.075944034979469,2026-01-01 00:02:24
0,0.0131861628605769,0.2259304615384615,0.4341286153846154,0.0759582546397333,0.0748049567671081,2026-01-01 00:02:25
0,0.014344344951923,0.1854590769230769,0.3463015384615384,0.0691157408812251,0.0676108379289954,2026-01-01 00:02:26
0,0.0126088034855769,0.1825384615384615,0.3465101538461538,0.0683040409818433,0.0671301727177238,2026-01-01 00:02:27
0,0.012262265625,0.2278079999999999,0.4476886153846153,0.0753971307238727,0.0743933072469203,2026-01-01 00:02:28
0,0.0130131995192307,0.2278079999999999,0.4476886153846153,0.0740747325774258,0.0729227169316246,2026-01-01 00:02:29
0,0.0126982391826923,0.192552,0.3648683076923077,0.0689693964502966,0.0677903560130593,2026-01-01 00:02:30
0,0.0103649657451923,0.2461661538461538,0.4414301538461538,0.0725936620766227,0.0718498939372626,2026-01-01 00:02:31
0,0.0116305114182692,0.2461661538461538,0.4485230769230769,0.0736529746633443,0.0727288930268346,2026-01-01 00:02:32
0,0.012162032451923,0.2038172307692307,0.4061741538461538,0.0705023536994578,0.0694454234906939,2026-01-01 00:02:33
0,0.0119269326923076,0.2211323076923076,0.4228633846153846,0.0675051547872939,0.0664431651820536,2026-01-01 00:02:34
0,0.012132899639423,0.2459575384615384,0.4670898461538461,0.0699513185093858,0.0688910713194477,2026-01-01 00:02:35
0,0.0128483852163461,0.2459575384615384,0.4620830769230769,0.0717145802108395,0.070554234544422,2026-01-01 00:02:36
0,0.0108879302884615,0.1971415384615384,0.3915710769230769,0.0695875334883207,0.0687304720704126,2026-01-01 00:02:37
0,0.010191594951923,0.1971415384615384,0.3915710769230769,0.0727404615523158,0.0720229556404058,2026-01-01 00:02:38
0,0.0145181231971153,0.200688,0.3873987692307692,0.0731257303098943,0.0716700532453323,2026-01-01 00:02:39
0,0.0145095667067307,0.200688,0.3865643076923077,0.0711389104796099,0.0696434997556045,2026-01-01 00:02:40
0,0.0127275757211538,0.187128,0.3679975384615385,0.0703222832500796,0.0691609162588722,2026-01-01 00:02:41
0,0.0117794350961538,0.1910916923076923,0.3698750769230768,0.0715147593037577,0.0705379735113641,2026-01-01 00:02:42
0,0.0119265252403846,0.2125790769230769,0.3913624615384615,0.0736361859260911,0.0726639241538215,2026-01-01 00:02:43
0,0.0139116310096153,0.2125790769230769,0.3798886153846154,0.0731571311002929,0.0718222274332796,2026-01-01 00:02:44
0,0.0128318834134615,0.2257218461538461,0.4218203076923077,0.0721380766823577,0.0709876388922259,2026-01-01 00:02:45
0,0.0126835709134615,0.2257218461538461,0.4143101538461538,0.07260985836413,0.0714934861406423,2026-01-01 00:02:46
0,0.0142738557692307,0.2328147692307692,0.4128498461538461,0.0769421539175736,0.0756065611633989,2026-01-01 00:02:47
0,0.0152427764423076,0.2328147692307692,0.4128498461538461,0.0758015640240725,0.0742531809071193,2026-01-01 00:02:48
0,0.0136677710336538,0.2286424615384615,0.427452923076923,0.0734529837090264,0.0721701659325383,2026-01-01 00:02:49
0,0.0129801959134615,0.2286424615384615,0.427452923076923,0.0761568117323359,0.0750424845489714,2026-01-01 00:02:50
0,0.014717774639423,0.2052775384615384,0.3778024615384615,0.0732166773977692,0.071722165045627,2026-01-01 00:02:51
0,0.0126735883413461,0.2075723076923077,0.3917796923076923,0.0707283718703157,0.069583638493397,2026-01-01 00:02:52
0,0.0134347085336538,0.2075723076923077,0.3917796923076923,0.0757528570204596,0.0745520217926916,2026-01-01 00:02:53
0,0.0147405919471153,0.2209236923076923,0.4078430769230768,0.0735358038759962,0.0720432467392858,2026-01-01 00:02:54
0,0.0137013858173076,0.2209236923076923,0.4078430769230768,0.0686346658833467,0.0672531738106382,2026-01-01 00:02:55
0,0.0126902938701923,0.254928,0.4439335384615384,0.0726214904753344,0.0715041070173403,2026-01-01 00:02:56
0,0.0114862734375,0.254928,0.4487316923076923,0.0784115437186473,0.0775656864267978,2026-01-01 00:02:57
0,0.0131291195913461,0.2071550769230769,0.4009587692307692,0.07572788045918,0.074581084046801,2026-01-01 00:02:58
0,0.0143616616586538,0.2071550769230769,0.4047138461538461,0.0708372292761498,0.0693660992555021,2026-01-01 00:02:59
0,0.0129427103365384,0.2002707692307692,0.3984553846153846,0.0726740337245012,0.0715122466919785,2026-01-01 00:03:00
0,0.0113261448317307,0.2002707692307692,0.3984553846153846,0.0722835536118079,0.071390689631084,2026-01-01 00:03:01
0,0.0097594921875,0.2628553846153846,0.4547815384615384,0.0716564223727466,0.0709886975475926,2026-01-01 00:03:02
0,0.0111601081730769,0.2628553846153846,0.4547815384615384,0.0760001443472624,0.0751762856648953,2026-01-01 00:03:03
0,0.0132222223557692,0.2351095384615384,0.4251581538461538,0.0776935195849692,0.0765601451244353,2026-01-01 00:03:04
0,0.0149669314903846,0.2351095384615384,0.4251581538461538,0.0778108419132815,0.0763578292057588,2026-01-01 00:03:05
0,0.013412094951923,0.2046516923076922,0.3778024615384615,0.0773799035429042,0.0762086949193448,2026-01-01 00:03:06
0,0.0114502139423076,0.2040258461538461,0.3771766153846153,0.0746553963415172,0.0737720868864667,2026-01-01 00:03:07
0,0.0121029519230769,0.245748923076923,0.4620830769230769,0.0741203293652691,0.0731255207158462,2026-01-01 00:03:08
0,0.0121824050480769,0.245748923076923,0.4620830769230769,0.0763395092050499,0.0753611947418065,2026-01-01 00:03:09
0,0.0137629110576923,0.2019396923076923,0.3730043076923077,0.0726398038578532,0.0713240729608555,2026-01-01 00:03:10
0,0.0129054284855769,0.2019396923076923,0.3844781538461538,0.0705971671958236,0.0694075639370719,2026-01-01 00:03:11
0,0.0145276983173076,0.2641070769230769,0.4716793846153846,0.074024875293145,0.0725853163096157,2026-01-01 00:03:12
0,0.014813118389423,0.2641070769230769,0.4716793846153846,0.0756776122615717,0.0742136949706301,2026-01-01 00:03:13
0,0.0133006568509615,0.2307286153846153,0.4153532307692307,0.0689451454426997,0.0676500229670913,2026-01-01 00:03:14
0,0.0129594158653846,0.1938036923076923,0.3830178461538461,0.0691188516708901,0.0678930717874109,2026-01-01 00:03:15
0,0.0132407614182692,0.1938036923076923,0.3830178461538461,0.0722025545317742,0.0709781030880531,2026-01-01 00:03:16
0,0.0153493251201923,0.1785747692307692,0.3502652307692307,0.0683884276747378,0.0666436437942696,2026-01-01 00:03:17
0,0.0140784825721153,0.1913003076923077,0.3817661538461538,0.0711511345964441,0.0697443924830373,2026-01-01 00:03:18
0,0.0132085727163461,0.1913003076923077,0.3817661538461538,0.0739985547883449,0.0728101621860621,2026-01-01 00:03:19
0,0.0136909957932692,0.1919261538461538,0.3736301538461538,0.0719748388690568,0.0706606967444801,2026-01-01 00:03:20
0,0.0124346177884615,0.2100756923076923,0.3934486153846154,0.071063855150511,0.0699675052385583,2026-01-01 00:03:21
0,0.0123981508413461,0.2100756923076923,0.3934486153846154,0.0687903055636175,0.0676638159968169,2026-01-01 00:03:22
0,0.0144853233173076,0.2079895384615384,0.3654941538461538,0.0690317236606682,0.0674948463214483,2026-01-01 00:03:23
0,0.0147898936298076,0.2079895384615384,0.3903193846153846,0.0691918793406669,0.0675927156808512,2026-01-01 00:03:24
0,0.0118690745192307,0.2127876923076923,0.4034621538461538,0.0694694437079849,0.0684479998185033,2026-01-01 00:03:25
0,0.0118501280048076,0.2127876923076923,0.4178566153846154,0.0728003720129031,0.07182944125835,2026-01-01 00:03:26
0,0.012101118389423,0.205068923076923,0.3690406153846153,0.0693417780806898,0.0682777058864517,2026-01-01 00:03:27
0,0.0119534170673076,0.1981846153846153,0.3765507692307692,0.0678159144580409,0.0667541315140518,2026-01-01 00:03:28
0,0.0116229735576923,0.1981846153846153,0.3855212307692308,0.0708028338177889,0.0698423063930925,2026-01-01 00:03:29
0,0.0110511147836538,0.2180030769230769,0.4053396923076923,0.0726836008490973,0.071838559941228,2026-01-01 00:03:30
0,0.0124354326923076,0.2180030769230769,0.4009587692307692,0.0701991344385551,0.069088917270988,2026-01-01 00:03:31
0,0.0105615612980769,0.1892141538461538,0.3590270769230769,0.0682731079209605,0.0674512467500349,2026-01-01 00:03:32
0,0.0101500348557692,0.237612923076923,0.4380923076923076,0.0747393838755108,0.0740469600626362,2026-01-01 00:03:33
0,0.0114074314903846,0.237612923076923,0.4380923076923076,0.0766364673048073,0.0757827066536487,2026-01-01 00:03:34
0,0.0138148611778846,0.2207150769230769,0.4097206153846153,0.0709219001505624,0.069563392180098,2026-01-01 00:03:35
0,0.0139352632211538,0.2207150769230769,0.4120153846153845,0.0707927486696441,0.0694076487367246,2026-01-01 00:03:36
0,0.011907375,0.2119532307692307,0.4032535384615384,0.0720989132946945,0.0711088441678337,2026-01-01 00:03:37
0,0.0124551941105769,0.2119532307692307,0.3884418461538461,0.0703904193582643,0.0692797176459328,2026-01-01 00:03:38
0,0.0105267241586538,0.2052775384615384,0.3819747692307692,0.0673184977281367,0.066490361819295,2026-01-01 00:03:39
0,0.0105151117788461,0.2355267692307692,0.4211944615384615,0.071327245567193,0.0705479155218709,2026-01-01 00:03:40
0,0.0120819681490384,0.2355267692307692,0.4211944615384615,0.0716062826137224,0.0705796412246612,2026-01-01 00:03:41
0,0.0130659645432692,0.2253046153846153,0.4172307692307692,0.0702635624429173,0.0690380241441177,2026-01-01 00:03:42
0,0.0154652451923076,0.2486695384615384,0.4405956923076923,0.0748242126419725,0.0732085308460218,2026-01-01 00:03:43
0,0.0123339771634615,0.2486695384615384,0.4839876923076923,0.076170642649037,0.0751654163089549,2026-01-01 00:03:44
0,0.0111266971153846,0.2353181538461538,0.4635433846153846,0.0744128040274906,0.0735762326742557,2026-01-01 00:03:45
0,0.0124170973557692,0.2165427692307692,0.4209858461538461,0.068703866038365,0.067572456680773,2026-01-01 00:03:46
0,0.0113503882211538,0.2194633846153846,0.4366319999999999,0.0709615403398686,0.0700479042843959,2026-01-01 00:03:47
0,0.0103967469951923,0.2194633846153846,0.4366319999999999,0.0725204443673696,0.0717713208960146,2026-01-01 00:03:48
0,0.0101182536057692,0.2419938461538461,0.44748,0.0710452997453564,0.0703210890123075,2026-01-01 00:03:49
0,0.0114355456730769,0.2419938461538461,0.44748,0.0748042179723699,0.0739249573663509,2026-01-01 00:03:50
0,0.0111004164663461,0.222384,0.4184824615384615,0.0772162144540145,0.0764141644519,2026-01-01 00:03:51
0,0.0109629014423076,0.222384,0.4234892307692307,0.0762558260367759,0.0754636720317616,2026-01-01 00:03:52
0,0.0113499807692307,0.2119532307692307,0.4034621538461538,0.074029996986114,0.0731547564434613,2026-01-01 00:03:53
0,0.011995180889423,0.235944,0.4362147692307692,0.0753999347318823,0.0744396788883599,2026-01-01 00:03:54
0,0.0133589224759615,0.235944,0.4362147692307692,0.074370305974316,0.0731606561000831,2026-01-01 00:03:55
0,0.013319399639423,0.1983932307692307,0.3709181538461538,0.0687839002737411,0.0674819867084047,2026-01-01 00:03:56
0,0.0139568581730769,0.2033999999999999,0.3859384615384615,0.0657442053040355,0.064245674103365,2026-01-01 00:03:57
0,0.0126583088942307,0.2284338461538461,0.4366319999999999,0.0732932033631361,0.0721918338537557,2026-01-01 00:03:58
0,0.0129013539663461,0.2371956923076923,0.4656295384615384,0.0744351086828195,0.0733085293158865,2026-01-01 00:03:59
0,0.0148406213942307,0.2371956923076923,0.4068,0.0725167073440625,0.0709818906528806,2026-01-01 00:04:00
0,0.0147224603365384,0.2127876923076923,0.3823919999999999,0.0727999724052887,0.0712957582458441,2026-01-01 00:04:01
0,0.0144877680288461,0.2205064615384615,0.4332941538461538,0.0730946753624534,0.0716445123082347,2026-01-01 00:04:02
0,0.0132248707932692,0.2205064615384615,0.4297476923076923,0.0729973308080117,0.0717893661874489,2026-01-01 00:04:03
0,0.0146124483173076,0.2094498461538461,0.4186910769230769,0.0709210848581721,0.0693993993607586,2026-01-01 00:04:04
0,0.0131918671875,0.2113273846153845,0.3942830769230768,0.0730215144722575,0.0718200265659201,2026-01-01 00:04:05
0,0.012956563701923,0.2113273846153845,0.4216116923076922,0.0774180357776731,0.0763261404809065,2026-01-01 00:04:06
0,0.0153782542067307,0.2102843076923076,0.394908923076923,0.0805751048805076,0.0790939746381352,2026-01-01 00:04:07
0,0.0149891376201923,0.2029827692307692,0.386772923076923,0.0743433311454805,0.0728165959051198,2026-01-01 00:04:08
0,0.0150842776442307,0.1764886153846153,0.3496393846153846,0.071578774703001,0.069971319524036,2026-01-01 00:04:09
0,0.0149394284855769,0.1981846153846153,0.3736301538461538,0.0733284946099146,0.0717905397547658,2026-01-01 00:04:10
0,0.0143541237980769,0.2052775384615384,0.4080516923076923,0.0719783548515171,0.0705325647989664,2026-01-01 00:04:11
0,0.0142296472355769,0.2052775384615384,0.4080516923076923,0.0698554735836906,0.0683908205035788,2026-01-01 00:04:12
0,0.0141518239182692,0.1929692307692307,0.3811403076923076,0.0767095734312916,0.0753928679372062,2026-01-01 00:04:13
0,0.0140813347355769,0.1954726153846153,0.3836436923076922,0.0788986356035355,0.077631892364956,2026-01-01 00:04:14
0,0.0143170456730769,0.2459575384615384,0.4347544615384615,0.0730060766560265,0.0715884727585429,2026-01-01 00:04:15
0,0.0136327301682692,0.2459575384615384,0.4347544615384615,0.0731219902190564,0.0718399201123925,2026-01-01 00:04:16
0,0.0118040859375,0.2205064615384615,0.4249495384615384,0.0742054720529936,0.0732606008560381,2026-01-01 00:04:17
0,0.0139727487980769,0.2205064615384615,0.4249495384615384,0.0735884035125651,0.072249674203791,2026-01-01 00:04:18
0,0.014670102764423,0.1983932307692307,0.3828092307692308,0.0731890323337457,0.0717037135637432,2026-01-01 00:04:19
0,0.0134369495192307,0.1983932307692307,0.3930313846153845,0.076693913204416,0.0755076467003452,2026-01-01 00:04:20
0,0.0127776923076923,0.1946381538461538,0.3859384615384615,0.0752418069147308,0.0741489048272702,2026-01-01 00:04:21
0,0.0137211472355769,0.1921347692307692,0.3834350769230769,0.0731763941982243,0.0718784723432095,2026-01-01 00:04:22
0,0.0137480390625,0.1940123076923077,0.3732129230769231,0.0770316161510267,0.0757948633403023,2026-01-01 00:04:23
0,0.0107999206730769,0.1940123076923077,0.3732129230769231,0.0755275643900297,0.0747514193587341,2026-01-01 00:04:24
0,0.0140501646634615,0.1942209230769231,0.3869815384615385,0.0721158344922275,0.0707339130646677,2026-01-01 00:04:25
0,0.0147630018028846,0.1942209230769231,0.3869815384615385,0.0707136592131794,0.069155443582452,2026-01-01 00:04:26
0,0.0130543521634615,0.226764923076923,0.4191083076923076,0.0782246501501109,0.0771276849172823,2026-01-01 00:04:27
0,0.0122712295673076,0.226764923076923,0.4191083076923076,0.0778710946107553,0.0768981423753763,2026-01-01 00:04:28
0,0.0121151754807692,0.200688,0.3890676923076923,0.0687972758209285,0.0677221358453134,2026-01-01 00:04:29
0,0.0134092427884615,0.2507556923076923,0.4531126153846153,0.0723233036805512,0.0710693496741691,2026-01-01 00:04:30
0,0.0113344975961538,0.2507556923076923,0.4531126153846153,0.0754789916722884,0.0746231019732372,2026-01-01 00:04:31
0,0.012599024639423,0.2148738461538461,0.3911538461538461,0.0740730552006248,0.072993712639446,2026-01-01 00:04:32
0,0.014606540264423,0.2148738461538461,0.4088861538461538,0.0752798442155287,0.073849197196842,2026-01-01 00:04:33
0,0.0125647986778846,0.2561796923076923,0.4725138461538461,0.078038144967756,0.077019983797666,2026-01-01 00:04:34
0,0.0126892752403846,0.2561796923076923,0.4725138461538461,0.0800564835231873,0.0790444359077356,2026-01-01 00:04:35
0,0.0129667499999999,0.2117446153846153,0.4020018461538461,0.0749167109730234,0.0737860215586464,2026-01-01 00:04:36
0,0.0154208329326923,0.2075723076923077,0.4015846153846154,0.0709020431226124,0.0692047515032226,2026-01-01 00:04:37
0,0.0162341069711538,0.2075723076923077,0.4015846153846154,0.0732452059047373,0.0714234832451939,2026-01-01 00:04:38
0,0.0155559032451923,0.205068923076923,0.4065913846153846,0.0752620724324938,0.0736369025764946,2026-01-01 00:04:39
0,0.015562626201923,0.205068923076923,0.4065913846153846,0.0766555499387679,0.0750591633454181,2026-01-01 00:04:40
0,0.0145069182692307,0.2365698461538461,0.4458110769230768,0.078857850665691,0.0775119986449987,2026-01-01 00:04:41
0,0.0146513599759615,0.2653587692307692,0.4746,0.0816152175420537,0.0802893603492489,2026-01-01 00:04:42
0,0.0146923088942307,0.2653587692307692,0.4695932307692307,0.0770742034434835,0.0756608808817607,2026-01-01 00:04:43
0,0.0154599483173076,0.2090326153846154,0.3997070769230769,0.0732699980185297,0.0716204063634208,2026-01-01 00:04:44
0,0.0145578497596153,0.2090326153846154,0.3853126153846153,0.0750173422570155,0.0735912403053697,2026-01-01 00:04:45
0,0.0136952740384615,0.238656,0.4347544615384615,0.0798983779186802,0.0787158831688223,2026-01-01 00:04:46
0,0.0138421604567307,0.238656,0.4449766153846154,0.0804610352074941,0.0792614205055128,2026-01-01 00:04:47
0,0.0130869483173076,0.2063206153846153,0.4090947692307692,0.0749753254708955,0.0738243267033762,2026-01-01 00:04:48
0,0.0119515835336538,0.2071550769230769,0.3869815384615384,0.0758208111034788,0.0748729259975027,2026-01-01 00:04:49
0,0.0122734705528846,0.2353181538461538,0.4151446153846153,0.0786690833514749,0.0777057693865056,2026-01-01 00:04:50
0,0.014791930889423,0.2353181538461538,0.4145187692307692,0.0727230431314327,0.0712028074085478,2026-01-01 00:04:51
0,0.0138458275240384,0.196932923076923,0.3901107692307692,0.073031885426864,0.0717073869916982,2026-01-01 00:04:52
0,0.0114286189903846,0.218628923076923,0.4234892307692307,0.0775042461732986,0.0766569947419274,2026-01-01 00:04:53
0,0.0137838948317307,0.245748923076923,0.4566590769230769,0.0772036101984354,0.0759631599588889,2026-01-01 00:04:54
0,0.0131537704326923,0.245748923076923,0.4566590769230769,0.0743568606506008,0.0731841584580768,2026-01-01 00:04:55
0,0.0130790030048076,0.1898399999999999,0.3771766153846154,0.074676103288242,0.0735218340543571,2026-01-01 00:04:56
0,0.0142329068509615,0.2313544615384615,0.4186910769230769,0.0757010862110554,0.074351051210494,2026-01-01 00:04:57
0,0.0146132632211538,0.2313544615384615,0.401376,0.0737430043782461,0.0722805868318686,2026-01-01 00:04:58
0,0.0147194044471153,0.2384473846153846,0.4426818461538461,0.0749629303775856,0.0735036057858183,2026-01-01 00:04:59
0,0.0120605769230769,0.2384473846153846,0.4430990769230769,0.0774757656075949,0.0765312794925417,2026-01-01 00:05:00
0,0.0116172692307692,0.2196719999999999,0.4243236923076923,0.0758452659113504,0.0749502729600318,2026-01-01 00:05:01
0,0.0142149789663461,0.2263476923076922,0.4418473846153846,0.0738201741823951,0.0724386118676048,2026-01-01 00:05:02
0,0.0131295270432692,0.2263476923076922,0.4418473846153846,0.076418942800557,0.0752826031588631,2026-01-01 00:05:03
0,0.010874484375,0.2071550769230769,0.3859384615384615,0.0743063341543046,0.073506305069899,2026-01-01 00:05:04
0,0.0134043533653846,0.1919261538461538,0.3627821538461538,0.0702157217522496,0.0689243853222156,2026-01-01 00:05:05
0,0.0139552283653846,0.2361526153846153,0.4445593846153846,0.0744472234392797,0.0731275644274306,2026-01-01 00:05:06
0,0.0114404350961538,0.2361526153846153,0.4445593846153846,0.0786714368820322,0.077835155462646,2026-01-01 00:05:07
0,0.0121927950721153,0.2367784615384615,0.4387181538461538,0.0752070857355767,0.0742121384489612,2026-01-01 00:05:08
0,0.0150930378605769,0.2367784615384615,0.4262012307692308,0.0703162045802065,0.0686772803385854,2026-01-01 00:05:09
0,0.0145012139423076,0.2282252307692307,0.4410129230769231,0.0742741818122667,0.0728448273941333,2026-01-01 00:05:10
0,0.0112228557692307,0.2282252307692307,0.4410129230769231,0.0772441483521768,0.0764245115328593,2026-01-01 00:05:11
0,0.0119473052884615,0.2184203076923076,0.4266184615384615,0.0722782008528003,0.0712839407921731,2026-01-01 00:05:12
0,0.0120838016826923,0.1948467692307692,0.3809316923076923,0.0701903267563467,0.0691423438064988,2026-01-01 00:05:13
0,0.0123005661057692,0.2442886153846153,0.4351716923076922,0.076698399517817,0.0757056177708911,2026-01-01 00:05:14
0,0.0134255408653846,0.2442886153846153,0.471888,0.0799106278668301,0.0787747630814773,2026-01-01 00:05:15
0,0.0111226225961538,0.2307286153846153,0.4362147692307692,0.0781794781232865,0.0773842236260916,2026-01-01 00:05:16
0,0.0113560925480769,0.2584744615384615,0.4892030769230769,0.0750827061624645,0.0742189458744767,2026-01-01 00:05:17
0,0.0102023924278846,0.2584744615384615,0.4520695384615384,0.072878071967586,0.0721604085524748,2026-01-01 00:05:18
0,0.0097205805288461,0.1890055384615384,0.3736301538461538,0.0708986622919586,0.0702291294903433,2026-01-01 00:05:19
0,0.0120023112980769,0.2453316923076923,0.4599969230769231,0.071265590706188,0.0702476258830572,2026-01-01 00:05:20
0,0.0114143581730769,0.2453316923076923,0.4650036923076923,0.0761297168149854,0.0752691584237966,2026-01-01 00:05:21
0,0.0112974194711538,0.23052,0.450192,0.079679078053903,0.0788741009001862,2026-01-01 00:05:22
0,0.0125815042067307,0.23052,0.4456024615384615,0.0775159717297552,0.076488114273423,2026-01-01 00:05:23
0,0.0120679110576923,0.2150824615384615,0.4216116923076923,0.0744474392312968,0.0734628255024353,2026-01-01 00:05:24
0,0.0109264344951923,0.2036086153846153,0.4055483076923076,0.0750021843483165,0.0742020261599448,2026-01-01 00:05:25
0,0.0110684314903846,0.2090326153846154,0.3934486153846154,0.0746800361537641,0.0738552477774611,2026-01-01 00:05:26
0,0.012193813701923,0.2090326153846154,0.3934486153846154,0.0700148418627706,0.0689448256830893,2026-01-01 00:05:27
0,0.0124352289663461,0.2002707692307692,0.3878159999999999,0.0724737249097594,0.0713989207400926,2026-01-01 00:05:28
0,0.0124089483173076,0.1973501538461538,0.3848953846153846,0.0767887852769717,0.0757795193041712,2026-01-01 00:05:29
0,0.0123488491586538,0.2242615384615384,0.4393439999999999,0.0742609691850595,0.0732270269010095,2026-01-01 00:05:30
0,0.0130944861778846,0.2242615384615384,0.4447679999999999,0.0774893421851696,0.0763749473585907,2026-01-01 00:05:31
0,0.0112057427884615,0.2436627692307692,0.457284923076923,0.0804606979443339,0.0796765664561933,2026-01-01 00:05:32
0,0.0111523665865384,0.2436627692307692,0.457284923076923,0.0749723505406163,0.0741382361882485,2026-01-01 00:05:33
0,0.0139423936298076,0.2098670769230769,0.4118067692307692,0.0743505482168396,0.0730315937113253,2026-01-01 00:05:34
0,0.0139269104567307,0.2046516923076922,0.4065913846153846,0.0773762397307815,0.0761125721547076,2026-01-01 00:05:35
0,0.0126487337740384,0.218628923076923,0.4216116923076922,0.0747148577773852,0.0736364006902048,2026-01-01 00:05:36
0,0.0113465174278846,0.218628923076923,0.4287046153846153,0.0736848380103436,0.0728059880426691,2026-01-01 00:05:37
0,0.0133102319711538,0.2100756923076923,0.3800972307692308,0.0693007453090445,0.0680105214306075,2026-01-01 00:05:38
0,0.0129376171875,0.2200892307692307,0.4205686153846154,0.0685476642896311,0.0673156767853795,2026-01-01 00:05:39
0,0.0130743173076923,0.2595175384615384,0.4904547692307692,0.0752062982489345,0.0740611201862723,2026-01-01 00:05:40
0,0.0149145739182692,0.2595175384615384,0.4904547692307692,0.0763642219956803,0.0748935904189539,2026-01-01 00:05:41
0,0.0133727758413461,0.2098670769230769,0.404088,0.0692307153904357,0.0679268784780268,2026-01-01 00:05:42
0,0.0129488221153846,0.2157083076923077,0.4145187692307692,0.0757014194151776,0.0745857419839526,2026-01-01 00:05:43
0,0.0131091544471153,0.2290596923076923,0.444768,0.0789174943595994,0.0778210831695311,2026-01-01 00:05:44
0,0.012421579326923,0.2290596923076923,0.3907366153846153,0.069161302817272,0.0680366825646823,2026-01-01 00:05:45
0,0.0126951832932692,0.2301027692307692,0.4470627692307692,0.068926844684487,0.0677476364112408,2026-01-01 00:05:46
0,0.0111947415865384,0.233232,0.450192,0.0764727644188404,0.075648935608309,2026-01-01 00:05:47
0,0.0107687506009615,0.233232,0.4441421538461538,0.0759209907974519,0.075153382187105,2026-01-01 00:05:48
0,0.0128306610576923,0.2107015384615384,0.4141015384615384,0.0757014828557288,0.0746062238917024,2026-01-01 00:05:49
0,0.0087113221153846,0.213204923076923,0.398664,0.0765137744948803,0.0760162519100712,2026-01-01 00:05:50
0,0.0054447800480769,0.213204923076923,0.398664,0.0698208763197066,0.069608254828575,2026-01-01 00:05:51
0,0.0099045450721153,0.1750283076923076,0.3467187692307691,0.0665272979301075,0.0657858750553317,2026-01-01 00:05:52
0,0.01096453125,0.2115359999999999,0.4149359999999999,0.0728154145203978,0.0719851626812438,2026-01-01 00:05:53
0,0.0075081165865384,0.2553452307692307,0.4668812307692307,0.0775068815554206,0.0771423675665256,2026-01-01 00:05:54
0,0.0068072992788461,0.2553452307692307,0.4643778461538461,0.0740178549954133,0.0737041622613693,2026-01-01 00:05:55
0,0.0091690943509615,0.2090326153846154,0.3888590769230769,0.0707759239853316,0.0701794779459109,2026-01-01 00:05:56
0,0.0091576856971153,0.1967243076923076,0.3888590769230768,0.0721447718018113,0.0715611968248734,2026-01-01 00:05:57
0,0.0073844549278846,0.1967243076923076,0.3888590769230768,0.0737843027699383,0.0734138485618617,2026-01-01 00:05:58
0,0.008809110576923,0.2732861538461538,0.513611076923077,0.0751988304199874,0.0746810797148619,2026-01-01 00:05:59
0,0.0098803016826923,0.2732861538461538,0.513611076923077,0.0722158930580799,0.0715368076505726,2026-01-01 00:06:00
0,0.0109325462740384,0.2123704615384615,0.4157704615384615,0.0735835459379834,0.0727668720282336,2026-01-01 00:06:01
0,0.0108392397836538,0.2271821538461538,0.4395526153846154,0.0831821451179262,0.0824729055346797,2026-01-01 00:06:02
0,0.0097741604567307,0.2271821538461538,0.4287046153846154,0.080531575332171,0.0799362271617019,2026-01-01 00:06:03
0,0.0097861802884615,0.2081981538461538,0.4097206153846153,0.0739490665563349,0.0732986706558514,2026-01-01 00:06:04
0,0.0090238377403846,0.2094498461538461,0.4034621538461538,0.0752139794942515,0.0746706974910298,2026-01-01 00:06:05
0,0.0102044296874999,0.2094498461538461,0.4034621538461538,0.0715768102323362,0.0708456729644707,2026-01-01 00:06:06
0,0.0121331033653846,0.2219667692307692,0.4124326153846154,0.0714908744424945,0.0704537644933002,2026-01-01 00:06:07
0,0.0105750072115384,0.2584744615384615,0.489828923076923,0.0783158196043071,0.0775985619890619,2026-01-01 00:06:08
0,0.0094227331730769,0.2584744615384615,0.489828923076923,0.0772584716966997,0.0766817028270679,2026-01-01 00:06:09
0,0.0107385991586538,0.2146652307692307,0.4264098461538461,0.0736972211381914,0.0729106500560875,2026-01-01 00:06:10
0,0.01047721875,0.1975587692307692,0.3938658461538461,0.0734986305425343,0.0727480348799375,2026-01-01 00:06:11
0,0.0110354278846153,0.2165427692307692,0.4149359999999999,0.0759248015223083,0.0751185384416215,2026-01-01 00:06:12
0,0.0116007674278846,0.2165427692307692,0.4149359999999999,0.0758818570342986,0.0749898554609746,2026-01-01 00:06:13
0,0.0108251826923076,0.206112,0.4034621538461538,0.0715861968694334,0.0707629776218288,2026-01-01 00:06:14
0,0.0107889194711538,0.2309372307692307,0.449148923076923,0.0742339417441975,0.0734457440804154,2026-01-01 00:06:15
0,0.0103297211538461,0.2309372307692307,0.449148923076923,0.0755299547585731,0.07482025746224,2026-01-01 00:06:16
0,0.0112110396634615,0.1812867692307692,0.355272,0.0720258204854948,0.0711479543365304,2026-01-01 00:06:17
0,0.0135306634615384,0.2040258461538461,0.3780110769230769,0.0735199878873116,0.07226416653668,2026-01-01 00:06:18
0,0.0124254501201923,0.2244701538461538,0.428496,0.077422394770804,0.0764188157547396,2026-01-01 00:06:19
0,0.0118690745192307,0.2244701538461538,0.4172307692307692,0.076061301144053,0.0751295321546945,2026-01-01 00:06:20
0,0.0121027481971153,0.222384,0.4166049230769231,0.0742832750902682,0.0732907118550071,2026-01-01 00:06:21
0,0.0119407860576923,0.222384,0.431208,0.0751756219539664,0.0742212352665333,2026-01-01 00:06:22
0,0.012257376201923,0.208824,0.3867729230769231,0.0741056638611401,0.073084924197435,2026-01-01 00:06:23
0,0.0113746316105769,0.241368,0.4433076923076923,0.0743848913059152,0.073510066047559,2026-01-01 00:06:24
0,0.0143930354567307,0.241368,0.4433076923076923,0.0703635888764255,0.0688757952397787,2026-01-01 00:06:25
0,0.0151739170673076,0.2572227692307692,0.4683415384615385,0.078471722155139,0.0769906709856967,2026-01-01 00:06:26
0,0.0138450126201923,0.2572227692307692,0.4683415384615385,0.0822519405080953,0.0810783407754128,2026-01-01 00:06:27
0,0.0133898888221153,0.2269735384615384,0.4124326153846154,0.0732684605759867,0.0720345624857006,2026-01-01 00:06:28
0,0.0121005072115384,0.2038172307692307,0.3892763076923077,0.0734067480492977,0.0724025440464393,2026-01-01 00:06:29
0,0.014664805889423,0.2100756923076923,0.413892923076923,0.0799014899164185,0.0785442013078564,2026-01-01 00:06:30
0,0.0155734236778846,0.2123704615384615,0.4074258461538461,0.0785919929755488,0.0770335630411693,2026-01-01 00:06:31
0,0.0154960078125,0.2123704615384615,0.4239064615384615,0.075327564759877,0.0737164551136882,2026-01-01 00:06:32
0,0.0149361688701923,0.2561796923076923,0.4368406153846153,0.0785111681506322,0.0770773273009511,2026-01-01 00:06:33
0,0.0116728864182692,0.2561796923076923,0.4368406153846153,0.0761719870480577,0.0752722746668098,2026-01-01 00:06:34
0,0.0119601400240384,0.2021483076923077,0.3730043076923077,0.0716433365076205,0.0706379693688143,2026-01-01 00:06:35
0,0.0154165546874999,0.2597261538461538,0.4282873846153846,0.0728549706568984,0.0712051725016157,2026-01-01 00:06:36
0,0.0144162602163461,0.2597261538461538,0.4614572307692307,0.0777896226563884,0.0764421142721595,2026-01-01 00:06:37
0,0.0118505354567307,0.2271821538461538,0.4289132307692308,0.0766568448062035,0.0757353065949504,2026-01-01 00:06:38
0,0.0137887842548076,0.2196719999999999,0.4011673846153846,0.0735190476356121,0.0722144015693668,2026-01-01 00:06:39
0,0.0149936195913461,0.2451230769230769,0.4533212307692307,0.0792596186396125,0.0778285199553917,2026-01-01 00:06:40
0,0.0140448677884615,0.2451230769230769,0.4672984615384615,0.0820253475514558,0.0808139797915049,2026-01-01 00:06:41
0,0.0129365985576923,0.2361526153846153,0.4583279999999999,0.0797212167993451,0.0786645843167388,2026-01-01 00:06:42
0,0.0137918401442307,0.2361526153846153,0.4351716923076922,0.0733946384533921,0.0720871562703102,2026-01-01 00:06:43
0,0.015509657451923,0.2242615384615384,0.3928227692307692,0.0746713625739836,0.0730428840776384,2026-01-01 00:06:44
0,0.0146281352163461,0.2242615384615384,0.3915710769230769,0.0777113399195896,0.0763221462760992,2026-01-01 00:06:45
0,0.0139819164663461,0.2154996923076923,0.4278701538461538,0.0744087319503593,0.0730832771732942,2026-01-01 00:06:46
0,0.0136569735576923,0.2154996923076923,0.4278701538461538,0.0719637814034061,0.0706560181946429,2026-01-01 00:06:47
0,0.0143196941105769,0.2265563076923076,0.4059655384615385,0.0778162242661678,0.0764873265294456,2026-01-01 00:06:48
0,0.0153517698317307,0.2405335384615384,0.4199427692307692,0.0791751338832004,0.0776725497743975,2026-01-01 00:06:49
0,0.0154750240384615,0.2405335384615384,0.4318338461538461,0.0726675198390021,0.0710006483812705,2026-01-01 00:06:50
0,0.0164553533653846,0.2486695384615384,0.4405956923076923,0.0761246593465575,0.0743248619658978,2026-01-01 00:06:51
0,0.0145682397836538,0.2486695384615384,0.4424732307692308,0.0778097956579819,0.076433832102956,2026-01-01 00:06:52
0,0.0134689344951923,0.229476923076923,0.4232806153846153,0.0721888535280851,0.070921212463293,2026-01-01 00:06:53
0,0.0139578768028846,0.2228012307692307,0.3909452307692307,0.0704247479902905,0.0690276959245448,2026-01-01 00:06:54
0,0.0143567722355769,0.2228012307692307,0.3969950769230769,0.0747518529924912,0.0733602250322801,2026-01-01 00:06:55
0,0.0144506899038461,0.202356923076923,0.3869815384615384,0.072396033916631,0.0709391520118535,2026-01-01 00:06:56
0,0.014574759014423,0.2211323076923076,0.4191083076923076,0.0737423747340833,0.0722877183973423,2026-01-01 00:06:57
0,0.0138527542067307,0.2326061538461538,0.4537384615384615,0.0754424434477567,0.0741597159801456,2026-01-01 00:06:58
0,0.01364475,0.2326061538461538,0.452904,0.076485844737894,0.0752589213496096,2026-01-01 00:06:59
0,0.0138130276442307,0.2225926153846154,0.4428904615384615,0.0763202289373938,0.0750598268873298,2026-01-01 00:07:00
0,0.0128699801682692,0.2225926153846154,0.4059655384615385,0.0721235894263708,0.070966018362397,2026-01-01 00:07:01
0,0.0142037740384615,0.2367784615384615,0.4201513846153846,0.0717913859960028,0.0703722665990757,2026-01-01 00:07:02
0,0.0136076718749999,0.2367784615384615,0.4357975384615384,0.074179573715868,0.0729207818307664,2026-01-01 00:07:03
0,0.0120668924278846,0.2111187692307692,0.4101378461538462,0.0745525067440533,0.0735694662815761,2026-01-01 00:07:04
0,0.013541868389423,0.2401163076923076,0.4320424615384615,0.0726333053343473,0.0713597564760143,2026-01-01 00:07:05
0,0.0136999597355769,0.2401163076923076,0.4451852307692308,0.0741636285424697,0.072887275308033,2026-01-01 00:07:06
0,0.0129983275240384,0.205068923076923,0.4072172307692308,0.0737991334928249,0.0726454099435719,2026-01-01 00:07:07
0,0.013904704326923,0.2040258461538461,0.3736301538461538,0.0691133611156209,0.067700191153933,2026-01-01 00:07:08
0,0.015634134014423,0.2040258461538461,0.3780110769230769,0.0732225242778439,0.0715339913274697,2026-01-01 00:07:09
0,0.0161733966346153,0.2336492307692307,0.423072,0.0787402947695834,0.0770613733442397,2026-01-01 00:07:10
0,0.0130739098557692,0.2605606153846154,0.4499833846153846,0.0769173381056019,0.0757980856112784,2026-01-01 00:07:11
0,0.0132810991586538,0.2605606153846154,0.4593710769230769,0.0703029454243657,0.0690370664243444,2026-01-01 00:07:12
0,0.0135302560096153,0.2313544615384615,0.4487316923076923,0.071032409433801,0.0697318819643168,2026-01-01 00:07:13
0,0.0136665486778846,0.2313544615384615,0.4487316923076923,0.0782363959394778,0.0770334933443483,2026-01-01 00:07:14
0,0.015358696514423,0.2107015384615384,0.4188996923076923,0.0775598391721094,0.0760239376366505,2026-01-01 00:07:15
0,0.0142237391826923,0.2234270769230769,0.419316923076923,0.0731224380519801,0.0717257010445239,2026-01-01 00:07:16
0,0.0138256586538461,0.2344836923076922,0.4579107692307692,0.0743619766240343,0.0730654140494718,2026-01-01 00:07:17
0,0.0127371508413461,0.2344836923076922,0.4579107692307692,0.0772202427801274,0.0761625293925209,2026-01-01 00:07:18
0,0.0125387217548076,0.2134135384615384,0.4218203076923077,0.0742322702550684,0.0731656367701193,2026-01-01 00:07:19
0,0.0148805516826923,0.2474178461538461,0.4591624615384615,0.0735375131574115,0.0720162136119027,2026-01-01 00:07:20
0,0.0130965234375,0.2474178461538461,0.4591624615384615,0.0751963122482647,0.0740470556442965,2026-01-01 00:07:21
0,0.0113772800480769,0.2177944615384615,0.4166049230769231,0.0704065580731289,0.0694812270934567,2026-01-01 00:07:22
0,0.0141836051682692,0.2177944615384615,0.3990812307692307,0.0662900026824012,0.0647548438347542,2026-01-01 00:07:23
0,0.0145712956730769,0.2234270769230769,0.4141015384615384,0.0712949747538569,0.0697900477687247,2026-01-01 00:07:24
0,0.01212984375,0.2261390769230769,0.4495661538461538,0.0772823767171805,0.076324521889474,2026-01-01 00:07:25
0,0.0125992283653846,0.2280166153846153,0.4541556923076922,0.0740200650227283,0.0729399031433811,2026-01-01 00:07:26
0,0.0157873359375,0.2280166153846153,0.4506092307692307,0.0706823649562886,0.0688967106603101,2026-01-01 00:07:27
0,0.0148666983173076,0.2298941538461538,0.4524867692307692,0.0767546933012132,0.0753011568629956,2026-01-01 00:07:28
0,0.0124496935096153,0.2298941538461538,0.4489403076923076,0.0750560117166106,0.0740162821703484,2026-01-01 00:07:29
0,0.0127848227163461,0.2071550769230769,0.4082603076923077,0.0703489817743319,0.0691775075063917,2026-01-01 00:07:30
0,0.0143113413461538,0.2290596923076923,0.430164923076923,0.076046427608665,0.0746876473114116,2026-01-01 00:07:31
0,0.013772282451923,0.2290596923076923,0.4172307692307692,0.0722781479318001,0.0709538928073409,2026-01-01 00:07:32
0,0.0141919579326923,0.2438713846153846,0.4760603076923076,0.0665546727065958,0.0650239401229946,2026-01-01 00:07:33
0,0.0137498725961538,0.2438713846153846,0.4760603076923076,0.0691908280621609,0.0678108523137488,2026-01-01 00:07:34
0,0.0129581935096153,0.2121618461538461,0.4184824615384615,0.0745384037998258,0.0734033981637992,2026-01-01 00:07:35
0,0.0126071736778846,0.2152910769230769,0.4216116923076923,0.0752541989959485,0.0741906573523747,2026-01-01 00:07:36
0,0.0113514068509615,0.2152910769230769,0.3846867692307692,0.0670091745943398,0.0660407074637958,2026-01-01 00:07:37
0,0.0123266430288461,0.2015224615384615,0.394908923076923,0.0705870854773686,0.0695024496534384,2026-01-01 00:07:38
0,0.0120762638221153,0.243036923076923,0.4380923076923076,0.0764085070517468,0.0754481530719971,2026-01-01 00:07:39
0,0.0122482085336538,0.243036923076923,0.4380923076923076,0.0746287025261283,0.0736167414957323,2026-01-01 00:07:40
0,0.0129854927884615,0.2096584615384615,0.4020018461538461,0.071629786936384,0.0704429084691467,2026-01-01 00:07:41
0,0.0128854633413461,0.2096584615384615,0.4003329230769231,0.0741133017659533,0.0729845622932006,2026-01-01 00:07:42
0,0.0117205582932692,0.1975587692307692,0.3803058461538461,0.0740142515734665,0.073080352689861,2026-01-01 00:07:43
0,0.0103486676682692,0.2246787692307692,0.4360061538461538,0.071747016525489,0.0709967566709953,2026-01-01 00:07:44
0,0.0132507439903846,0.2246787692307692,0.4368406153846154,0.074113349075671,0.0729191764552615,2026-01-01 00:07:45
0,0.0140687037259615,0.2121618461538461,0.3982467692307692,0.0755748695492667,0.0742538381692138,2026-01-01 00:07:46
0,0.01155778125,0.2165427692307692,0.4026276923076923,0.0718260888298633,0.0708900890757838,2026-01-01 00:07:47
0,0.0110207596153846,0.2165427692307692,0.395952,0.071404671845518,0.07054906107714,2026-01-01 00:07:48
0,0.0118330150240384,0.2033999999999999,0.3803058461538461,0.0733500799543298,0.0723893223117019,2026-01-01 00:07:49
0,0.0108618533653846,0.2033999999999999,0.4015846153846153,0.0757530940594158,0.0749703368075906,2026-01-01 00:07:50
0,0.0094048052884615,0.1981846153846153,0.3767593846153846,0.0734001694873331,0.072795154497091,2026-01-01 00:07:51
0,0.0121795528846153,0.2021483076923077,0.3903193846153846,0.0756992225427606,0.0747129894001656,2026-01-01 00:07:52
0,0.012495735576923,0.2021483076923077,0.3903193846153846,0.078977719935714,0.0779829265841934,2026-01-01 00:07:53
0,0.0110562079326923,0.2056947692307692,0.3926141538461538,0.0741968658636878,0.0733684889454809,2026-01-01 00:07:54
0,0.0053641045673076,0.1988104615384615,0.3832264615384615,0.0653279335069158,0.0651073365948493,2026-01-01 00:07:55
0,0.0080828275240384,0.1975587692307692,0.3709181538461538,0.0680595081475785,0.0675778406617654,2026-01-01 00:07:56
0,0.0106397920673076,0.2042344615384615,0.3752990769230769,0.0684844016300751,0.067652849839411,2026-01-01 00:07:57
0,0.009719765625,0.2044430769230769,0.4017932307692308,0.0637677350518775,0.0630226164947276,2026-01-01 00:07:58
0,0.0099114717548076,0.2044430769230769,0.4017932307692308,0.0631009331945342,0.0623176579925363,2026-01-01 00:07:59
0,0.0101626658653846,0.1898399999999999,0.362364923076923,0.0621229674265379,0.0612860775738441,2026-01-01 00:08:00
0,0.009280125,0.1823298461538461,0.3615304615384616,0.064321677108599,0.0636487032550329,2026-01-01 00:08:01
0,0.0088215378605769,0.1823298461538461,0.3615304615384616,0.0669347995674023,0.0663509447024135,2026-01-01 00:08:02
0,0.0106094368990384,0.2048603076923076,0.385104,0.0645025814317007,0.0636240745318822,2026-01-01 00:08:03
0,0.0115966929086538,0.2048603076923076,0.3811403076923076,0.0648128523171682,0.0637669392324065,2026-01-01 00:08:04
0,0.0110219819711538,0.2113273846153845,0.3748818461538461,0.0634378558000224,0.062473013869446,2026-01-01 00:08:05
0,0.0111152884615384,0.2113273846153845,0.3719612307692307,0.064438837181719,0.0634729399015745,2026-01-01 00:08:06
0,0.0108488149038461,0.2008966153846154,0.3855212307692308,0.0645256283946874,0.0636070745665242,2026-01-01 00:08:07
0,0.0096692415865384,0.1967243076923076,0.3611132307692307,0.0617686061835339,0.0610071018570597,2026-01-01 00:08:08
0,0.0119876430288461,0.196932923076923,0.3936572307692307,0.066024813690053,0.0649274397879599,2026-01-01 00:08:09
0,0.0144997878605769,0.2115359999999999,0.3969950769230769,0.0682391408748556,0.0666808555684212,2026-01-01 00:08:10
0,0.0130959122596153,0.2115359999999999,0.4034621538461538,0.0642202940873324,0.0628708458250079,2026-01-01 00:08:11
0,0.0121618287259615,0.1919261538461538,0.3598615384615384,0.0624688044492482,0.0612734971366805,2026-01-01 00:08:12
0,0.0115229441105769,0.2278079999999999,0.3957433846153846,0.0653485185156572,0.0643245725303768,2026-01-01 00:08:13
0,0.0121396225961538,0.2278079999999999,0.3909452307692307,0.0639937514911918,0.062831757839005,2026-01-01 00:08:14
0,0.012622860576923,0.1869193846153846,0.3527686153846153,0.0609594964774179,0.0596382729598693,2026-01-01 00:08:15
0,0.0132053131009615,0.1869193846153846,0.3588184615384615,0.0638590234229097,0.0624787530159918,2026-01-01 00:08:16
0,0.0131073209134615,0.2123704615384615,0.4159790769230769,0.0726309539268228,0.071438460277303,2026-01-01 00:08:17
0,0.0123168641826923,0.2123704615384615,0.4159790769230769,0.0700532465548686,0.0689619620485259,2026-01-01 00:08:18
0,0.010196484375,0.2054861538461538,0.3813489230769231,0.0591255430369748,0.0582396904679921,2026-01-01 00:08:19
0,0.011774953125,0.2115359999999999,0.3859384615384615,0.0642318862841545,0.0631433741141904,2026-01-01 00:08:20
0,0.0127290018028846,0.2115359999999999,0.3859384615384615,0.0664334895316154,0.0652026153190914,2026-01-01 00:08:21
0,0.0105682842548076,0.2008966153846154,0.4009587692307692,0.0654318811211939,0.0645727685248793,2026-01-01 00:08:22
0,0.0115416868990384,0.210492923076923,0.4105550769230769,0.0704717517316257,0.0695201931502527,2026-01-01 00:08:23
0,0.0101907800480769,0.210492923076923,0.3886504615384615,0.0696912690924106,0.0689421568397922,2026-01-01 00:08:24
0,0.0090287271634615,0.1940123076923077,0.3581926153846154,0.0642917640727472,0.0636546385850518,2026-01-01 00:08:25
0,0.007707360576923,0.1940123076923077,0.363408,0.0653389649353808,0.0648827938036288,2026-01-01 00:08:26
0,0.0107879008413461,0.1710646153846154,0.3404603076923077,0.0679982198791237,0.0671370173761609,2026-01-01 00:08:27
0,0.0118356634615384,0.1848332307692307,0.3558978461538462,0.0659994701015911,0.0649295550894662,2026-01-01 00:08:28
0,0.0105599314903846,0.1848332307692307,0.3625735384615385,0.0647898898138511,0.0639235298541105,2026-01-01 00:08:29
0,0.0111415691105769,0.1967243076923076,0.3609046153846154,0.0645718908209957,0.0636034159613525,2026-01-01 00:08:30
0,0.0108207007211538,0.1967243076923076,0.3609046153846154,0.0639579706141337,0.0630359773540604,2026-01-01 00:08:31
0,0.009444735576923,0.2234270769230769,0.3988726153846154,0.0660900130712678,0.0654116717233427,2026-01-01 00:08:32
0,0.0097861802884615,0.2234270769230769,0.4143101538461538,0.0717932993086235,0.0711231924267979,2026-01-01 00:08:33
0,0.0124804561298076,0.1908830769230769,0.3767593846153846,0.0681868479639584,0.0670349494670648,2026-01-01 00:08:34
0,0.0118666298076923,0.1785747692307692,0.3312812307692308,0.0638377623856217,0.0627251385284265,2026-01-01 00:08:35
0,0.0113552776442307,0.196932923076923,0.3755076923076922,0.0673010236430609,0.0663361549460494,2026-01-01 00:08:36
0,0.0099778864182692,0.196932923076923,0.3650769230769231,0.0638994637887171,0.0631156339991106,2026-01-01 00:08:37
0,0.0080376003605769,0.2036086153846153,0.3788455384615384,0.0615669192091174,0.0610400075470641,2026-01-01 00:08:38
0,0.0073891406249999,0.2036086153846153,0.3788455384615384,0.0657549290420868,0.0653384365756777,2026-01-01 00:08:39
0,0.0097831243990384,0.2211323076923076,0.4107636923076923,0.0658304476082244,0.0650994493777952,2026-01-01 00:08:40
0,0.0119741971153846,0.2211323076923076,0.4099292307692307,0.0663754545127854,0.0652864424304216,2026-01-01 00:08:41
0,0.0099778864182692,0.210492923076923,0.389484923076923,0.0689056328083456,0.0681793811598688,2026-01-01 00:08:42
0,0.0091678719951923,0.2100756923076923,0.3890676923076923,0.0629981118542341,0.0623274596007118,2026-01-01 00:08:43
0,0.0105633948317307,0.2384473846153846,0.4345458461538461,0.0657061632957326,0.0648514809751824,2026-01-01 00:08:44
0,0.0087153966346153,0.2384473846153846,0.4345458461538461,0.0677671194327476,0.0672043476102075,2026-01-01 00:08:45
0,0.0095298930288461,0.1883796923076923,0.349848,0.0629653821462552,0.0622400231979609,2026-01-01 00:08:46
0,0.0111910745192307,0.1852504615384615,0.368832,0.0681073938609373,0.0671816712328137,2026-01-01 00:08:47
0,0.011309235576923,0.2230098461538461,0.398664,0.0703195853102296,0.0694042165064077,2026-01-01 00:08:48
0,0.0091222373798076,0.2230098461538461,0.3978295384615384,0.0687452322026249,0.0681373006199927,2026-01-01 00:08:49
0,0.0081048299278846,0.1998535384615384,0.37968,0.0689149124199346,0.0684366633149756,2026-01-01 00:08:50
0,0.0087983131009615,0.1821212307692307,0.3619476923076923,0.0672852959604461,0.0667075763242998,2026-01-01 00:08:51
0,0.0083682475961538,0.1714818461538461,0.3375396923076922,0.0645786201018657,0.0640341362589561,2026-01-01 00:08:52
0,0.0099008780048076,0.1902572307692307,0.3648683076923077,0.0648808470368741,0.0641209554432572,2026-01-01 00:08:53
0,0.0119409897836538,0.1906744615384615,0.3809316923076923,0.0663924046775029,0.0653097554875838,2026-01-01 00:08:54
0,0.0100332998798076,0.1906744615384615,0.3773852307692307,0.0656435311623292,0.0648722288578212,2026-01-01 00:08:55
0,0.0080738635817307,0.2019396923076923,0.3765507692307692,0.0642999556706833,0.0637910418955157,2026-01-01 00:08:56
0,0.0099784975961538,0.2019396923076923,0.3786369230769231,0.0638658377976937,0.063081493508991,2026-01-01 00:08:57
0,0.0101471826923076,0.1992276923076923,0.3613218461538461,0.0640535951106213,0.0632447446828931,2026-01-01 00:08:58
0,0.0096718900240384,0.2513815384615384,0.4297476923076923,0.0606909296681724,0.0599153026141899,2026-01-01 00:08:59
0,0.0102718629807692,0.2513815384615384,0.4297476923076923,0.0632194181225901,0.0623793528233756,2026-01-01 00:09:00
0,0.0110350204326923,0.2234270769230769,0.4001243076923076,0.0665436697315286,0.0656223156052026,2026-01-01 00:09:01
0,0.0084633876201923,0.2234270769230769,0.3773852307692308,0.058456891747515,0.057840982553645,2026-01-01 00:09:02
0,0.0084024735576923,0.2271821538461538,0.4074258461538461,0.0601356328033104,0.0595457200037657,2026-01-01 00:09:03
0,0.0100335036057692,0.2271821538461538,0.4316252307692307,0.068370315128486,0.0676300879502718,2026-01-01 00:09:04
0,0.0101763155048076,0.2238443076923077,0.4282873846153846,0.0671933098964793,0.0664182467217474,2026-01-01 00:09:05
0,0.0105872307692307,0.2138307692307692,0.3982467692307692,0.067320329515082,0.0664826090843183,2026-01-01 00:09:06
0,0.0126120631009615,0.2271821538461538,0.409512,0.0711826389183524,0.0700564340208514,2026-01-01 00:09:07
0,0.0115520769230769,0.2271821538461538,0.4220289230769231,0.0693699236979824,0.0684012853141461,2026-01-01 00:09:08
0,0.0072341051682692,0.2171686153846153,0.4120153846153845,0.0681002768540155,0.0677149572104124,2026-01-01 00:09:09
0,0.0081755228365384,0.2171686153846153,0.4101378461538462,0.0678938195329892,0.0673997889991307,2026-01-01 00:09:10
0,0.0104613281249999,0.232188923076923,0.4182738461538461,0.0693554020703097,0.0685618874462729,2026-01-01 00:09:11
0,0.0100779158653846,0.232188923076923,0.4182738461538461,0.0664400436967443,0.0656712647832788,2026-01-01 00:09:12
0,0.0106493671874999,0.1883796923076923,0.3730043076923077,0.0605089128312971,0.0595644148005444,2026-01-01 00:09:13
0,0.0123119747596153,0.1883796923076923,0.3686233846153846,0.0642060719618477,0.0630145614464511,2026-01-01 00:09:14
0,0.0100330961538461,0.1802436923076923,0.3548547692307692,0.0636686360679665,0.0628731437127399,2026-01-01 00:09:15
0,0.0094575703125,0.1900486153846153,0.371544,0.0627643474942684,0.0620477048742772,2026-01-01 00:09:16
0,0.0123274579326923,0.1900486153846153,0.371544,0.0666789300539517,0.0655294856843657,2026-01-01 00:09:17
0,0.0123270504807692,0.1804523076923077,0.3408775384615384,0.0640442442079874,0.0628467106746001,2026-01-01 00:09:18
0,0.0124380811298076,0.2323975384615384,0.3978295384615384,0.0644002247010308,0.0631876813892675,2026-01-01 00:09:19
0,0.0139896580528846,0.2323975384615384,0.4314166153846154,0.0701763549252685,0.0687677995733513,2026-01-01 00:09:20
0,0.0106711658653846,0.2065292307692307,0.4055483076923076,0.0704159223555279,0.0696026460722089,2026-01-01 00:09:21
0,0.0090097806490384,0.1764886153846153,0.3519341538461538,0.0687042919447311,0.0681109652279503,2026-01-01 00:09:22
0,0.0110676165865384,0.2121618461538461,0.3876073846153846,0.0702311801843124,0.0693536338858659,2026-01-01 00:09:23
0,0.0126428257211538,0.2121618461538461,0.3871901538461538,0.0673865749513218,0.0661899497012548,2026-01-01 00:09:24
0,0.0141581394230769,0.1898399999999999,0.3563150769230769,0.0660018784312772,0.0644654562113215,2026-01-01 00:09:25
0,0.0141548798076923,0.184416,0.3554806153846154,0.0683229038783847,0.0668405458685428,2026-01-01 00:09:26
0,0.0130358131009615,0.2042344615384615,0.3961606153846154,0.0693195497357807,0.068082799240103,2026-01-01 00:09:27
0,0.0117056862980769,0.2042344615384615,0.3961606153846154,0.0640627648624226,0.0629842420777535,2026-01-01 00:09:28
0,0.0115506508413461,0.1810781538461538,0.3348276923076922,0.059646476637831,0.0585173875053272,2026-01-01 00:09:29
0,0.0129321165865384,0.1944295384615384,0.3602787692307692,0.0648925776415834,0.0635909348379241,2026-01-01 00:09:30
0,0.0149866929086538,0.1944295384615384,0.3692492307692308,0.0688596721065506,0.0672090282498071,2026-01-01 00:09:31
0,0.0146185600961538,0.183372923076923,0.3581926153846154,0.0688006734301995,0.0672296836610444,2026-01-01 00:09:32
0,0.0147615757211538,0.2002707692307692,0.3836436923076923,0.0669223676445172,0.0652740313859698,2026-01-01 00:09:33
0,0.0126968131009615,0.2002707692307692,0.3713353846153846,0.063112919542557,0.0618225812326251,2026-01-01 00:09:34
0,0.0117733233173076,0.2027741538461538,0.4047138461538461,0.0641446962984617,0.0630549833184343,2026-01-01 00:09:35
0,0.0134292079326923,0.2067378461538461,0.409512,0.0686947002152205,0.0673692675628846,2026-01-01 00:09:36
0,0.0151089284855769,0.2067378461538461,0.3709181538461538,0.064207636430709,0.0624046541215945,2026-01-01 00:09:37
0,0.0142143677884615,0.2044430769230769,0.3951175384615384,0.0641079150898999,0.0625122110115148,2026-01-01 00:09:38
0,0.0109135997596153,0.2044430769230769,0.4051310769230769,0.0664590107010288,0.0655567955565736,2026-01-01 00:09:39
0,0.0109616790865384,0.200688,0.387816,0.0592709926040177,0.0582485378002682,2026-01-01 00:09:40
0,0.0110961382211538,0.192552,0.3604873846153846,0.061430455210324,0.060420001191035,2026-01-01 00:09:41
0,0.0104918870192307,0.2056947692307692,0.3982467692307692,0.0691318989830202,0.0683311039262078,2026-01-01 00:09:42
0,0.0113890961538461,0.2056947692307692,0.4049224615384615,0.0675502590732497,0.0665832260382568,2026-01-01 00:09:43
0,0.0125927091346153,0.1992276923076923,0.3673716923076923,0.0645302539893019,0.0632896307192164,2026-01-01 00:09:44
0,0.0119220432692307,0.1992276923076923,0.3673716923076923,0.0620557779685069,0.0608997903408806,2026-01-01 00:09:45
0,0.010090954326923,0.2194633846153846,0.3876073846153846,0.0628074310966293,0.0619914997538355,2026-01-01 00:09:46
0,0.0090391171875,0.2215495384615384,0.4124326153846154,0.0667207809023548,0.0661056500209375,2026-01-01 00:09:47
0,0.0087257866586538,0.2215495384615384,0.4124326153846154,0.0661722209455988,0.0655943859797529,2026-01-01 00:09:48
0,0.0097319891826923,0.1869193846153846,0.3571495384615384,0.066491174117839,0.0657751064014095,2026-01-01 00:09:49
0,0.0124152638221153,0.1869193846153846,0.36612,0.0689947347964843,0.0678685100312691,2026-01-01 00:09:50
0,0.0109588269230769,0.1792006153846154,0.3519341538461538,0.0654274767933388,0.0645031691625531,2026-01-01 00:09:51
0,0.0074046237980769,0.165432,0.3287778461538462,0.0631214344738652,0.0626856206513696,2026-01-01 00:09:52
0,0.0061350036057692,0.165432,0.3300295384615385,0.0605282494781674,0.0602165319131587,2026-01-01 00:09:53
0,0.010737173076923,0.1846246153846154,0.3629907692307692,0.0637736625122381,0.0628632893232691,2026-01-01 00:09:54
0,0.0125234423076923,0.2000621538461538,0.3784283076923076,0.0658292399957319,0.0646270240006576,2026-01-01 00:09:55
0,0.0110533557692307,0.2000621538461538,0.3490135384615384,0.0586547876302434,0.0576038838811045,2026-01-01 00:09:56
0,0.0119322295673076,0.1581304615384615,0.3085421538461538,0.0586528152771514,0.057426253904366,2026-01-01 00:09:57
0,0.0104678473557692,0.2040258461538461,0.3865643076923076,0.0662218256658631,0.0653892526815858,2026-01-01 00:09:58
0,0.0077434200721153,0.2040258461538461,0.3865643076923076,0.0690050771831796,0.0685692359782675,2026-01-01 00:09:59
0,0.0087952572115384,0.2000621538461538,0.3855212307692307,0.0659263025635197,0.0653369789650518,2026-01-01 00:50:00
0,0.0097869951923076,0.2422024615384615,0.4214030769230769,0.0652689730981043,0.0645310279972883,2026-01-01 00:50:01
0,0.0089678131009615,0.2422024615384615,0.4126412307692307,0.0666184740932771,0.0660121156963088,2026-01-01 00:50:02
0,0.0108486111778846,0.2866375384615384,0.5392707692307692,0.0735978800724946,0.0727939254792347,2026-01-01 00:50:03
0,0.0129082806490384,0.2866375384615384,0.5392707692307692,0.0751428390519358,0.0740258235446981,2026-01-01 00:50:04
0,0.0117973629807692,0.1975587692307692,0.3840609230769231,0.0666654568536559,0.065613301732245,2026-01-01 00:50:05
0,0.0105917127403846,0.2419938461538461,0.4487316923076923,0.0653283576769405,0.0644640204919879,2026-01-01 00:50:06
0,0.009492407451923,0.2419938461538461,0.4487316923076923,0.065332304538059,0.0646390301367554,2026-01-01 00:50:07
0,0.0097415643028846,0.2202978461538461,0.3959519999999999,0.0670415571312872,0.066330025686113,2026-01-01 00:50:08
0,0.010408359375,0.2202978461538461,0.4130584615384615,0.0674595635867414,0.0666517724778153,2026-01-01 00:50:09
0,0.0122616544471153,0.1927606153846154,0.3757163076923077,0.0613258168561583,0.0600874998921956,2026-01-01 00:50:10
0,0.0134343010817307,0.1829556923076923,0.3550633846153845,0.0591924782876252,0.0576478016950898,2026-01-01 00:50:11
0,0.0126725697115384,0.1983932307692307,0.3738387692307692,0.0668025446500276,0.0655895262113177,2026-01-01 00:50:12
0,0.0127774885817307,0.1983932307692307,0.3738387692307692,0.0694505574762841,0.0682650402425017,2026-01-01 00:50:13
0,0.0122681736778846,0.2048603076923076,0.3938658461538461,0.0694053703553858,0.0683124977495152,2026-01-01 00:50:14
0,0.0142642806490384,0.2188375384615384,0.4236978461538461,0.0682630515413666,0.0667560821446611,2026-01-01 00:50:15
0,0.0140711484374999,0.2188375384615384,0.4101378461538461,0.0623650615459236,0.0607569229246897,2026-01-01 00:50:16
0,0.0135980967548076,0.2115359999999999,0.4153532307692307,0.0640825770893316,0.0626232261310212,2026-01-01 00:50:17
0,0.0141524350961538,0.2115359999999999,0.4153532307692307,0.0664028448443686,0.0648771638118872,2026-01-01 00:50:18
0,0.0119363040865384,0.1960984615384615,0.3896935384615384,0.0679098841094713,0.0668526514396812,2026-01-01 00:50:19
0,0.0097317854567307,0.1960984615384615,0.3896935384615384,0.0649546942926643,0.064221528029763,2026-01-01 00:50:20
0,0.0129473960336538,0.1992276923076923,0.3669544615384615,0.0665082801075607,0.0652358510239076,2026-01-01 00:50:21
0,0.0124558052884615,0.2098670769230769,0.4090947692307692,0.0729035494577033,0.071831611691147,2026-01-01 00:50:22
0,0.0109775697115384,0.2098670769230769,0.4042966153846153,0.0672174196584702,0.0663149641391082,2026-01-01 00:50:23
0,0.0128675354567307,0.2084067692307692,0.3700836923076923,0.0637056752362618,0.0623926244725916,2026-01-01 00:50:24
0,0.0113626117788461,0.2084067692307692,0.3984553846153846,0.0674145877501957,0.0664501143346802,2026-01-01 00:50:25
0,0.0098289627403846,0.2029827692307692,0.3980381538461538,0.0670971576148047,0.0663733384080842,2026-01-01 00:50:26
0,0.0126650318509615,0.2029827692307692,0.3980381538461538,0.0647400715433626,0.0634891631040593,2026-01-01 00:50:27
0,0.0143396592548076,0.1950553846153846,0.3786369230769231,0.0639443019538547,0.0623157117011573,2026-01-01 00:50:28
0,0.0127550787259615,0.2109101538461538,0.4059655384615385,0.0701990517978795,0.069030535562285,2026-01-01 00:50:29
0,0.0133098245192307,0.2109101538461538,0.3947003076923077,0.0698312302457423,0.0685510706619609,2026-01-01 00:50:30
0,0.0123227722355769,0.2263476923076922,0.4086775384615384,0.065673722202706,0.0645072637180364,2026-01-01 00:50:31
0,0.0113752427884615,0.2263476923076922,0.4086775384615384,0.0678950370588065,0.0669353412534833,2026-01-01 00:50:32
0,0.0125366844951923,0.1808695384615384,0.3490135384615384,0.0650135742921658,0.0637933882476152,2026-01-01 00:50:33
0,0.0118507391826923,0.1998535384615384,0.3663286153846153,0.067268254251406,0.0662161461492256,2026-01-01 00:50:34
0,0.0127196304086538,0.1998535384615384,0.3663286153846153,0.0682150679377716,0.0670187025838463,2026-01-01 00:50:35
0,0.0141783082932692,0.1769058461538461,0.3500566153846154,0.0608495581475542,0.059174693076463,2026-01-01 00:50:36
0,0.0110653756009615,0.1873366153846154,0.3604873846153846,0.0596422340368255,0.0586067704596757,2026-01-01 00:50:37
0,0.011523759014423,0.1873366153846154,0.3677889230769231,0.0638381841406197,0.0627894635472319,2026-01-01 00:50:38
0,0.0134017049278846,0.1804523076923077,0.3508910769230768,0.0643949409940072,0.0629849405068194,2026-01-01 00:50:39
0,0.0117906400240384,0.1908830769230769,0.3627821538461538,0.0615358010638393,0.0603956589532058,2026-01-01 00:50:40
0,0.0127328725961538,0.195264,0.3861470769230769,0.0628505680016099,0.0615472814474783,2026-01-01 00:50:41
0,0.0144755444711538,0.195264,0.3838523076923077,0.0659019671313464,0.0642925181031565,2026-01-01 00:50:42
0,0.0141512127403846,0.2334406153846153,0.4220289230769231,0.0650470591006161,0.0634890783963307,2026-01-01 00:50:43
0,0.0122716370192307,0.2334406153846153,0.4166049230769231,0.0648489384547035,0.0636772466707706,2026-01-01 00:50:44
0,0.0128121219951923,0.2182116923076922,0.4013759999999999,0.0708658103866997,0.0696980100988829,2026-01-01 00:50:45
0,0.0150769435096153,0.2100756923076923,0.4070086153846154,0.0690670303689856,0.0674013386988585,2026-01-01 00:50:46
0,0.0146878269230769,0.2056947692307692,0.4026276923076922,0.0629291408182412,0.0611910492180006,2026-01-01 00:50:47
0,0.0151311346153846,0.2056947692307692,0.3953261538461538,0.064423054954227,0.0626209132390007,2026-01-01 00:50:48
0,0.0140548503605769,0.2025655384615384,0.392196923076923,0.0632488159384077,0.0616674460226168,2026-01-01 00:50:49
0,0.014052609375,0.2071550769230769,0.3853126153846153,0.0642490781633556,0.0626934463448504,2026-01-01 00:50:50
0,0.0139207986778846,0.2071550769230769,0.3873987692307692,0.0673558698271279,0.0659016279339047,2026-01-01 00:50:51
0,0.013491548076923,0.2411593846153846,0.4214030769230769,0.0686247686997751,0.0672854888485303,2026-01-01 00:50:52
0,0.0145211790865384,0.2411593846153846,0.4151446153846153,0.0674448442583624,0.0658630577408264,2026-01-01 00:50:53
0,0.014903165264423,0.1994363076923077,0.3387913846153846,0.0656273165681657,0.0639127557302885,2026-01-01 00:50:54
0,0.0132116286057692,0.2127876923076923,0.3828092307692308,0.0686131295394564,0.0673291498147826,2026-01-01 00:50:55
0,0.012893001201923,0.2127876923076923,0.3855212307692307,0.0676038667082662,0.0663630417771535,2026-01-01 00:50:56
0,0.0123645360576923,0.1814953846153846,0.3615304615384615,0.0644228860688964,0.0632252046064228,2026-01-01 00:50:57
0,0.0115086832932692,0.1956812307692307,0.3848953846153846,0.0671134258661025,0.0661193023279893,2026-01-01 00:50:58
0,0.0139607289663461,0.1956812307692307,0.3848953846153846,0.0653734402914484,0.0638653641833176,2026-01-01 00:50:59
0,0.0137519098557692,0.2075723076923077,0.3807230769230769,0.0648488709510484,0.0633739776165622,2026-01-01 00:51:00
0,0.0135398311298076,0.2109101538461538,0.4184824615384615,0.0684731777468617,0.0671211519845243,2026-01-01 00:51:01
0,0.0128628497596153,0.2109101538461538,0.3596529230769231,0.064187668801798,0.0628856416224791,2026-01-01 00:51:02
0,0.0117875841346153,0.1721076923076923,0.337956923076923,0.0633654488551209,0.0622594006466518,2026-01-01 00:51:03
0,0.0117333930288461,0.2296855384615384,0.4013759999999999,0.0686205429813189,0.0676099578988307,2026-01-01 00:51:04
0,0.0112904927884615,0.2296855384615384,0.4159790769230769,0.0685178857784399,0.0675812506849424,2026-01-01 00:51:05
0,0.0130435546875,0.2059033846153846,0.392196923076923,0.0638343319859469,0.0624874997195941,2026-01-01 00:51:06
0,0.0136938479567307,0.1960984615384615,0.355272,0.0612966335285717,0.0597474335019836,2026-01-01 00:51:07
0,0.0142663179086538,0.2079895384615384,0.4055483076923076,0.0707472735212806,0.0692939310764234,2026-01-01 00:51:08
0,0.0098515763221153,0.2079895384615384,0.4055483076923076,0.0704067575765944,0.0697141159050222,2026-01-01 00:51:09
0,0.0099149350961538,0.1975587692307692,0.3846867692307693,0.064865567772678,0.0641033224139821,2026-01-01 00:51:10
0,0.0151462103365384,0.1975587692307692,0.3821833846153846,0.0658485720465263,0.0640829677294045,2026-01-01 00:51:11
0,0.012977751201923,0.1906744615384615,0.3752990769230769,0.060541198687615,0.0591338711084795,2026-01-01 00:51:12
0,0.0119862169471153,0.1944295384615384,0.3725870769230769,0.0631056160746714,0.0619568348405606,2026-01-01 00:51:13
0,0.0142473713942307,0.2092412307692307,0.3890676923076923,0.0680528464055703,0.0665447391779019,2026-01-01 00:51:14
0,0.0119000408653846,0.2092412307692307,0.3890676923076923,0.0644761843569164,0.0633685046109599,2026-01-01 00:51:15
0,0.0113630192307692,0.1986018461538461,0.3588184615384615,0.0640695413154606,0.0630538493538236,2026-01-01 00:51:16
0,0.0131191370192307,0.2019396923076923,0.4005415384615385,0.0671665889866647,0.0658728997386193,2026-01-01 00:51:17
0,0.0113768725961538,0.2019396923076923,0.3892763076923077,0.0651443528470499,0.0641432262814385,2026-01-01 00:51:18
0,0.0130464068509615,0.1873366153846154,0.3536030769230769,0.062680847076552,0.0613080733550915,2026-01-01 00:51:19
0,0.0127636352163461,0.1873366153846154,0.3536030769230769,0.0629918840436681,0.0616852257143878,2026-01-01 00:51:20
0,0.0103205534855769,0.1973501538461538,0.3915710769230769,0.0680494067742442,0.067262232627812,2026-01-01 00:51:21
0,0.0102457860576923,0.1973501538461538,0.3915710769230769,0.0663441837365186,0.0655482614851449,2026-01-01 00:51:22
0,0.0117663966346153,0.1944295384615384,0.3686233846153846,0.0638123027959618,0.0627181145950707,2026-01-01 00:51:23
0,0.0108184597355769,0.2067378461538461,0.3988726153846154,0.0684100726544592,0.0675492336709905,2026-01-01 00:51:24
0,0.0123015847355769,0.2067378461538461,0.3988726153846154,0.0675356007312644,0.0664057857353272,2026-01-01 00:51:25
0,0.0122095006009615,0.2284338461538461,0.4186910769230769,0.0681854243483945,0.0670833823584183,2026-01-01 00:51:26
0,0.0082580318509615,0.2284338461538461,0.4245323076923076,0.068030004809293,0.0675269314000047,2026-01-01 00:51:27
0,0.0091515739182692,0.1960984615384615,0.3696664615384615,0.0604103909800401,0.0597131814022647,2026-01-01 00:51:28
0,0.010162462139423,0.213204923076923,0.4011673846153846,0.059066859630111,0.0581860659421826,2026-01-01 00:51:29
0,0.0081596322115384,0.213204923076923,0.4076344615384615,0.0635550897100559,0.0630291189072612,2026-01-01 00:51:30
0,0.0095844915865384,0.1944295384615384,0.3667458461538461,0.0659761491897566,0.0652762574213365,2026-01-01 00:51:31
0,0.0103490751201923,0.2002707692307692,0.3886504615384615,0.0649199785614604,0.0640897828095641,2026-01-01 00:51:32
0,0.008827649639423,0.2002707692307692,0.389484923076923,0.0674460651629717,0.0668658680330362,2026-01-01 00:51:33
0,0.0092181923076923,0.1950553846153846,0.3842695384615384,0.0694943437929041,0.0688802493446761,2026-01-01 00:51:34
0,0.0070843665865384,0.2096584615384615,0.3873987692307692,0.0637416747484054,0.0633467666878037,2026-01-01 00:51:35
0,0.0094577740384615,0.2801704615384615,0.5094387692307693,0.0707448059588603,0.0701097573836495,2026-01-01 00:51:36
0,0.0131839218749999,0.2801704615384615,0.52884,0.0742741451908692,0.0730946841283839,2026-01-01 00:51:37
0,0.0115989338942307,0.2486695384615384,0.4560332307692307,0.0661612780240239,0.0651366213607173,2026-01-01 00:51:38
0,0.0130649459134615,0.1931778461538461,0.3755076923076923,0.0652820001537934,0.0639612908903362,2026-01-01 00:51:39
0,0.0123252169471153,0.2317716923076923,0.4166049230769231,0.0681246985427644,0.0670004744665966,2026-01-01 00:51:40
0,0.0094481989182692,0.2517987692307692,0.436632,0.0722092174814726,0.0715884252270395,2026-01-01 00:51:41
0,0.0112560631009615,0.2517987692307692,0.4347544615384615,0.0699815070426496,0.0690703436463696,2026-01-01 00:51:42
0,0.0120192205528846,0.1823298461538461,0.3448412307692307,0.0645734447814649,0.0634450006560486,2026-01-01 00:51:43
0,0.0105521899038461,0.2255132307692307,0.4297476923076923,0.0648302464333544,0.0639657106647196,2026-01-01 00:51:44
0,0.0135932073317307,0.2255132307692307,0.4297476923076923,0.063032255708035,0.0615490858915037,2026-01-01 00:51:45
0,0.0136592145432692,0.2011052307692307,0.3692492307692308,0.0639335091744238,0.0624573410690615,2026-01-01 00:51:46
0,0.0104020438701923,0.2040258461538461,0.3863556923076923,0.0675324182699863,0.0667264939938775,2026-01-01 00:51:47
0,0.0106426442307692,0.2040258461538461,0.3982467692307692,0.0627414095221857,0.0618321808818668,2026-01-01 00:51:48
0,0.0129708245192307,0.1942209230769231,0.3665372307692308,0.0613005817154122,0.0599125949190923,2026-01-01 00:51:49
0,0.0134823804086538,0.1933864615384615,0.3805144615384616,0.0687224126344253,0.0673869083488222,2026-01-01 00:51:50
0,0.0141783082932692,0.1933864615384615,0.3805144615384616,0.0679245749315084,0.0664283332138261,2026-01-01 00:51:51
0,0.0128088623798076,0.2081981538461538,0.3890676923076923,0.0666107887027835,0.0653676542040635,2026-01-01 00:51:52
0,0.0103574278846153,0.229476923076923,0.4376750769230769,0.0675206244863933,0.0667214989238666,2026-01-01 00:51:53
0,0.0121634585336538,0.229476923076923,0.4195255384615384,0.0642612924784401,0.0630996353991028,2026-01-01 00:51:54
0,0.011984587139423,0.1988104615384615,0.3696664615384615,0.0633108842219477,0.0621662105332345,2026-01-01 00:51:55
0,0.0116525138221153,0.1860849230769231,0.3638252307692308,0.0645563149250103,0.0634959582833626,2026-01-01 00:51:56
0,0.0135856694711538,0.2228012307692307,0.4405956923076923,0.0686617256792096,0.0673042506701292,2026-01-01 00:51:57
0,0.0121701814903846,0.2228012307692307,0.4405956923076923,0.0670293136680064,0.0659152150364018,2026-01-01 00:51:58
0,0.0099096382211538,0.1846246153846154,0.3584012307692307,0.0636780434622463,0.0629022439147092,2026-01-01 00:51:59
0,0.0120249248798076,0.2144566153846153,0.3909452307692307,0.0694969988554723,0.0684487693939965,2026-01-01 00:52:00
0,0.0120595582932692,0.2144566153846153,0.3909452307692307,0.0674584771213973,0.0663717800673549,2026-01-01 00:52:01
0,0.0119185799278846,0.218628923076923,0.4222375384615384,0.0638090362095834,0.0626860475265314,2026-01-01 00:52:02
0,0.0144390775240384,0.218628923076923,0.4222375384615384,0.0655788982421834,0.0639695625662194,2026-01-01 00:52:03
0,0.0137684116586538,0.2086153846153846,0.4149359999999999,0.0686282308946735,0.0672329154219156,2026-01-01 00:52:04
0,0.010437899639423,0.2086153846153846,0.4149359999999999,0.0692271148043417,0.0684356900692236,2026-01-01 00:52:05
0,0.0097110054086538,0.2063206153846153,0.3890676923076923,0.0645470408018716,0.0638123565638471,2026-01-01 00:52:06
0,0.0102245985576923,0.2063206153846153,0.4051310769230769,0.0660667016049133,0.0652707181306188,2026-01-01 00:52:07
0,0.0124511195913461,0.2837169230769231,0.4781464615384615,0.0685608649326511,0.0674207818201126,2026-01-01 00:52:08
0,0.012795009014423,0.2837169230769231,0.5165316923076924,0.0661622849396208,0.0649132936520125,2026-01-01 00:52:09
0,0.0111819068509615,0.2328147692307692,0.4001243076923076,0.0616682157559872,0.0606459709601834,2026-01-01 00:52:10
0,0.0115139801682692,0.1739852307692307,0.3431723076923076,0.0590640109426627,0.0579308695715823,2026-01-01 00:52:11
0,0.0117427644230769,0.2150824615384615,0.3890676923076923,0.0609966516721209,0.0598556513531861,2026-01-01 00:52:12
0,0.0095710456730769,0.2150824615384615,0.4216116923076923,0.0659601239652496,0.0652620336660984,2026-01-01 00:52:13
0,0.0118955588942307,0.2065292307692307,0.3857298461538462,0.0639918639970297,0.0628765006692344,2026-01-01 00:52:14
0,0.0137451868990384,0.1852504615384615,0.3673716923076923,0.0635104656038151,0.0620052342816627,2026-01-01 00:52:15
0,0.0127996947115384,0.2275993846153846,0.4128498461538461,0.0680672363251552,0.066852946653352,2026-01-01 00:52:16
0,0.0127522265625,0.2718258461538461,0.4566590769230769,0.0712055510249647,0.0700543447222763,2026-01-01 00:52:17
0,0.0113186069711538,0.2718258461538461,0.4566590769230769,0.0675890039978734,0.0666345450772878,2026-01-01 00:52:18
0,0.0118452385817307,0.2271821538461538,0.4032535384615384,0.063726464481882,0.062615913299276,2026-01-01 00:52:19
0,0.0139727487980769,0.2271821538461538,0.3882332307692308,0.0680730678598578,0.0666236058681804,2026-01-01 00:52:20
0,0.0130893930288461,0.1892141538461538,0.3629907692307692,0.0654396533335028,0.0641172053238864,2026-01-01 00:52:21
0,0.0139012409855769,0.1896313846153846,0.3634079999999999,0.0649281030109475,0.0634225043628926,2026-01-01 00:52:22
0,0.0157408864182692,0.2056947692307692,0.4013759999999999,0.0682446606621636,0.0664045043928573,2026-01-01 00:52:23
0,0.0123203275240384,0.2056947692307692,0.4013759999999999,0.0659245216528226,0.0647630456730834,2026-01-01 00:52:24
0,0.0115292596153846,0.2002707692307692,0.3907366153846153,0.0658728104254583,0.0648560199678444,2026-01-01 00:52:25
0,0.0133301971153846,0.2002707692307692,0.3907366153846153,0.0681199043111389,0.0668028982022765,2026-01-01 00:52:26
0,0.0123610727163461,0.1789919999999999,0.3510996923076923,0.0644074961840111,0.0632102004900682,2026-01-01 00:52:27
0,0.0131932932692307,0.2033999999999999,0.3884418461538461,0.0650430315489667,0.0636909174513285,2026-01-01 00:52:28
0,0.0152625378605769,0.210492923076923,0.4030449230769231,0.0698333941446617,0.0681451236393194,2026-01-01 00:52:29
0,0.0124884014423076,0.210492923076923,0.4030449230769231,0.0668059132909307,0.0656282704331839,2026-01-01 00:52:30
0,0.0094202884615384,0.1927606153846154,0.3826006153846154,0.0629088697396901,0.0621995502976243,2026-01-01 00:52:31
0,0.0121229170673076,0.2071550769230769,0.3692492307692308,0.0660713157978417,0.0649496239637868,2026-01-01 00:52:32
0,0.0130119771634615,0.2340664615384615,0.4412215384615384,0.0680770740969315,0.0668219759352914,2026-01-01 00:52:33
0,0.0119697151442307,0.2340664615384615,0.4195255384615385,0.0643476900920916,0.0632246086548097,2026-01-01 00:52:34
0,0.013708719951923,0.1854590769230769,0.3502652307692308,0.0619989080781817,0.0604643332896888,2026-01-01 00:52:35
0,0.0123278653846153,0.1992276923076923,0.3765507692307692,0.0662685999810262,0.0651118351646155,2026-01-01 00:52:36
0,0.0097529729567307,0.1992276923076923,0.3934486153846154,0.0653332585276319,0.0646011933972095,2026-01-01 00:52:37
0,0.0110778028846153,0.2157083076923077,0.4251581538461538,0.0627641060927151,0.0617787608880852,2026-01-01 00:52:38
0,0.0114473617788461,0.2157083076923077,0.4251581538461538,0.0675668185970957,0.0665900359185745,2026-01-01 00:52:39
0,0.0123889831730769,0.2011052307692307,0.3907366153846153,0.0678001291307941,0.0666586123924702,2026-01-01 00:52:40
0,0.0153038942307692,0.2071550769230769,0.4047138461538461,0.0647669260595457,0.0629328652817912,2026-01-01 00:52:41
0,0.0138221953125,0.2071550769230769,0.4130584615384615,0.0668802057380119,0.0654362960160636,2026-01-01 00:52:42
0,0.0118240510817307,0.2059033846153846,0.405756923076923,0.0655158726398644,0.06444006039553,2026-01-01 00:52:43
0,0.0133316231971153,0.233232,0.4103464615384615,0.0662189333852997,0.06486304773611,2026-01-01 00:52:44
0,0.0137282776442307,0.233232,0.4650036923076923,0.0690578087395394,0.0676795045846947,2026-01-01 00:52:45
0,0.0132615414663461,0.2336492307692307,0.465420923076923,0.0708436660856669,0.069591353934191,2026-01-01 00:52:46
0,0.015700344951923,0.2336492307692307,0.4414301538461538,0.0717060739526379,0.0699661361666614,2026-01-01 00:52:47
0,0.0136846802884615,0.2081981538461538,0.4159790769230769,0.0670252587542484,0.0656133739147481,2026-01-01 00:52:48
0,0.011876001201923,0.2202978461538461,0.4065913846153846,0.0680735835582625,0.0670296454855288,2026-01-01 00:52:49
0,0.0125945426682692,0.2202978461538461,0.4065913846153846,0.0651365075550346,0.0639072931005862,2026-01-01 00:52:50
0,0.0137455943509615,0.168144,0.3248141538461538,0.0606536880961399,0.0590756169295137,2026-01-01 00:52:51
0,0.0148901268028846,0.3056215384615384,0.5640959999999999,0.0689128476510072,0.0672849514762769,2026-01-01 00:52:52
0,0.016049938701923,0.3056215384615384,0.5640959999999999,0.0689989064923963,0.0671062483291307,2026-01-01 00:52:53
0,0.0151606748798076,0.1835815384615384,0.3490135384615385,0.0645640026278938,0.0627587792465999,2026-01-01 00:52:54
0,0.0150076766826923,0.1967243076923076,0.362364923076923,0.0683973502625872,0.0667305564455356,2026-01-01 00:52:55
0,0.0131388984375,0.196932923076923,0.3709181538461538,0.0679249872662007,0.0666421281395079,2026-01-01 00:52:56
0,0.0135117169471153,0.196932923076923,0.3709181538461538,0.0626173031673537,0.0611421308190459,2026-01-01 00:52:57
0,0.015642079326923,0.1668923076923076,0.3195987692307692,0.0601674659261843,0.0580986171118452,2026-01-01 00:52:58
0,0.0140984477163461,0.2154996923076923,0.3980381538461538,0.0664459825406512,0.0649330606685222,2026-01-01 00:52:59
0,0.0140552578125,0.2154996923076923,0.3980381538461538,0.0681330976948876,0.0666675987967563,2026-01-01 00:53:00
0,0.0144914350961538,0.1927606153846154,0.3748818461538461,0.0630507618704702,0.0613628298019306,2026-01-01 00:53:01
0,0.0146476929086538,0.2044430769230769,0.3955347692307692,0.0648396625973184,0.0631634937142323,2026-01-01 00:53:02
0,0.0125368882211538,0.2044430769230769,0.3955347692307692,0.0640027292770838,0.0627628535731604,2026-01-01 00:53:03
0,0.0132234447115384,0.2346923076923076,0.4109723076923076,0.0655065802776227,0.0641580280996036,2026-01-01 00:53:04
0,0.014140415264423,0.2346923076923076,0.4145187692307692,0.066250052864568,0.0647233973205032,2026-01-01 00:53:05
0,0.0136779573317307,0.1798264615384615,0.3584012307692307,0.0609853877642347,0.0594317339809753,2026-01-01 00:53:06
0,0.0158396935096153,0.1931778461538461,0.371544,0.0637141222899116,0.0617138030645921,2026-01-01 00:53:07
0,0.0152091616586538,0.2209236923076923,0.413892923076923,0.0681516359193642,0.0664328749951897,2026-01-01 00:53:08
0,0.0141603804086538,0.2315630769230769,0.4245323076923077,0.0683145632128187,0.0668308549521882,2026-01-01 00:53:09
0,0.0172792211538461,0.2315630769230769,0.4161876923076923,0.0695556971314468,0.0673752441165005,2026-01-01 00:53:10
0,0.0178520985576923,0.2140393846153846,0.398664,0.0688272418905989,0.0664717368763104,2026-01-01 00:53:11
0,0.0184537013221153,0.2127876923076923,0.4251581538461538,0.0669748904802655,0.0643824266578833,2026-01-01 00:53:12
0,0.0197720120192307,0.2140393846153846,0.4264098461538461,0.0718998268343938,0.0691277993250705,2026-01-01 00:53:13
0,0.0162104747596153,0.2221753846153846,0.4364233846153846,0.0728599958021492,0.0710337912289431,2026-01-01 00:53:14
0,0.0158419344951923,0.226764923076923,0.4410129230769231,0.0695282441006268,0.0676994079676209,2026-01-01 00:53:15
0,0.0186462223557692,0.226764923076923,0.4036707692307692,0.0659865009588768,0.0632972092643512,2026-01-01 00:53:16
0,0.0169092548076923,0.1777403076923077,0.3433809230769231,0.0625250426867982,0.0601951664574032,2026-01-01 00:53:17
0,0.0182463082932692,0.1994363076923077,0.370500923076923,0.0668635734178356,0.0643258088473768,2026-01-01 00:53:18
0,0.0183826009615384,0.2002707692307692,0.3969950769230769,0.0706998154508379,0.0682681762365993,2026-01-01 00:53:19
0,0.0173277079326923,0.2002707692307692,0.3969950769230769,0.0684414728836308,0.066211673806664,2026-01-01 00:53:20
0,0.0164357956730769,0.1860849230769231,0.3604873846153846,0.0658681365152406,0.063784606517429,2026-01-01 00:53:21
0,0.0155514212740384,0.1902572307692307,0.3763421538461539,0.0649712514068523,0.063082618887692,2026-01-01 00:53:22
0,0.0154134987980769,0.2027741538461538,0.3930313846153845,0.06601629501887,0.0641917071187561,2026-01-01 00:53:23
0,0.0157307001201923,0.2146652307692307,0.3915710769230769,0.0671934724510825,0.065326164848114,2026-01-01 00:53:24
0,0.0168135036057692,0.2146652307692307,0.4074258461538461,0.0664790137298871,0.0643176909022494,2026-01-01 00:53:25
0,0.0148196376201923,0.1927606153846154,0.3794713846153846,0.0629664030451373,0.0611976000611858,2026-01-01 00:53:26
0,0.0141587506009615,0.1867107692307692,0.3408775384615384,0.0623387052963646,0.0607095046878721,2026-01-01 00:53:27
0,0.0143384368990384,0.2263476923076922,0.4107636923076923,0.0674458515456442,0.0659041130583621,2026-01-01 00:53:28
0,0.0142925985576923,0.2263476923076922,0.4107636923076923,0.0648758288120946,0.0632818677863166,2026-01-01 00:53:29
0,0.0173242445913461,0.2196719999999999,0.4199427692307692,0.0625147945236599,0.0600663806440395,2026-01-01 00:53:30
0,0.0167055288461538,0.2196719999999999,0.4199427692307692,0.0663668156295018,0.0642298958645475,2026-01-01 00:53:31
0,0.0141597692307692,0.2202978461538461,0.4132670769230769,0.0640332412806798,0.0624480337900331,2026-01-01 00:53:32
0,0.0147016802884615,0.2202978461538461,0.4022104615384615,0.0617553245524677,0.0599798358390257,2026-01-01 00:53:33
0,0.0120206466346153,0.1963070769230769,0.3767593846153846,0.062303533666881,0.061132923714361,2026-01-01 00:53:34
0,0.0103498900240384,0.215916923076923,0.4272443076923076,0.0707759654192613,0.0700151202064153,2026-01-01 00:53:35
0,0.0141110787259615,0.215916923076923,0.4272443076923076,0.0704075531702685,0.0689789895592411,2026-01-01 00:53:36
0,0.013449173076923,0.2036086153846153,0.3884418461538461,0.0648802479884738,0.0634709880385741,2026-01-01 00:53:37
0,0.0108679651442307,0.2230098461538461,0.4082603076923077,0.0706439596574563,0.0698029825273111,2026-01-01 00:53:38
0,0.0093261670673076,0.2230098461538461,0.4082603076923077,0.066790063611364,0.0661357331935068,2026-01-01 00:53:39
0,0.009804923076923,0.214248,0.4042966153846153,0.0654520113708086,0.0647134396855868,2026-01-01 00:53:40
0,0.0113919483173076,0.2173772307692307,0.4316252307692307,0.0700458555081374,0.0691132793853876,2026-01-01 00:53:41
0,0.0119558617788461,0.2173772307692307,0.400332923076923,0.0638362590909977,0.0627066610804475,2026-01-01 00:53:42
0,0.0119418046875,0.196932923076923,0.3830178461538461,0.0621403689898514,0.0609821183544856,2026-01-01 00:53:43
0,0.0120404080528846,0.196932923076923,0.3830178461538461,0.0636579945055204,0.0625089500662497,2026-01-01 00:53:44
0,0.0127514116586538,0.1913003076923077,0.3483876923076923,0.0601664455690223,0.0587996825937154,2026-01-01 00:53:45
0,0.0101349591346153,0.1702301538461538,0.3273175384615384,0.0609931914359052,0.0601452575426912,2026-01-01 00:53:46
0,0.0105057403846153,0.1827470769230769,0.3523513846153846,0.0625612715057756,0.0616728636548558,2026-01-01 00:53:47
0,0.0141644549278846,0.1827470769230769,0.3604873846153846,0.0625529052147941,0.0609281065470357,2026-01-01 00:53:48
0,0.0132680606971153,0.1777403076923077,0.3404603076923077,0.061736987684662,0.0602943962049025,2026-01-01 00:53:49
0,0.0135573515625,0.1956812307692307,0.3832264615384615,0.0645846524612546,0.0631456693063889,2026-01-01 00:53:50
0,0.0145918719951923,0.2086153846153846,0.4030449230769231,0.0731887808931793,0.0717194180142709,2026-01-01 00:53:51
0,0.009794329326923,0.2086153846153846,0.4030449230769231,0.0692308366345345,0.0685345157869622,2026-01-01 00:53:52
0,0.0121693665865384,0.2292683076923077,0.4026276923076923,0.0610591842938062,0.0598341917594567,2026-01-01 00:53:53
0,0.0137009783653846,0.2292683076923077,0.3876073846153846,0.0636114823397071,0.0621184664756475,2026-01-01 00:53:54
0,0.0134689344951923,0.2188375384615384,0.4307907692307692,0.065330057256967,0.0639265530492831,2026-01-01 00:53:55
0,0.0149972866586538,0.2188375384615384,0.423072,0.0678471862585057,0.0661688905458942,2026-01-01 00:53:56
0,0.0128958533653846,0.2292683076923077,0.4335027692307692,0.0694225167894513,0.0682142419393498,2026-01-01 00:53:57
0,0.0112002421875,0.2292683076923077,0.4151446153846154,0.0645008247961317,0.0635209490980938,2026-01-01 00:53:58
0,0.0133363088942307,0.1848332307692307,0.336288,0.0630241434550666,0.0615969603415824,2026-01-01 00:53:59
0,0.012943321514423,0.1902572307692307,0.3671630769230769,0.0656638078520244,0.0643755084624724,2026-01-01 00:54:00
0,0.0116924441105769,0.1946381538461538,0.3848953846153846,0.0651313135947641,0.0640731984631682,2026-01-01 00:54:01
0,0.0138859615384615,0.1946381538461538,0.3667458461538461,0.0635415360458307,0.0620057003445326,2026-01-01 00:54:02
0,0.013449173076923,0.2202978461538461,0.411180923076923,0.0648738785402436,0.0634644771537689,2026-01-01 00:54:03
0,0.0116940739182692,0.2202978461538461,0.4282873846153846,0.0687041453367375,0.0677016116620986,2026-01-01 00:54:04
0,0.0113937818509615,0.2079895384615384,0.3836436923076923,0.0665723407809067,0.065590077696111,2026-01-01 00:54:05
0,0.0125334248798076,0.187128,0.3627821538461538,0.0652810167695222,0.0640665623492073,2026-01-01 00:54:06
0,0.0115414831730769,0.1748196923076923,0.3463015384615384,0.0669935699833878,0.0659919130294361,2026-01-01 00:54:07
0,0.0131861628605769,0.2048603076923076,0.3763421538461537,0.0643391465448597,0.0629734141295775,2026-01-01 00:54:08
0,0.0137268515625,0.2071550769230769,0.4120153846153845,0.0634030700172363,0.0618992959070752,2026-01-01 00:54:09
0,0.0120220727163461,0.2071550769230769,0.3907366153846153,0.0657127172436227,0.0646036452156006,2026-01-01 00:54:10
0,0.0127852301682692,0.1835815384615384,0.3548547692307692,0.0652801326550292,0.0640158855988307,2026-01-01 00:54:11
0,0.0110427620192307,0.1731507692307692,0.3369138461538461,0.0609316255012036,0.059922620046236,2026-01-01 00:54:12
0,0.0115109242788461,0.2019396923076923,0.3713353846153846,0.0616547811820803,0.0605707079771805,2026-01-01 00:54:13
0,0.0135467578124999,0.2396990769230769,0.4090947692307692,0.0706565313615223,0.0693457336597664,2026-01-01 00:54:14
0,0.0144007770432692,0.2396990769230769,0.3988726153846154,0.0677185500173442,0.0661696277532343,2026-01-01 00:54:15
0,0.0138898323317307,0.2071550769230769,0.3675803076923076,0.0617160888336717,0.0601327546244313,2026-01-01 00:54:16
0,0.0126792926682692,0.2071550769230769,0.3992898461538461,0.0670488730414157,0.0658390986690755,2026-01-01 00:54:17
0,0.0101351628605769,0.1921347692307692,0.3773852307692307,0.065201002136574,0.0644084556048592,2026-01-01 00:54:18
0,0.011807141826923,0.2388646153846153,0.4257839999999999,0.0677100620952969,0.0666726623949268,2026-01-01 00:54:19
0,0.0142300546875,0.2388646153846153,0.412224,0.0691389645062726,0.0676587167820258,2026-01-01 00:54:20
0,0.0134552848557692,0.2670276923076923,0.531552,0.0686711032345731,0.0673400009571095,2026-01-01 00:54:21
0,0.013337938701923,0.2670276923076923,0.531552,0.0711486690937253,0.0698872842868584,2026-01-01 00:54:22
0,0.0126715510817307,0.2396990769230769,0.4203599999999999,0.0673506652830424,0.0661478942011875,2026-01-01 00:54:23
0,0.0119493425480769,0.2419938461538461,0.446436923076923,0.067435201643633,0.0663680618474441,2026-01-01 00:54:24
0,0.0112776580528846,0.2419938461538461,0.4053396923076923,0.0653660486960206,0.0643858272523756,2026-01-01 00:54:25
0,0.0124735294471153,0.2298941538461538,0.4362147692307692,0.0658658307307154,0.064673941591488,2026-01-01 00:54:26
0,0.0130639272836538,0.2298941538461538,0.4143101538461538,0.071446397465041,0.0702418786384591,2026-01-01 00:54:27
0,0.013263375,0.2086153846153846,0.3763421538461539,0.0676977351868181,0.0663857381749569,2026-01-01 00:54:28
0,0.0113730018028846,0.1641803076923076,0.3258572307692308,0.0621594322996436,0.0611101452608776,2026-01-01 00:54:29
0,0.0102245985576923,0.1998535384615384,0.3723784615384615,0.0683494354470339,0.0675803441117481,2026-01-01 00:54:30
0,0.0129258010817307,0.2192547692307692,0.3949089230769231,0.0704799881684578,0.0692845754740655,2026-01-01 00:54:31
0,0.0124588611778846,0.2192547692307692,0.4068,0.0689308685059626,0.0677955854841339,2026-01-01 00:54:32
0,0.0115587998798076,0.2280166153846153,0.4476886153846153,0.0715567664031248,0.070617030264731,2026-01-01 00:54:33
0,0.0146586941105769,0.2280166153846153,0.4476886153846153,0.0687514562612281,0.0671705696344173,2026-01-01 00:54:34
0,0.0136753088942307,0.1944295384615384,0.3790541538461538,0.0623206948853299,0.060801767553565,2026-01-01 00:54:35
0,0.0118980036057692,0.1746110769230769,0.3460929230769231,0.0619831738128339,0.0608305132816507,2026-01-01 00:54:36
0,0.0142284248798076,0.1758627692307692,0.3504738461538461,0.0639027806216144,0.0622986139220918,2026-01-01 00:54:37
0,0.0156274110576923,0.1758627692307692,0.3483876923076923,0.0605763850078301,0.0585259125879364,2026-01-01 00:54:38
0,0.0141253395432692,0.1927606153846154,0.3663286153846153,0.0609390796749006,0.0592793911440666,2026-01-01 00:54:39
0,0.015101798076923,0.1927606153846154,0.3663286153846153,0.0644502496126404,0.0626559683507924,2026-01-01 00:54:40
0,0.0144350030048076,0.1835815384615384,0.3546461538461538,0.0633908401830835,0.0617254348495693,2026-01-01 00:54:41
0,0.0131696610576923,0.1956812307692307,0.3792627692307692,0.0669986462179477,0.0656915414849067,2026-01-01 00:54:42
0,0.0133974266826923,0.1956812307692307,0.3550633846153845,0.0701824305686099,0.0688918175025135,2026-01-01 00:54:43
0,0.0133420132211538,0.1935950769230769,0.3581926153846154,0.0676528196864285,0.0663241637318629,2026-01-01 00:54:44
0,0.0131281009615384,0.2574313846153846,0.4560332307692307,0.0654418757443587,0.0641115595355762,2026-01-01 00:54:45
0,0.0153794765625,0.2574313846153846,0.4687587692307692,0.0682924641573942,0.0665382022702183,2026-01-01 00:54:46
0,0.0149732469951923,0.2751636923076923,0.4672984615384615,0.073578449197307,0.0720388094064696,2026-01-01 00:54:47
0,0.0134076129807692,0.2751636923076923,0.4625003076923076,0.072181871044103,0.0709257246814258,2026-01-01 00:54:48
0,0.0160203984375,0.2228012307692307,0.4101378461538462,0.0682656116121484,0.0663591784358761,2026-01-01 00:54:49
0,0.0133354939903846,0.306456,0.5255021538461538,0.0661695647886122,0.0648118500302742,2026-01-01 00:54:50
0,0.0133719609375,0.306456,0.5173661538461538,0.0640292292780334,0.062617352727698,2026-01-01 00:54:51
0,0.0165370474759615,0.1981846153846153,0.3640338461538461,0.0629189659044048,0.0607068557187526,2026-01-01 00:54:52
0,0.014627727764423,0.1902572307692307,0.3757163076923077,0.0651664339242146,0.0635034935326314,2026-01-01 00:54:53
0,0.013518032451923,0.1902572307692307,0.3757163076923077,0.0636268232936399,0.0621742345434895,2026-01-01 00:54:54
0,0.0138191394230769,0.1846246153846154,0.36612,0.063589489902911,0.0620697560146484,2026-01-01 00:54:55
0,0.0142756893028846,0.206112,0.3919883076923077,0.0670567338549751,0.0655195409799585,2026-01-01 00:54:56
0,0.0137985631009615,0.206112,0.3919883076923077,0.0617929596599891,0.0602326283661092,2026-01-01 00:54:57
0,0.014789282451923,0.2163341538461538,0.4143101538461538,0.0647413762783103,0.0630295401138783,2026-01-01 00:54:58
0,0.0155607926682692,0.2163341538461538,0.4305821538461538,0.0696334285030375,0.0678724988240656,2026-01-01 00:54:59
0,0.0154625967548076,0.214248,0.4163963076923077,0.0661770583393078,0.0643452496462821,2026-01-01 00:55:00
0,0.0146285426682692,0.1810781538461538,0.3544375384615384,0.0642850226144727,0.0625984813868986,2026-01-01 00:55:01
0,0.013110173076923,0.1766972307692307,0.3454670769230769,0.0656686836680902,0.0643467122438499,2026-01-01 00:55:02
0,0.0154185919471153,0.2351095384615384,0.4422646153846153,0.0705806942147665,0.0688759857875496,2026-01-01 00:55:03
0,0.0168442662259615,0.2351095384615384,0.4422646153846153,0.0685632297819683,0.0664619227335766,2026-01-01 00:55:04
0,0.015401071514423,0.2307286153846153,0.4047138461538461,0.0635010086200326,0.0616050735895112,2026-01-01 00:55:05
0,0.0163728443509615,0.2307286153846153,0.4178566153846154,0.0659056600643422,0.0638395331779284,2026-01-01 00:55:06
0,0.0153000234375,0.187128,0.371544,0.063203220111318,0.061323374949946,2026-01-01 00:55:07
0,0.0131450102163461,0.2232184615384615,0.4387181538461538,0.0645343948764868,0.0631814595311511,2026-01-01 00:55:08
0,0.0164628912259615,0.2232184615384615,0.4387181538461538,0.0706230628257994,0.0686774359988706,2026-01-01 00:55:09
1,0.0158233072526821,1.3829726946107783,2.5581908582834334,0.2932020551824624,0.2927747736926919,2026-01-01 00:55:10
1,0.0151848293257235,1.3829726946107783,2.5581908582834334,0.2919480430035899,0.2915528781747397,2026-01-01 00:55:11
1,0.0152920618918413,1.4827078642714573,2.5781703792415174,0.2842199427389899,0.283808260439422,2026-01-01 00:55:12
1,0.0155268314152944,1.4827078642714573,2.5781703792415174,0.2853819114859083,0.2849592127121912,2026-01-01 00:55:13
1,0.015314904331961,1.181228263473054,2.3075534530938127,0.2876261502844625,0.287218133189329,2026-01-01 00:55:14
1,0.0158025269772954,1.181228263473054,2.3207106986027943,0.2853829561245443,0.2849451031120125,2026-01-01 00:55:15
1,0.0158750199990643,1.203806746506986,2.23169624750499,0.278588101485816,0.2781354239026388,2026-01-01 00:55:16
1,0.0154326063498003,1.203806746506986,2.145280758483034,0.2829123644762964,0.2824911337278054,2026-01-01 00:55:17
1,0.0151789600876372,1.2941206786427144,2.4664150099800395,0.2879532480692462,0.287552903383511,2026-01-01 00:55:18
1,0.0155726749235903,1.3279071856287423,2.500201516966068,0.2963853476427471,0.2959759552616332,2026-01-01 00:55:19
1,0.0153675688466816,1.5645751696606789,2.6848902594810378,0.2926979014185955,0.2922941999468897,2026-01-01 00:55:20
1,0.0148648765359905,1.5645751696606789,2.6584133333333333,0.2833130475551899,0.2829228134325315,2026-01-01 00:55:21
1,0.0158777166760229,1.5657122155688623,2.661012295409182,0.2935154570910325,0.2930856899688445,2026-01-01 00:55:22
1,0.0154941540356786,1.5657122155688623,2.661012295409182,0.2938103917905387,0.2934015635862027,2026-01-01 00:55:23
1,0.0136610482160678,1.3212473453093814,2.476161117764472,0.2882494665381553,0.2879255645495366,2026-01-01 00:55:24
1,0.0154714702236152,1.2146899001996008,2.3696036726546907,0.2862176144594235,0.2857991540154782,2026-01-01 00:55:25
1,0.0153975495493388,1.5558036726546904,2.641195209580838,0.2966047816208579,0.2962048479485649,2026-01-01 00:55:26
1,0.0142394061096556,1.5558036726546904,2.641195209580838,0.2970981025255492,0.2967566710925401,2026-01-01 00:55:27
1,0.0149846407185628,1.3495110578842315,2.5596527744510977,0.2878799466429679,0.2874896941138824,2026-01-01 00:55:28
1,0.014582835851734,1.3495110578842315,2.5596527744510977,0.2841487121449952,0.28377426153931,2026-01-01 00:55:29
1,0.0147492366828842,1.5845546906187624,2.733458363273453,0.2861879700449888,0.2858076524793269,2026-01-01 00:55:30
1,0.013752893860716,1.5845546906187624,2.733458363273453,0.2982803721865329,0.2979631493023801,2026-01-01 00:55:31
1,0.0143128508997629,1.4227693013972056,2.4548821157684637,0.2881874840429007,0.2878318402437407,2026-01-01 00:55:32
1,0.0137657427332834,1.5072355688622756,2.6655604790419165,0.285647991560667,0.2853161043643418,2026-01-01 00:55:33
1,0.0143291895895708,1.5072355688622756,2.6655604790419165,0.2858628797107805,0.2855035206827515,2026-01-01 00:55:34
1,0.0153085592097055,1.511134011976048,2.5601400798403198,0.2870211704536374,0.286612631095524,2026-01-01 00:55:35
1,0.0140111403365144,1.511134011976048,2.5601400798403198,0.2901411504441622,0.289802648586124,2026-01-01 00:55:36
1,0.0145003492624126,1.3893076646706586,2.601723473053892,0.2954850161848508,0.2951290135873286,2026-01-01 00:55:37
1,0.0148777254085578,1.3893076646706586,2.601723473053892,0.2946193108402335,0.2942434223676745,2026-01-01 00:55:38
1,0.0143839162690244,1.4927788423153694,2.540647864271457,0.2871010268905652,0.2867404795182967,2026-01-01 00:55:39
1,0.0136259914156062,1.4927788423153694,2.540647864271457,0.2855349231726052,0.2852096153868719,2026-01-01 00:55:40
1,0.0141968937905439,1.3605566467065868,2.45390750499002,0.2862076757410597,0.2858553512876742,2026-01-01 00:55:41
1,0.0144165936486402,1.3605566467065868,2.45390750499002,0.2913121447001473,0.2909551984023821,2026-01-01 00:55:42
1,0.0138453740175898,1.3608815169660675,2.4227199600798404,0.2891571415923032,0.2888254804412941,2026-01-01 00:55:43
1,0.0141564436361651,1.3608815169660675,2.4227199600798404,0.2885800087468645,0.2882325737176776,2026-01-01 00:55:44
1,0.0148628143712574,1.4284545309381238,2.5172572055888223,0.2866306777548857,0.2862450736330508,2026-01-01 00:55:45
1,0.0143966065135354,1.4284545309381238,2.5172572055888223,0.2948860823141013,0.2945344449524594,2026-01-01 00:55:46
1,0.0143531424260853,1.1813906986027944,2.130824031936128,0.2912059737863117,0.2908520353570361,2026-01-01 00:55:47
1,0.0146407350923153,1.4373884630738525,2.605297045908184,0.2927548713890327,0.2923885490199056,2026-01-01 00:55:48
1,0.0140734811626746,1.4373884630738525,2.631773972055888,0.2972725664653975,0.2969392461445406,2026-01-01 00:55:49
1,0.0142803321482035,1.194385508982036,2.382598483033932,0.2898198016078906,0.2894677693937169,2026-01-01 00:55:50
1,0.014200224979728,1.3126382834331338,2.3325684630738523,0.2953978419164281,0.2950563312647403,2026-01-01 00:55:51
1,0.013273995758483,1.3126382834331338,2.3325684630738523,0.285419918160785,0.2851110848766021,2026-01-01 00:55:52
1,0.014207204614209,1.3054911377245508,2.4068013173652694,0.2879424840213097,0.2875917756845841,2026-01-01 00:55:53
1,0.0149275346182634,1.3054911377245508,2.4068013173652694,0.2924693932384697,0.2920881967685432,2026-01-01 00:55:54
1,0.0137712947152569,1.224436007984032,2.152915209580838,0.2933649939491164,0.2930415859850453,2026-01-01 00:55:55
1,0.0137666945016217,1.224436007984032,2.1842651896207586,0.2906649175919131,0.2903387201893896,2026-01-01 00:55:56
1,0.0148314060160928,1.5044741716566867,2.7399557684630738,0.2961284174379125,0.2957567733964319,2026-01-01 00:55:57
1,0.0145051081041042,1.5044741716566867,2.7399557684630738,0.2949792811095741,0.2946224331628694,2026-01-01 00:55:58
1,0.0140921992733283,1.4734490618762477,2.5939265868263472,0.2891218145700779,0.2887781736557237,2026-01-01 00:55:59
1,0.0152911101235029,1.4734490618762477,2.5939265868263472,0.2987152597728122,0.2983236302613817,2026-01-01 00:56:00
1,0.0148599590662425,1.3173489021956089,2.327370538922156,0.2901693810837179,0.289788632170169,2026-01-01 00:56:01
1,0.0130568339492889,1.3173489021956089,2.327370538922156,0.2951620570918655,0.2948731236208589,2026-01-01 00:56:02
1,0.0141113932681511,1.4872560479041916,2.6684843113772456,0.2965093335448855,0.2961733503529035,2026-01-01 00:56:03
1,0.0150749000826472,1.4872560479041916,2.6684843113772456,0.2883215478938256,0.2879271824044923,2026-01-01 00:56:04
1,0.0145243020989271,1.2314207185628745,2.313563552894212,0.2912152859831661,0.2908528621808566,2026-01-01 00:56:05
1,0.0144887694142964,1.2314207185628745,2.262883792415169,0.3049005384862206,0.3045560932407143,2026-01-01 00:56:06
1,0.0153759761336701,1.3729017165668662,2.38194874251497,0.301960138393805,0.3015684077232605,2026-01-01 00:56:07
1,0.0148072945515219,1.3729017165668662,2.524079481037924,0.2896799461948987,0.2893012534634855,2026-01-01 00:56:08
1,0.014113772688997,1.2098168463073853,2.360994610778443,0.3034756850051042,0.3031473120609856,2026-01-01 00:56:09
1,0.0152549429266467,1.297369381237525,2.403390179640719,0.3025669045061123,0.3021820948016537,2026-01-01 00:56:10
1,0.0145090738055139,1.407662834331337,2.5222926946107784,0.2937421795951845,0.293383630849841,2026-01-01 00:56:11
1,0.0137229131580588,1.407662834331337,2.5222926946107784,0.2867069777058552,0.2863783733449195,2026-01-01 00:56:12
1,0.0150906042602295,1.400028383233533,2.4706383233532936,0.2911357888227967,0.2907444259079324,2026-01-01 00:56:13
1,0.0141396290621881,1.6389704590818364,2.798757285429142,0.3009966169012179,0.3006643215879833,2026-01-01 00:56:14
1,0.0140836333582834,1.6389704590818364,2.798757285429142,0.2990459417235132,0.2987141217497631,2026-01-01 00:56:15
1,0.0158629642667789,1.3162118562874252,2.4527704590818367,0.2879757498845877,0.2875385172220611,2026-01-01 00:56:16
1,0.0156261325785928,1.5653873453093812,2.703570299401197,0.2885692826771538,0.2881458916685145,2026-01-01 00:56:17
1,0.014888036232223,1.5653873453093812,2.703570299401197,0.292567766143221,0.2921887132713761,2026-01-01 00:56:18
1,0.0146266171952969,1.4875809181636723,2.525541397205589,0.2831097055116107,0.2827316173056935,2026-01-01 00:56:19
1,0.014227667633483,1.4430736926147705,2.5310641916167667,0.2914952966491285,0.2911478686892187,2026-01-01 00:56:20
1,0.0131504245025573,1.4430736926147705,2.5310641916167667,0.2888768889794867,0.2885774130486813,2026-01-01 00:56:21
1,0.0144921006034805,1.6258132135728545,2.800868942115769,0.2927713498970348,0.2924124524377007,2026-01-01 00:56:22
1,0.0143318862665294,1.6258132135728545,2.800868942115769,0.2929664281373909,0.292615660981473,2026-01-01 00:56:23
1,0.0144012067271706,1.4585050299401197,2.6044848702594807,0.2895063844035624,0.2891479757066,2026-01-01 00:56:24
1,0.0156542097445733,1.285836487025948,2.3717153293413173,0.2877560225403416,0.2873299048576575,2026-01-01 00:56:25
1,0.0147968250998003,1.18626375249501,2.2984570858283435,0.2892572304399213,0.2888785200196436,2026-01-01 00:56:26
1,0.0146386729275823,1.2656945309381236,2.377887864271457,0.2945008981193559,0.2941368529239859,2026-01-01 00:56:27
1,0.0146737297280439,1.601935249500998,2.687164351297405,0.2917605636319214,0.2913913316258477,2026-01-01 00:56:28
1,0.014774141287737,1.601935249500998,2.687164351297405,0.2995660514403173,0.2992015105656267,2026-01-01 00:56:29
1,0.0144338841067864,1.2205375648702594,2.2649954491017965,0.2918025412176795,0.2914453397306044,2026-01-01 00:56:30
1,0.013499723482722,1.1844769660678645,2.241929660678643,0.2903873064972881,0.2900733445882955,2026-01-01 00:56:31
1,0.0149617982784431,1.7026450299401197,2.997253013972056,0.2977651101533898,0.2973889799857008,2026-01-01 00:56:32
1,0.0152194102420159,1.7026450299401197,2.997253013972056,0.2859797212749348,0.2855744570727127,2026-01-01 00:56:33
1,0.0135343043990144,1.3413893013972056,2.430191976047904,0.2801447604388742,0.2798176359806312,2026-01-01 00:56:34
1,0.014349335352732,1.3413893013972056,2.430191976047904,0.2930386615247671,0.2926871259949126,2026-01-01 00:56:35
1,0.0147189387241142,1.6513155289421158,2.7399557684630738,0.2948229120040153,0.294455263640104,2026-01-01 00:56:36
1,0.0138797963058258,1.6513155289421158,2.753600319361277,0.2848130983055831,0.2844746952207428,2026-01-01 00:56:37
1,0.0143789987992764,1.3290442315369262,2.431329021956088,0.2935075214124353,0.2931550946499167,2026-01-01 00:56:38
1,0.0150071659025698,1.3290442315369262,2.412324111776447,0.294041825200214,0.2936586112114643,2026-01-01 00:56:39
1,0.0140436590880738,1.61509249500998,2.623652215568862,0.2942710092809146,0.2939357115809954,2026-01-01 00:56:40
1,0.0132107031639845,1.61509249500998,2.651753493013972,0.2913556578778135,0.2910560026856114,2026-01-01 00:56:41
1,0.0137652668491142,1.2120909381237523,2.2656451896207583,0.2886310005313751,0.2883025700480578,2026-01-01 00:56:42
1,0.0135239935753493,1.262608263473054,2.31616251497006,0.2923372828649866,0.2920242944528026,2026-01-01 00:56:43
1,0.0137866816367265,1.6638230339321358,2.765133213572854,0.2981016751722749,0.2977826995477811,2026-01-01 00:56:44
1,0.0143688466036676,1.6638230339321358,2.765133213572854,0.2949622469320584,0.294612055697809,2026-01-01 00:56:45
1,0.0142839805935004,1.3347294610778444,2.407288622754491,0.2881016686695657,0.2877473533998058,2026-01-01 00:56:46
1,0.014105206773952,1.4089623153692614,2.510434930139721,0.2982668016239438,0.2979330933160013,2026-01-01 00:56:47
1,0.0140668187843063,1.4089623153692614,2.510434930139721,0.2930572968611037,0.2927194968785416,2026-01-01 00:56:48
1,0.0135745959253368,1.294770419161677,2.373177245508982,0.2966490333785098,0.2963382853258554,2026-01-01 00:56:49
1,0.0137179956883108,1.200070738522954,2.2784775648702595,0.2971434040795985,0.2968265809901584,2026-01-01 00:56:50
1,0.0144067587091442,1.1820404391217565,2.325258882235529,0.2878757254992974,0.2875150059305484,2026-01-01 00:56:51
1,0.0135877620540169,1.5579153293413173,2.7011337724550897,0.2901938326512518,0.28987554783249,2026-01-01 00:56:52
1,0.0138104758451846,1.5579153293413173,2.6618244710578844,0.2976379440546158,0.2973173666269567,2026-01-01 00:56:53
1,0.0145576139907684,1.366241876247505,2.470151017964072,0.2912121435940831,0.2908480504517035,2026-01-01 00:56:54
1,0.0144124693191741,1.366241876247505,2.470475888223553,0.2835407486286428,0.2831742164481348,2026-01-01 00:56:55
1,0.0142216397673403,1.3969421157684632,2.501176127744511,0.2906804065873383,0.2903322988165601,2026-01-01 00:56:56
1,0.0143954961171407,1.5907272255489022,2.8106150499002,0.2915529658593734,0.2911973584923776,2026-01-01 00:56:57
1,0.0142554275433507,1.5907272255489022,2.8106150499002,0.2854145054343731,0.2850582794761521,2026-01-01 00:56:58
1,0.0133970911302395,1.3789118163672651,2.469013972055888,0.2759936030961242,0.2756682551532348,2026-01-01 00:56:59
1,0.0131210783121257,1.3985664670658684,2.486556966067864,0.2896639276211627,0.2893665983987185,2026-01-01 00:57:00
1,0.0145277919161676,1.3985664670658684,2.486556966067864,0.3006525021727582,0.3003012992392488,2026-01-01 00:57:01
1,0.0141132968048278,1.178466866267465,2.2331581636726545,0.2923891300749019,0.2920483149056962,2026-01-01 00:57:02
1,0.013740996756487,1.1854515768463072,2.2401428742514966,0.2787596771362856,0.2784208013156783,2026-01-01 00:57:03
1,0.0144085036177644,1.3136128942115768,2.3043047504990017,0.2843476032028336,0.2839823136582505,2026-01-01 00:57:04
1,0.0135040064402445,1.5332251896207585,2.7958334530938123,0.2949789588274617,0.2946696929801149,2026-01-01 00:57:05
1,0.0137053054437999,1.5332251896207585,2.7958334530938123,0.2854889105174694,0.2851597493180687,2026-01-01 00:57:06
1,0.0139100942645958,1.30208,2.437988862275449,0.293931607160633,0.2936022802458842,2026-01-01 00:57:07
1,0.013112195140968,1.30208,2.35059876247505,0.2952153356363663,0.2949239982325575,2026-01-01 00:57:08
1,0.0132473462450099,1.3504856686626747,2.4158976846307385,0.2853284788530625,0.285020786368411,2026-01-01 00:57:09
1,0.0144875003898453,1.3504856686626747,2.4158976846307385,0.2865934489480482,0.2862270380526476,2026-01-01 00:57:10
1,0.0127362466473303,1.4541192814371258,2.6325861477045907,0.2956543845446006,0.2953799301269214,2026-01-01 00:57:11
1,0.0115876208910304,1.4541192814371258,2.657926027944112,0.293593846031603,0.2933650856351423,2026-01-01 00:57:12
1,0.0139502271628617,1.3548714171656688,2.5586781636726545,0.2814499001602902,0.2811039620182217,2026-01-01 00:57:13
1,0.0131488382219935,1.3548714171656688,2.457968383233533,0.2794127164915939,0.2791031604812524,2026-01-01 00:57:14
1,0.0121742274435503,1.3763128542914171,2.417034730538922,0.290911059369627,0.2906562104096717,2026-01-01 00:57:15
1,0.0132640021909306,1.3763128542914171,2.370903153692615,0.2986392660440999,0.298344561655207,2026-01-01 00:57:16
1,0.0129949690072979,1.401652734530938,2.515307984031936,0.2873464226224128,0.287052429661199,2026-01-01 00:57:17
1,0.0123802852887974,1.401652734530938,2.515307984031936,0.2943662635102471,0.2941058068606471,2026-01-01 00:57:18
1,0.0125365339243388,1.309876886227545,2.4258062275449106,0.3012355650268432,0.3009745852297256,2026-01-01 00:57:19
1,0.0131923023094436,1.309876886227545,2.4258062275449106,0.2910212787792214,0.2907221145046754,2026-01-01 00:57:20
1,0.011734510471245,1.242303872255489,2.1949859081836327,0.2844033022381143,0.2841611155452913,2026-01-01 00:57:21
1,0.0117825747723303,1.322709261477046,2.4911051497005987,0.2848886489811966,0.2846448897311628,2026-01-01 00:57:22
1,0.0125462102357784,1.322709261477046,2.4911051497005987,0.2899435585359722,0.2896719864695625,2026-01-01 00:57:23
1,0.0120552564012599,1.2583849500998003,2.281563832335329,0.2898969718924377,0.2896462067859765,2026-01-01 00:57:24
1,0.013000362361215,1.3798864271457083,2.3553093812375248,0.2928816474703433,0.2925929766816346,2026-01-01 00:57:25
1,0.013403436252495,1.3798864271457083,2.4465979241516966,0.2915767697638962,0.2912685368565809,2026-01-01 00:57:26
1,0.0128276164078093,1.4987889421157683,2.68554,0.2991402075511452,0.2988650465193886,2026-01-01 00:57:27
1,0.0120830163111277,1.4987889421157683,2.68554,0.2941773057239311,0.2939290525276742,2026-01-01 00:57:28
1,0.0122648040637475,1.4191957285429142,2.414110898203593,0.2875395374168574,0.2872778448804888,2026-01-01 00:57:29
1,0.0115470121085953,1.4191957285429142,2.456181596806388,0.290366313954579,0.2901366277996163,2026-01-01 00:57:30
1,0.011823024926709,1.2647199201596808,2.313888423153693,0.2907296702090763,0.2904891688539535,2026-01-01 00:57:31
1,0.0118687098069486,1.2647199201596808,2.313888423153693,0.2918034852094502,0.291562013485811,2026-01-01 00:57:32
1,0.0116985019024451,1.2868110978043912,2.301868223552894,0.2903584655639452,0.2901227043474661,2026-01-01 00:57:33
1,0.0130430333083832,1.293633373253493,2.308690499001996,0.2915949450538261,0.2913030917499166,2026-01-01 00:57:34
1,0.0134372240285054,1.4380382035928143,2.540160558882236,0.2878693860371328,0.2875556023238002,2026-01-01 00:57:35
1,0.0128003323821107,1.4380382035928143,2.540160558882236,0.2959538742784732,0.2956769304348005,2026-01-01 00:57:36
1,0.0121126797576721,1.3425263473053892,2.4426994810379243,0.2971111461964017,0.2968641375835547,2026-01-01 00:57:37
1,0.012357601476734,1.5135705389221557,2.5789825548902194,0.2952549069659138,0.2949961860316039,2026-01-01 00:57:38
1,0.0121843796391591,1.5135705389221557,2.5789825548902194,0.3034108016984355,0.3031660526511769,2026-01-01 00:57:39
1,0.0112813101141467,1.3555211576846309,2.364405748502994,0.302189549419767,0.3019788996281533,2026-01-01 00:57:40
1,0.0123560151961701,1.264232614770459,2.2869241916167664,0.2994420768516704,0.2991870422958082,2026-01-01 00:57:41
1,0.0134592733283433,1.4511954491017964,2.473887025948104,0.2898576155587847,0.2895449624132618,2026-01-01 00:57:42
1,0.0116109392153193,1.4511954491017964,2.464953093812375,0.2921341431573001,0.2919033122264769,2026-01-01 00:57:43
1,0.0118217559022579,1.297044510978044,2.3108021556886227,0.2952262886650227,0.294989504230762,2026-01-01 00:57:44
1,0.0132337042321606,1.245390139720559,2.321685309381237,0.294042174491611,0.2937442245424592,2026-01-01 00:57:45
1,0.0126884996023577,1.4848195209580837,2.561114690618762,0.2865578416148859,0.2862767866398235,2026-01-01 00:57:46
1,0.012458806176709,1.4848195209580837,2.454232375249501,0.2902313803145266,0.2899638464842239,2026-01-01 00:57:47
1,0.0133415713105039,1.2829126546906189,2.2403053093812377,0.2954051259639788,0.2951036952001125,2026-01-01 00:57:48
1,0.0120968169520334,1.094487904191617,2.048794291417165,0.2869055503909649,0.2866504175206649,2026-01-01 00:57:49
1,0.0116277537892964,1.3577952495009982,2.495815768463074,0.2953080616982717,0.2950790515197677,2026-01-01 00:57:50
1,0.0127408468609655,1.3577952495009982,2.495815768463074,0.292599433128474,0.2923219100381798,2026-01-01 00:57:51
1,0.0120037022829341,1.447297005988024,2.6104949700598805,0.2901591582668006,0.289910759127013,2026-01-01 00:57:52
1,0.0119746733486152,1.447297005988024,2.6104949700598805,0.2852590823197389,0.2850076336593348,2026-01-01 00:57:53
1,0.0128127053705089,1.3241711776447105,2.433115808383233,0.2917995572988158,0.2915181233146121,2026-01-01 00:57:54
1,0.0131827846260603,1.3241711776447105,2.3577459081836327,0.2937471888772865,0.2934512313192963,2026-01-01 00:57:55
1,0.0126260001481412,1.739030499001996,2.96086754491018,0.295196814886721,0.294926675021986,2026-01-01 00:57:56
1,0.0125060773375124,1.739030499001996,2.96086754491018,0.2973610408484411,0.2970979411643514,2026-01-01 00:57:57
1,0.0128307889689371,1.4851443912175648,2.511247105788424,0.2950545230571234,0.2947754101530538,2026-01-01 00:57:58
1,0.01194548578624,1.4851443912175648,2.523104870259481,0.2989241756339776,0.2986853999575203,2026-01-01 00:57:59
1,0.0119320024014471,1.599661157684631,2.7147783233532934,0.2893897910736321,0.2891436986972607,2026-01-01 00:58:00
1,0.0123867890391092,1.599661157684631,2.7147783233532934,0.2897371158307127,0.2894722158467034,2026-01-01 00:58:01
1,0.0123917065088572,1.4031146506986028,2.4472476646706585,0.2908911617691145,0.2906271040443122,2026-01-01 00:58:02
1,0.0130366881861277,1.2525372854291417,2.2966702994011974,0.289557904121577,0.2892642815841909,2026-01-01 00:58:03
1,0.0125427204185379,1.5554788023952095,2.671245708582834,0.2844479527771408,0.2841712828623063,2026-01-01 00:58:04
1,0.0125155950208957,1.5554788023952095,2.671245708582834,0.295841941345372,0.2955770866293114,2026-01-01 00:58:05
1,0.0129067718079466,1.4089623153692614,2.504424830339321,0.3018797185240567,0.3016036798476791,2026-01-01 00:58:06
1,0.0129324695530813,1.2333699401197604,2.208305588822355,0.2888184104714753,0.28852872553444,2026-01-01 00:58:07
1,0.0122706733018338,1.6963100598802394,2.854797405189621,0.2916933286900961,0.2914351189871051,2026-01-01 00:58:08
1,0.0119891085017465,1.6963100598802394,2.854797405189621,0.2860399575838306,0.2857885907657844,2026-01-01 00:58:09
1,0.0121128383857285,1.4463223952095807,2.588891097804391,0.2900440220317121,0.2897909830594691,2026-01-01 00:58:10
1,0.0123336486402195,1.4463223952095807,2.588891097804391,0.2876045700657959,0.2873399899665045,2026-01-01 00:58:11
1,0.0126518565213323,1.5666868263473055,2.6660477844311377,0.2831550663552354,0.282872271757416,2026-01-01 00:58:12
1,0.0124925939527195,1.5666868263473055,2.6660477844311377,0.2929462912223443,0.2926797988199032,2026-01-01 00:58:13
1,0.0124251770287549,1.4970021556886228,2.6481799201596807,0.2980977324032418,0.2978386694835962,2026-01-01 00:58:14
1,0.012638214508483,1.4031146506986028,2.5542924151696607,0.2874953224398667,0.2872174019081025,2026-01-01 00:58:15
1,0.0128842466239396,1.33960251497006,2.369928542914172,0.2921916898513572,0.2919074850138742,2026-01-01 00:58:16
1,0.0120660431090943,1.33960251497006,2.4665774451097806,0.2995760974079238,0.2993330064357277,2026-01-01 00:58:17
1,0.0119867290809006,1.3802112974051897,2.5071862275449104,0.2827312586049506,0.2824770484805456,2026-01-01 00:58:18
1,0.0120717537191242,1.3802112974051897,2.428242754491018,0.2907581592363071,0.2905074524424985,2026-01-01 00:58:19
1,0.0128334856458957,1.3383030339321358,2.407938363273453,0.3026796589519442,0.3024074694670121,2026-01-01 00:58:20
1,0.0119421545970558,1.4474594411177644,2.5700486227544905,0.2963421267282382,0.2961014032681965,2026-01-01 00:58:21
1,0.0128655285132859,1.4474594411177644,2.5700486227544905,0.2883959752699342,0.2881088626335024,2026-01-01 00:58:22
1,0.0133261843890344,1.4320281037924152,2.5198561676646705,0.2948750777199337,0.2945738010583535,2026-01-01 00:58:23
1,0.0115295630223927,1.4049014371257484,2.446273053892216,0.2911101430858234,0.2908817364221433,2026-01-01 00:58:24
1,0.0129337385775324,1.46792626746507,2.511409540918164,0.2870785121607829,0.2867870125212382,2026-01-01 00:58:25
1,0.0129686367499376,1.46792626746507,2.511409540918164,0.2870027335720181,0.2867095804793746,2026-01-01 00:58:26
1,0.0124529369386227,1.5018752095808383,2.458618123752495,0.2833720480965944,0.283098290358775,2026-01-01 00:58:27
1,0.0124459573041417,1.5018752095808383,2.872015528942116,0.2978273138975262,0.2975671471285079,2026-01-01 00:58:28
1,0.0129773612930389,1.3701403193612776,2.623814650698603,0.2941602264634846,0.2938738282442288,2026-01-01 00:58:29
1,0.0118769584658807,1.3992162075848302,2.5209932135728543,0.293305826692916,0.2930652586534519,2026-01-01 00:58:30
1,0.0121125211296157,1.3992162075848302,2.513033892215569,0.2916785140262791,0.2914269074338588,2026-01-01 00:58:31
1,0.0125198779784181,1.1810658283433133,2.304629620758483,0.2816198085839538,0.2813413749206973,2026-01-01 00:58:32
1,0.0120387590833957,1.275440638722555,2.3990044311377243,0.277234138567736,0.2769726265664652,2026-01-01 00:58:33
1,0.0124814899887724,1.275440638722555,2.3367917764471056,0.2886814786963111,0.2884115263819199,2026-01-01 00:58:34
1,0.0124948147455089,1.462078602794411,2.523429740518962,0.2937488504613232,0.2934829922701215,2026-01-01 00:58:35
1,0.0127779658261601,1.462078602794411,2.5505564071856286,0.2806686448639125,0.2803776235705883,2026-01-01 00:58:36
1,0.0118509434646332,1.5481692215568863,2.7873868263473054,0.2904069163214734,0.2901650085491793,2026-01-01 00:58:37
1,0.0120812714025074,1.5481692215568863,2.7873868263473054,0.2921199164274227,0.2918699855327083,2026-01-01 00:58:38
1,0.0120760366766467,1.4092871856287426,2.5447087425149704,0.2903171574851547,0.2900658912530813,2026-01-01 00:58:39
1,0.0120157580152195,1.3454501796407186,2.482658522954092,0.2940465249136174,0.2938009196260187,2026-01-01 00:58:40
1,0.0116940603168662,1.3681910978043912,2.505399441117764,0.2921053635079716,0.2918711913557584,2026-01-01 00:58:41
1,0.0117863818456836,1.4869311776447105,2.577845508982036,0.2921663206798393,0.2919284846372179,2026-01-01 00:58:42
1,0.0129614984874002,1.4869311776447105,2.574759241516966,0.296409060552691,0.2961255320547183,2026-01-01 00:58:43
1,0.0129015370820858,1.3059784431137724,2.36018243512974,0.2876751271018678,0.2873856800433789,2026-01-01 00:58:44
1,0.0130473162659056,1.3241711776447105,2.379024910179641,0.2931385625803651,0.2928480568655699,2026-01-01 00:58:45
1,0.0128975713806761,1.3241711776447105,2.381299001996008,0.3017918558937798,0.3015161304744612,2026-01-01 00:58:46
1,0.0120157580152195,1.608432654690619,2.7670824351297405,0.288061876438446,0.2878111641624734,2026-01-01 00:58:47
1,0.011952465420721,1.608432654690619,2.7714681836327344,0.2974670174982346,0.297226790632442,2026-01-01 00:58:48
1,0.0117132543116891,1.3798864271457083,2.542921956087824,0.2952629838287294,0.2950305565409695,2026-01-01 00:58:49
1,0.0121317151244386,1.3798864271457083,2.4043647904191614,0.2802368795638389,0.2799741598001805,2026-01-01 00:58:50
1,0.0129251726624875,1.4723120159680638,2.555267025948104,0.2831968786234143,0.2829017708917528,2026-01-01 00:58:51
1,0.0120386004553393,1.4723120159680638,2.6567889820359283,0.3001192868613478,0.2998777391625472,2026-01-01 00:58:52
1,0.0120149648749376,1.423419041916168,2.6078960079840323,0.3011232485395742,0.3008834515723325,2026-01-01 00:58:53
1,0.0122832049182884,1.423419041916168,2.4543948103792417,0.2852035142766239,0.2849388836797669,2026-01-01 00:58:54
1,0.0120890441772704,1.1601116966067864,2.1857271057884238,0.2882710548805107,0.2880174579653157,2026-01-01 00:58:55
1,0.0119013871865643,1.344638003992016,2.370253413173653,0.295042866042437,0.2948027302885285,2026-01-01 00:58:56
1,0.0123875821793912,1.344638003992016,2.577683073852296,0.3024996105521921,0.3022458638128514,2026-01-01 00:58:57
1,0.0119502446279316,1.240679520958084,2.473724590818363,0.2885969716534233,0.2883494472005442,2026-01-01 00:58:58
1,0.0105030808695109,1.4373884630738525,2.465602834331337,0.2903869244595954,0.2901969179528813,2026-01-01 00:58:59
1,0.0117391106848802,1.4373884630738525,2.6163426347305387,0.2980778240568854,0.2978465753954805,2026-01-01 00:59:00
1,0.01258126703624,1.3896325349301395,2.6424946906187623,0.2902497168195835,0.2899769125872114,2026-01-01 00:59:01
1,0.0109648471416541,1.3896325349301395,2.6424946906187623,0.2815557272041895,0.2813421398380273,2026-01-01 00:59:02
1,0.0119802253305888,1.3636429141716566,2.416547425149701,0.2931156844484615,0.2928707542086071,2026-01-01 00:59:03
1,0.0131929368216691,1.3636429141716566,2.458780558882236,0.3029314639056684,0.3026440454429109,2026-01-01 00:59:04
1,0.0060197761118388,1.3974294211576843,2.558515728542914,0.2958610455858024,0.2957997981586322,2026-01-01 00:59:05
1,0.0061106699881487,1.3974294211576843,2.5841804790419163,0.3009665451989232,0.300904504853735,2026-01-01 00:59:06
1,0.0053958919660678,1.528677005988024,2.715428063872255,0.288548252703501,0.288497796331504,2026-01-01 00:59:07
1,0.0048157891638597,1.528677005988024,2.675469021956088,0.2851516848945352,0.2851110162251216,2026-01-01 00:59:08
1,0.0059333238211077,1.2317455888223554,2.378537604790419,0.2947621331836157,0.2947024106236484,2026-01-01 00:59:09
1,0.0059890022688997,1.2317455888223554,2.278152694610778,0.3021959329874121,0.3021365813104325,2026-01-01 00:59:10
1,0.0054023957163797,1.5808186826347306,2.6973977644710576,0.2949275440105107,0.2948780601139993,2026-01-01 00:59:11
1,0.006387317318488,1.5808186826347306,2.6973977644710576,0.2830102532498459,0.2829381657217966,2026-01-01 00:59:12
1,0.0055759348100673,1.3563333333333334,2.4612170858283435,0.2857450590998538,0.2856906504437498,2026-01-01 00:59:13
1,0.0048394247442614,1.3563333333333334,2.428080319361277,0.302832260541136,0.3027935897481965,2026-01-01 00:59:14
1,0.0060381769663797,1.294283113772455,2.3460505788423154,0.3013268182664478,0.3012663137914751,2026-01-01 00:59:15
1,0.0061622241064745,1.294283113772455,2.37870003992016,0.2979932220820894,0.2979295007227835,2026-01-01 00:59:16
1,0.0055494439246506,1.264232614770459,2.348649540918164,0.2900027699194882,0.2899496684479959,2026-01-01 00:59:17
1,0.005831008724738,1.402464910179641,2.577845508982036,0.2954068644005587,0.295349309923389,2026-01-01 00:59:18
1,0.0057915103386976,1.402464910179641,2.577845508982036,0.3004149467904417,0.3003591161644685,2026-01-01 00:59:19
1,0.005234567232722,1.2944455489021955,2.335329860279441,0.2969395734254155,0.2968934313385088,2026-01-01 00:59:20
1,0.0056979197854291,1.1883754091816368,2.229259720558882,0.2908224970019927,0.2907666735934379,2026-01-01 00:59:21
1,0.0060583227295409,1.1672588423153691,2.2932591616766467,0.2838873450531375,0.2838226936082171,2026-01-01 00:59:22
1,0.0059947128789296,1.1948728143712577,2.320873133732535,0.2892757681384673,0.2892136467208964,2026-01-01 00:59:23
1,0.0055508715771581,1.232557764471058,2.3501114570858284,0.2962641796032834,0.2962121738564107,2026-01-01 00:59:24
1,0.005684753656749,1.232557764471058,2.3501114570858284,0.2946523727281383,0.2945975294027155,2026-01-01 00:59:25
1,0.0062247235606911,1.3444755688622754,2.531876367265469,0.2882025022531826,0.2881352722621593,2026-01-01 00:59:26
1,0.0068643118840444,1.3444755688622754,2.531876367265469,0.2886294530802387,0.2885478165014531,2026-01-01 00:59:27
1,0.0053703528489895,1.4084750099800398,2.3955932934131736,0.2837326112859439,0.2836817830200204,2026-01-01 00:59:28
1,0.0049590302987774,1.4084750099800398,2.449846626746507,0.2850119308410536,0.28496878555421,2026-01-01 00:59:29
1,0.0061576238928393,1.2668315768463074,2.5198561676646705,0.2896242137811604,0.289558748575051,2026-01-01 00:59:30
1,0.0063037203327719,1.2564357285429142,2.5094603193612777,0.2944048493455446,0.2943373547957156,2026-01-01 00:59:31
1,0.0059187300399201,1.2871359680638723,2.462516566866268,0.2936249722299907,0.293565312923338,2026-01-01 00:59:32
1,0.005657311002994,1.2871359680638723,2.462516566866268,0.2918701672936123,0.2918153343952587,2026-01-01 00:59:33
1,0.0055635618216691,1.4107491017964071,2.556891377245509,0.2899673246128998,0.2899139460650682,2026-01-01 00:59:34
1,0.0060388114786052,1.4107491017964071,2.556891377245509,0.289512066306822,0.2894490789295616,2026-01-01 00:59:35
1,0.0060618125467814,1.3467496606786429,2.6486672255489023,0.2930905466875586,0.2930278536014275,2026-01-01 00:59:36
1,0.0063313216145833,1.322059520958084,2.6239770858283435,0.2956079252710746,0.2955401154660428,2026-01-01 00:59:37
1,0.0058628929640718,1.3043540918163672,2.3345176846307387,0.279494632947278,0.2794331339201303,2026-01-01 00:59:38
1,0.0046500228449351,1.400028383233533,2.4149230738522958,0.2811306245975444,0.2810921652663891,2026-01-01 00:59:39
1,0.0058647965007485,1.4851443912175648,2.5910027544910177,0.2953349974821678,0.2952767598369314,2026-01-01 00:59:40
1,0.0065283376606162,1.4851443912175648,2.600423992015968,0.2960614875715752,0.2959895018923524,2026-01-01 00:59:41
1,0.0055491266685379,1.2790142115768464,2.394293812375249,0.2873558628528886,0.2873022782874244,2026-01-01 00:59:42
1,0.0063283076815119,1.5411845109780438,2.666372654690619,0.2843625657845363,0.2842921408365924,2026-01-01 00:59:43
1,0.0060503913267215,1.5411845109780438,2.6824537325349302,0.2911339526183136,0.2910710757391673,2026-01-01 00:59:44
1,0.0051560463448103,1.3917441916167663,2.5612771257485027,0.2936278285213885,0.293582555456342,2026-01-01 00:59:45
1,0.0062340826160179,1.324983353293413,2.4945162874251494,0.2863801386546338,0.286312277120252,2026-01-01 00:59:46
1,0.0063105413391966,1.422281996007984,2.531226626746507,0.2839142806431998,0.2838441400155231,2026-01-01 00:59:47
1,0.0059996303486776,1.469225748502994,2.504262395209581,0.2846840948367942,0.284620867626961,2026-01-01 00:59:48
1,0.0060973452314121,1.469225748502994,2.5971752894211573,0.2857920740637266,0.285727023536059,2026-01-01 00:59:49
1,0.0061062284025698,1.1968220359281436,2.334842554890219,0.283585388872778,0.2835196408660613,2026-01-01 00:59:50
1,0.0063617782014096,1.2692681037924152,2.407288622754491,0.2936416227742593,0.293572700371844,2026-01-01 00:59:51
1,0.0062499454216566,1.3373284231536926,2.445460878243513,0.3047092714062771,0.304645167798819,2026-01-01 00:59:52
1,0.005552457857722,1.3373284231536926,2.473724590818363,0.2865066135075211,0.2864528055287403,2026-01-01 00:59:53
1,0.0061501683741891,1.1688831936127746,2.305279361277445,0.2775101977465437,0.2774420395006765,2026-01-01 00:59:54
1,0.0062834159415543,1.2405170858283432,2.214965429141716,0.2965780847918122,0.2965115159026454,2026-01-01 00:59:55
1,0.0061335124282684,1.2405170858283432,2.3483246706586827,0.3051300301603986,0.3050683781236233,2026-01-01 00:59:56
1,0.0063949314651946,1.3449628742514972,2.573134890219561,0.2940819024099863,0.2940123639859932,2026-01-01 00:59:57
1,0.0061674588323353,1.4086374451097805,2.6368094610778448,0.2953978528634594,0.2953334622556229,2026-01-01 00:59:58
1,0.0063560675913797,1.4086374451097805,2.606434091816367,0.2980684280200754,0.2980006513199806,2026-01-01 00:59:59
0,0.0135805763221153,0.1992276923076923,0.3811403076923076,0.0631725668999696,0.0616955521532171,2026-01-01 00:20:00
0,0.0154943780048076,0.1992276923076923,0.336288,0.0608175593301422,0.0588107113808318,2026-01-01 00:20:01
0,0.0138977776442307,0.1881710769230769,0.3452584615384615,0.061126070974173,0.059525190711926,2026-01-01 00:20:02
0,0.0126222493990384,0.2044430769230769,0.3926141538461538,0.0652939301170865,0.0640622832112894,2026-01-01 00:20:03
0,0.0153095985576923,0.2044430769230769,0.36612,0.0642111474935744,0.0623593429603285,2026-01-01 00:20:04
0,0.0164217385817307,0.2038172307692307,0.3967864615384615,0.0653170593062943,0.0632190219662979,2026-01-01 00:20:05
0,0.0163675474759615,0.2038172307692307,0.3967864615384615,0.0701544909745558,0.0682184432065199,2026-01-01 00:20:06
0,0.0160531983173076,0.1869193846153846,0.3663286153846153,0.0668834373430393,0.0649283375315082,2026-01-01 00:20:07
0,0.015740071514423,0.1992276923076923,0.3861470769230769,0.0667748743320164,0.0648932507336273,2026-01-01 00:20:08
0,0.0126856081730769,0.1992276923076923,0.3669544615384615,0.0675884386989344,0.0663872908849184,2026-01-01 00:20:09
0,0.0123299026442307,0.2117446153846153,0.3828092307692308,0.0682805838000105,0.0671581091518668,2026-01-01 00:20:10
0,0.0160342518028846,0.2117446153846153,0.4059655384615385,0.0716956798644879,0.0698797057832446,2026-01-01 00:20:11
0,0.0172109729567307,0.1942209230769231,0.3809316923076923,0.0668327300753148,0.0645786049648223,2026-01-01 00:20:12
0,0.0154880624999999,0.1867107692307692,0.3669544615384615,0.0623184464147797,0.0603631401067561,2026-01-01 00:20:13
0,0.0158070973557692,0.2238443076923077,0.404088,0.0688318081030615,0.0669921896934405,2026-01-01 00:20:14
0,0.0146990318509615,0.2238443076923077,0.444768,0.0731522704510065,0.0716602618944532,2026-01-01 00:20:15
0,0.0135571478365384,0.2209236923076923,0.4278701538461538,0.0702952973781636,0.0689755940606727,2026-01-01 00:20:16
0,0.0154978413461538,0.2269735384615384,0.4364233846153846,0.0679957263089294,0.0662060096206401,2026-01-01 00:20:17
0,0.0166821003605769,0.2269735384615384,0.4364233846153846,0.0650381944329995,0.0628623437573266,2026-01-01 00:20:18
0,0.0174770390624999,0.1664750769230769,0.3302381538461538,0.0623983305685752,0.0599007910077408,2026-01-01 00:20:19
0,0.0157496466346153,0.218628923076923,0.3890676923076922,0.0653590805604251,0.063433098951485,2026-01-01 00:20:20
0,0.0148850336538461,0.2401163076923076,0.4587452307692307,0.0699208139367239,0.0683180502846636,2026-01-01 00:20:21
0,0.015231571514423,0.2401163076923076,0.4147273846153846,0.0664935630405922,0.06472552166676,2026-01-01 00:20:22
0,0.014521790264423,0.1875452307692307,0.3615304615384614,0.0650891097093594,0.0634484815442665,2026-01-01 00:20:23
0,0.0159222025240384,0.2365698461538461,0.4710535384615384,0.0750953508794188,0.0733879771521639,2026-01-01 00:20:24
0,0.0186659837740384,0.2365698461538461,0.4710535384615384,0.0736326983124519,0.0712274898513199,2026-01-01 00:20:25
0,0.0158050600961538,0.157296,0.2970683076923077,0.0624409765424256,0.0604075792175842,2026-01-01 00:20:26
0,0.0143074705528846,0.2004793846153846,0.3752990769230769,0.0640799553564632,0.0624622843391486,2026-01-01 00:20:27
0,0.0147507782451923,0.2004793846153846,0.3752990769230769,0.0636648974876485,0.0619324931943964,2026-01-01 00:20:28
0,0.0138918695913461,0.2184203076923076,0.4105550769230769,0.0641437484846639,0.0626213735790014,2026-01-01 00:20:29
0,0.0152600931490384,0.2184203076923076,0.4180652307692307,0.0722967352259746,0.0706678673897646,2026-01-01 00:20:30
0,0.0156359675480769,0.199644923076923,0.3886504615384615,0.0698183245785172,0.0680449481283266,2026-01-01 00:20:31
0,0.014346993389423,0.2029827692307692,0.3901107692307692,0.0649489322016933,0.0633445149545247,2026-01-01 00:20:32
0,0.0125336286057692,0.2154996923076923,0.4026276923076923,0.0683805996829996,0.0672221285513877,2026-01-01 00:20:33
0,0.0135396274038461,0.2154996923076923,0.4145187692307692,0.0664450848238937,0.0650509629984019,2026-01-01 00:20:34
0,0.0143942578125,0.2361526153846153,0.4314166153846154,0.0709745186735072,0.0694995513867773,2026-01-01 00:20:35
0,0.0143097115384615,0.2361526153846153,0.4314166153846154,0.0743489479453069,0.0729588803111724,2026-01-01 00:20:36
0,0.0161974362980769,0.1877538461538461,0.3688319999999999,0.0688469142724226,0.0669144279076199,2026-01-01 00:20:37
0,0.0167224381009615,0.1737766153846153,0.3465101538461538,0.0656345058498178,0.0634684836915873,2026-01-01 00:20:38
0,0.0132780432692307,0.172524923076923,0.3371224615384615,0.0620551869196952,0.0606179824027387,2026-01-01 00:20:39
0,0.0108408695913461,0.172524923076923,0.3333673846153846,0.0605605867826933,0.05958238177488,2026-01-01 00:20:40
0,0.0155000823317307,0.1908830769230769,0.3659113846153846,0.066460149316537,0.0646273850228057,2026-01-01 00:20:41
0,0.0155699603365384,0.1921347692307692,0.3830178461538461,0.0696397077477891,0.0678768386882897,2026-01-01 00:20:42
0,0.0145619242788461,0.1921347692307692,0.3617390769230769,0.0627310561247507,0.0610175037495289,2026-01-01 00:20:43
0,0.0177076568509615,0.1990190769230769,0.3713353846153846,0.0623065340324231,0.0597372837680296,2026-01-01 00:20:44
0,0.0155636448317307,0.1990190769230769,0.3734215384615384,0.0678478834527621,0.0660386875139969,2026-01-01 00:20:45
0,0.0128434957932692,0.1898399999999999,0.3727956923076923,0.0683478314690403,0.0671302516182429,2026-01-01 00:20:46
0,0.0123942800480769,0.1898399999999999,0.3727956923076923,0.064779975346651,0.0635832291410444,2026-01-01 00:20:47
0,0.0164569831730769,0.2238443076923077,0.4322510769230769,0.0664094445922604,0.0643380294685311,2026-01-01 00:20:48
0,0.0159490943509615,0.2238443076923077,0.4322510769230769,0.0689813504040597,0.0671122424968187,2026-01-01 00:20:49
0,0.0141190240384615,0.1748196923076923,0.3454670769230769,0.0626754892832101,0.061064475082417,2026-01-01 00:20:50
0,0.0174621670673076,0.2117446153846153,0.3736301538461538,0.0656175017524234,0.0632513182277075,2026-01-01 00:20:51
0,0.0148017097355769,0.2117446153846153,0.4141015384615384,0.0712904897029638,0.0697369579992711,2026-01-01 00:20:52
0,0.0117920661057692,0.202356923076923,0.3723784615384615,0.0654167123699057,0.0643451119685415,2026-01-01 00:20:53
0,0.0137003671875,0.1746110769230769,0.3396258461538461,0.062597447107032,0.0610797865356891,2026-01-01 00:20:54
0,0.0172645528846153,0.2150824615384615,0.3844781538461538,0.0657503100984655,0.0634431910589205,2026-01-01 00:20:55
0,0.0157649260817307,0.2150824615384615,0.3844781538461538,0.0661530130285559,0.0642470873923001,2026-01-01 00:20:56
0,0.0152772061298076,0.205068923076923,0.3730043076923077,0.0665956092697724,0.0648196123629227,2026-01-01 00:20:57
0,0.0158761604567307,0.205068923076923,0.4053396923076923,0.0670997472835031,0.0651945060159376,2026-01-01 00:20:58
0,0.014619782451923,0.2002707692307692,0.3899021538461538,0.0641872006765086,0.0625000695339199,2026-01-01 00:20:59
0,0.0149345390624999,0.1896313846153846,0.356940923076923,0.062899386157921,0.061100673662685,2026-01-01 00:21:00
0,0.0169938010817307,0.2173772307692307,0.4226547692307692,0.065229412743473,0.062976876801354,2026-01-01 00:21:01
0,0.0175644375,0.2173772307692307,0.4249495384615385,0.0706345883017917,0.0684159016594256,2026-01-01 00:21:02
0,0.0145195492788461,0.2075723076923077,0.3934486153846154,0.0669325432282383,0.0653387177081028,2026-01-01 00:21:03
0,0.0149035727163461,0.1802436923076923,0.3254399999999999,0.0626911816486857,0.0608939059085315,2026-01-01 00:21:04
0,0.01539271875,0.1802436923076923,0.3527686153846153,0.0656941658659858,0.0638653868563485,2026-01-01 00:21:05
0,0.0147369248798076,0.1764886153846153,0.351516923076923,0.0633178122932144,0.061578960682084,2026-01-01 00:21:06
0,0.0158197283653846,0.1933864615384615,0.3767593846153846,0.0626970160005582,0.06066837734619,2026-01-01 00:21:07
0,0.0190495997596153,0.2052775384615384,0.398664,0.0680474459660642,0.0653266228386474,2026-01-01 00:21:08
0,0.0163636766826923,0.2052775384615384,0.3972036923076923,0.0666002343604944,0.0645586655864036,2026-01-01 00:21:09
0,0.013616024639423,0.1919261538461538,0.3636166153846153,0.0616368956950458,0.0601141479515479,2026-01-01 00:21:10
0,0.0138562175480769,0.1783661538461538,0.3500566153846153,0.0637143390801019,0.0621894061691745,2026-01-01 00:21:11
0,0.0148100624999999,0.1783661538461538,0.3456756923076922,0.065181593760002,0.0634767848417043,2026-01-01 00:21:12
0,0.0145490895432692,0.2161255384615384,0.374256,0.0634281987001331,0.0617370260362895,2026-01-01 00:21:13
0,0.0149182409855769,0.2161255384615384,0.3800972307692307,0.0615246355179131,0.0596885823379003,2026-01-01 00:21:14
0,0.0150744987980769,0.1827470769230769,0.3467187692307692,0.0631593695481784,0.0613340480297049,2026-01-01 00:21:15
0,0.0125654098557692,0.1958898461538461,0.3698750769230768,0.0655783476959455,0.0643632671769143,2026-01-01 00:21:16
0,0.0139118347355769,0.2004793846153846,0.3963692307692307,0.0644039598606301,0.0628834708013135,2026-01-01 00:21:17
0,0.0146122445913461,0.232188923076923,0.446436923076923,0.0675808450622514,0.0659822167506572,2026-01-01 00:21:18
0,0.0147212379807692,0.232188923076923,0.446436923076923,0.0649736164111756,0.0632839314665275,2026-01-01 00:21:19
0,0.0163261911057692,0.1965156923076922,0.3502652307692308,0.0632821687115165,0.0611399080863779,2026-01-01 00:21:20
0,0.0177679597355769,0.2019396923076923,0.4032535384615384,0.0712139651837782,0.068961789739183,2026-01-01 00:21:21
0,0.0162905390625,0.2019396923076923,0.4032535384615384,0.070659529206811,0.0687559990457657,2026-01-01 00:21:22
0,0.0134357271634615,0.2056947692307692,0.4036707692307691,0.0685960784946212,0.067267400874638,2026-01-01 00:21:23
0,0.0156009266826923,0.2056947692307692,0.404088,0.0709039013119426,0.0691662801363132,2026-01-01 00:21:24
0,0.0169899302884615,0.1983932307692307,0.3798886153846154,0.0676450243724318,0.0654766492051946,2026-01-01 00:21:25
0,0.0161852127403846,0.1875452307692307,0.3442153846153846,0.0649504349357166,0.0629014935187333,2026-01-01 00:21:26
0,0.017352969951923,0.1875452307692307,0.3579839999999999,0.0651182293083127,0.062763510275459,2026-01-01 00:21:27
0,0.0168980498798076,0.1704387692307692,0.3344104615384615,0.0609300710821072,0.0585399818272107,2026-01-01 00:21:28
0,0.0147065697115384,0.1837901538461538,0.3586098461538461,0.0634767748194976,0.0617496376410814,2026-01-01 00:21:29
0,0.0136854951923076,0.1837901538461538,0.3586098461538461,0.0647732318810066,0.0633109689520858,2026-01-01 00:21:30
0,0.0160851832932692,0.161676923076923,0.3218935384615384,0.0587277365812818,0.0564819787399694,2026-01-01 00:21:31
0,0.0160395486778846,0.1823298461538461,0.3364966153846154,0.0592320923288443,0.0570190638283592,2026-01-01 00:21:32
0,0.0160122493990384,0.1823298461538461,0.3356621538461538,0.0637018224074995,0.0616565491024238,2026-01-01 00:21:33
0,0.0163009290865384,0.2275993846153846,0.4241150769230769,0.0661745301836933,0.0641353892632467,2026-01-01 00:21:34
0,0.0158500835336538,0.2275993846153846,0.4241150769230769,0.0683102175138667,0.0664459228904827,2026-01-01 00:21:35
0,0.0138784236778846,0.1885883076923076,0.3604873846153845,0.0680714511262798,0.066641667255964,2026-01-01 00:21:36
0,0.0136877361778846,0.1702301538461538,0.3304467692307692,0.0654784453854927,0.0640318099730562,2026-01-01 00:21:37
0,0.0162563131009615,0.2584744615384615,0.5073526153846154,0.0715792470348171,0.0697088293578,2026-01-01 00:21:38
0,0.0159059044471153,0.2584744615384615,0.5073526153846154,0.0741850883351051,0.0724598477434681,2026-01-01 00:21:39
0,0.0143563647836538,0.2073636923076923,0.4072172307692308,0.0688235976566322,0.067309600983817,2026-01-01 00:21:40
0,0.0133521995192307,0.2073636923076923,0.3702923076923077,0.0625470947925317,0.0611053012019791,2026-01-01 00:21:41
0,0.0144669879807692,0.1808695384615384,0.3412947692307692,0.0603105725889348,0.0585497346259524,2026-01-01 00:21:42
0,0.0136952740384615,0.2081981538461538,0.3684147692307692,0.0678870116276631,0.0664912461662879,2026-01-01 00:21:43
0,0.0145474597355769,0.2081981538461538,0.3805144615384615,0.0669493536196127,0.06534973118021,2026-01-01 00:21:44
0,0.0161084080528846,0.2111187692307692,0.408468923076923,0.0700755166055318,0.0681989531996931,2026-01-01 00:21:45
0,0.015255407451923,0.2111187692307692,0.408468923076923,0.0707143206333176,0.0690491686127173,2026-01-01 00:21:46
0,0.0141599729567307,0.2075723076923077,0.3838523076923077,0.0642023732827471,0.0626214013018062,2026-01-01 00:21:47
0,0.0136655300480769,0.1792006153846154,0.3473446153846153,0.0665878813490579,0.0651705395946766,2026-01-01 00:21:48
0,0.0132550222355769,0.196932923076923,0.3836436923076922,0.0671865935807937,0.0658660970646137,2026-01-01 00:21:49
0,0.0132283341346153,0.196932923076923,0.3869815384615384,0.0702959455038295,0.0690400690201011,2026-01-01 00:21:50
0,0.0164384441105769,0.1900486153846153,0.3761335384615384,0.0707606884662196,0.0688247963123526,2026-01-01 00:21:51
0,0.0167813149038461,0.2021483076923077,0.3673716923076923,0.0674018391928085,0.0652793642483685,2026-01-01 00:21:52
0,0.0130476292067307,0.2021483076923077,0.369875076923077,0.0648575760489922,0.0635316027110483,2026-01-01 00:21:53
0,0.0105900829326923,0.1942209230769231,0.3533944615384615,0.0614138867410037,0.0604939305064196,2026-01-01 00:21:54
0,0.0117427644230769,0.1942209230769231,0.3558978461538462,0.0649249187485222,0.063854150673283,2026-01-01 00:21:55
0,0.0133748131009615,0.2029827692307692,0.3967864615384615,0.069929611501709,0.0686386548476461,2026-01-01 00:21:56
0,0.0147483335336538,0.2029827692307692,0.3809316923076923,0.0659980511421437,0.0643290712861698,2026-01-01 00:21:57
0,0.015705641826923,0.1641803076923076,0.3198073846153846,0.0609076041291354,0.0588478466518179,2026-01-01 00:21:58
0,0.0145558125,0.1777403076923077,0.3389999999999999,0.0647137772527633,0.0630555413011823,2026-01-01 00:21:59
0,0.0126251015625,0.1777403076923077,0.3419206153846154,0.0622194855235041,0.060925127733523,2026-01-01 00:22:00
0,0.0124896237980769,0.2027741538461538,0.3805144615384615,0.0603876603038087,0.0590819669133544,2026-01-01 00:22:01
0,0.0133654417067307,0.2198806153846153,0.4130584615384615,0.0702993024210357,0.0690170767916769,2026-01-01 00:22:02
0,0.0133691087740384,0.2607692307692307,0.4700104615384615,0.0739501409967284,0.0727316319356574,2026-01-01 00:22:03
0,0.0147585198317307,0.2607692307692307,0.4737655384615384,0.0690340462152783,0.0674380132360791,2026-01-01 00:22:04
0,0.0158348040865384,0.2129963076923076,0.3963692307692307,0.0707188779834662,0.0689232811376629,2026-01-01 00:22:05
0,0.0109419176682692,0.1986018461538461,0.3819747692307692,0.0752670557306536,0.0744674701873384,2026-01-01 00:22:06
0,0.0087624573317307,0.1835815384615384,0.3573581538461538,0.0711389092847541,0.0705971936817185,2026-01-01 00:22:07
0,0.0096317560096153,0.1975587692307692,0.3917796923076923,0.0677723672480283,0.0670844470691446,2026-01-01 00:22:08
0,0.009998259014423,0.1975587692307692,0.3917796923076923,0.064621869327529,0.0638437217905155,2026-01-01 00:22:09
0,0.0097755865384615,0.2154996923076923,0.4055483076923076,0.0643108551408679,0.0635635429847861,2026-01-01 00:22:10
0,0.0110003870192307,0.2154996923076923,0.4055483076923076,0.0661826181436457,0.0652620136815802,2026-01-01 00:22:11
0,0.0112344681490384,0.2056947692307692,0.3848953846153846,0.0672650878898189,0.0663202742321932,2026-01-01 00:22:12
0,0.008276774639423,0.2056947692307692,0.3805144615384615,0.064995284033162,0.0644661302399919,2026-01-01 00:22:13
0,0.0095514879807692,0.2113273846153845,0.3969950769230769,0.0624856193063758,0.0617512890347606,2026-01-01 00:22:14
0,0.0123021959134615,0.2113273846153845,0.3969950769230769,0.0675527769512343,0.0664231409188848,2026-01-01 00:22:15
0,0.0128229194711538,0.1733593846153846,0.3396258461538461,0.0661055226936549,0.06484992572731,2026-01-01 00:22:16
0,0.0103472415865384,0.2081981538461538,0.3957433846153846,0.0669469333484667,0.0661424710478362,2026-01-01 00:22:17
0,0.0102885685096153,0.2081981538461538,0.3957433846153846,0.0701911865636492,0.0694330470974446,2026-01-01 00:22:18
0,0.0075598629807692,0.1831643076923076,0.3558978461538461,0.0668172757140463,0.0663882279139825,2026-01-01 00:22:19
0,0.0072687385817307,0.1831643076923076,0.3615304615384614,0.0651585563948865,0.0647518564281833,2026-01-01 00:22:20
0,0.0115463725961538,0.1785747692307692,0.35256,0.0647592322571157,0.0637215775259986,2026-01-01 00:22:21
0,0.012885055889423,0.2236356923076923,0.4022104615384615,0.0622704934866002,0.0609228175135651,2026-01-01 00:22:22
0,0.0114726237980769,0.2236356923076923,0.3809316923076923,0.0620873973800918,0.0610182252824615,2026-01-01 00:22:23
0,0.0103863569711538,0.1798264615384615,0.3358707692307692,0.0643929969479837,0.0635498359149007,2026-01-01 00:22:24
0,0.0117564140625,0.1693956923076923,0.3241883076923076,0.0617201207083742,0.0605900984373465,2026-01-01 00:22:25
0,0.0085623984375,0.2171686153846153,0.4130584615384615,0.0633771179447314,0.0627960541115275,2026-01-01 00:22:26
0,0.0073272079326923,0.2171686153846153,0.4130584615384615,0.0671748244934869,0.0667740149282777,2026-01-01 00:22:27
0,0.0123757409855769,0.1773230769230769,0.3542289230769231,0.0619243097252193,0.0606750456942786,2026-01-01 00:22:28
0,0.0136117463942307,0.1773230769230769,0.3446326153846153,0.0597433319997218,0.0581720386313574,2026-01-01 00:22:29
0,0.0112108359374999,0.1965156923076922,0.3707095384615384,0.0639068314867774,0.0629158189032124,2026-01-01 00:22:30
0,0.0103227944711538,0.1965156923076922,0.3707095384615384,0.0638184045938172,0.0629780015497988,2026-01-01 00:22:31
0,0.0108420919471153,0.1783661538461538,0.3494307692307692,0.0634185652605798,0.0624849058727043,2026-01-01 00:22:32
0,0.0099575138221153,0.207780923076923,0.3861470769230769,0.0639016626147617,0.0631210773308981,2026-01-01 00:22:33
0,0.0115973040865384,0.207780923076923,0.3997070769230769,0.0680114224954531,0.067015342480505,2026-01-01 00:22:34
0,0.0147493521634615,0.1973501538461538,0.3892763076923077,0.0684082576223624,0.0667992988113326,2026-01-01 00:22:35
0,0.0124629356971153,0.1973501538461538,0.3657027692307692,0.0618746573441561,0.0606065050573475,2026-01-01 00:22:36
0,0.0095125763221153,0.1938036923076923,0.37968,0.0638663099421448,0.0631539107050548,2026-01-01 00:22:37
0,0.0102732890624999,0.1858763076923077,0.3590270769230769,0.0650344747875663,0.0642179292934062,2026-01-01 00:22:38
0,0.0111336237980769,0.1721076923076923,0.3364966153846154,0.0626030362914356,0.0616050531533712,2026-01-01 00:22:39
0,0.0091144957932692,0.188796923076923,0.36612,0.0623514966292365,0.061681724184236,2026-01-01 00:22:40
0,0.0122296694711538,0.188796923076923,0.36612,0.0604955875291315,0.0592465298150123,2026-01-01 00:22:41
0,0.0149573563701923,0.2154996923076923,0.3682061538461538,0.0633233268209722,0.0615314652035097,2026-01-01 00:22:42
0,0.0107661021634615,0.2154996923076923,0.3682061538461538,0.0653561998468968,0.0644633531755324,2026-01-01 00:22:43
0,0.0091585006009615,0.1927606153846154,0.3540203076923077,0.061738360359269,0.0610552782861002,2026-01-01 00:22:44
0,0.0125780408653846,0.2013138461538461,0.3796799999999999,0.0643104183119718,0.0630683977238165,2026-01-01 00:22:45
0,0.0117246328125,0.2271821538461538,0.4205686153846154,0.0658522589384129,0.0648001002522668,2026-01-01 00:22:46
0,0.0107948275240384,0.2271821538461538,0.4205686153846154,0.0659664036705052,0.065077170435924,2026-01-01 00:22:47
0,0.0150936490384615,0.2100756923076923,0.3892763076923077,0.067260547693357,0.0655451221275397,2026-01-01 00:22:48
0,0.0130936712740384,0.2100756923076923,0.3926141538461538,0.0653007655996676,0.0639745712019248,2026-01-01 00:22:49
0,0.0097647890625,0.1885883076923076,0.3690406153846153,0.0676004513845203,0.0668914786946422,2026-01-01 00:22:50
0,0.0099780901442307,0.1885883076923076,0.3690406153846153,0.065790748128674,0.0650296875004349,2026-01-01 00:22:51
0,0.0112776580528846,0.1927606153846154,0.3611132307692307,0.0604950785391584,0.0594345771104763,2026-01-01 00:22:52
0,0.0114504176682692,0.1954726153846153,0.3882332307692308,0.0641826957065081,0.0631530392251743,2026-01-01 00:22:53
0,0.0117975667067307,0.214248,0.4126412307692307,0.0688237415400698,0.0678050501022938,2026-01-01 00:22:54
0,0.0113169771634615,0.214248,0.4126412307692307,0.0674156159783117,0.0664589445117577,2026-01-01 00:22:55
0,0.0101259951923076,0.1967243076923076,0.3631993846153846,0.0650674138927075,0.0642746650870331,2026-01-01 00:22:56
0,0.0102211352163461,0.1696043076923077,0.3254399999999999,0.0624548163403976,0.0616127623062135,2026-01-01 00:22:57
0,0.0122671550480769,0.1858763076923077,0.3669544615384615,0.0638024808860652,0.0626120872854687,2026-01-01 00:22:58
0,0.012951266826923,0.2065292307692307,0.3988726153846154,0.0710910472738227,0.0699013711601335,2026-01-01 00:22:59
0,0.0113805396634615,0.208824,0.4011673846153846,0.0713858597201985,0.0704728620460404,2026-01-01 00:23:00
0,0.0133206219951923,0.2196719999999999,0.428496,0.0686528845000926,0.067348196559702,2026-01-01 00:23:01
0,0.012646696514423,0.2196719999999999,0.4357975384615384,0.0680139504833182,0.0668278274943854,2026-01-01 00:23:02
0,0.0102645288461538,0.2161255384615384,0.4088861538461538,0.0666996394081354,0.065905093465845,2026-01-01 00:23:03
0,0.0118660186298076,0.2002707692307692,0.3871901538461538,0.0688154637393379,0.0677847007187992,2026-01-01 00:23:04
0,0.0148783106971153,0.2079895384615384,0.394908923076923,0.0698232316669303,0.0682196419751227,2026-01-01 00:23:05
0,0.0134428575721153,0.2079895384615384,0.3907366153846153,0.0664311614655027,0.0650568120487894,2026-01-01 00:23:06
0,0.0128852596153846,0.1950553846153846,0.3765507692307692,0.0665059511447668,0.0652457785784969,2026-01-01 00:23:07
0,0.0142288323317307,0.1906744615384615,0.3721698461538462,0.0650674501438773,0.0634926247583249,2026-01-01 00:23:08
0,0.0123301063701923,0.224052923076923,0.438300923076923,0.0694160262622422,0.068312174456242,2026-01-01 00:23:09
0,0.0102981436298076,0.2472092307692307,0.4614572307692307,0.0719201121849951,0.0711790051523772,2026-01-01 00:23:10
0,0.0126988503605769,0.2472092307692307,0.4433076923076923,0.0660956689334929,0.0648642941169144,2026-01-01 00:23:11
0,0.0150504591346153,0.2378215384615384,0.4259926153846153,0.0650563331516487,0.0632914699068965,2026-01-01 00:23:12
0,0.0117193359374999,0.1983932307692307,0.3865643076923076,0.0626491248992249,0.0615432369625022,2026-01-01 00:23:13
0,0.0110307421875,0.1852504615384615,0.3477618461538461,0.0642415006352491,0.0632873852411491,2026-01-01 00:23:14
0,0.012503680889423,0.2079895384615384,0.370500923076923,0.0650856541708142,0.06387331479623,2026-01-01 00:23:15
0,0.0112629897836538,0.2079895384615384,0.3602787692307692,0.0620615076997398,0.0610309413256765,2026-01-01 00:23:16
0,0.0122928245192307,0.2200892307692307,0.4205686153846154,0.0684681279664921,0.0673555566570074,2026-01-01 00:23:17
0,0.0151898076923076,0.2200892307692307,0.4205686153846154,0.070724466241311,0.0690740173103393,2026-01-01 00:23:18
0,0.0163170234375,0.2096584615384615,0.3800972307692307,0.0655628608387219,0.0634999485629531,2026-01-01 00:23:19
0,0.0135208846153846,0.2096584615384615,0.37968,0.0673628982891048,0.0659920127373437,2026-01-01 00:23:20
0,0.0133122692307692,0.2467919999999999,0.4268270769230768,0.0730705519731478,0.0718476795282075,2026-01-01 00:23:21
0,0.0146102073317307,0.2467919999999999,0.4305821538461538,0.0673006981057593,0.0656957061553219,2026-01-01 00:23:22
0,0.015144173076923,0.2115359999999999,0.3896935384615384,0.0620547636622782,0.0601784655420642,2026-01-01 00:23:23
0,0.0164518900240384,0.2115359999999999,0.3896935384615384,0.0645685352972164,0.0624374171876514,2026-01-01 00:23:24
0,0.0178500612980769,0.1666836923076923,0.3302381538461538,0.0637088684042368,0.0611571355199315,2026-01-01 00:23:25
0,0.0179643515625,0.1760713846153846,0.3456756923076923,0.0632579941802941,0.0606535728597502,2026-01-01 00:23:26
0,0.0154958040865384,0.1975587692307692,0.3671630769230769,0.0606222810031094,0.0586083697924757,2026-01-01 00:23:27
0,0.0167285498798076,0.1975587692307692,0.3861470769230769,0.0642611549137251,0.0620455610802623,2026-01-01 00:23:28
0,0.0170257860576923,0.1885883076923076,0.3684147692307692,0.0678025907178844,0.0656301296446582,2026-01-01 00:23:29
0,0.0162176051682692,0.2367784615384615,0.416604923076923,0.0691478219010397,0.0672191234416519,2026-01-01 00:23:30
0,0.0175018936298076,0.2367784615384615,0.4410129230769231,0.0712930662497071,0.0691113956931563,2026-01-01 00:23:31
0,0.0174607409855769,0.3458843076923076,0.663396923076923,0.0807609630479269,0.0788508444892203,2026-01-01 00:23:32
0,0.0153886442307692,0.3458843076923076,0.663396923076923,0.0817685418111307,0.0803074346412426,2026-01-01 00:23:33
0,0.0132391316105769,0.1963070769230769,0.3890676923076923,0.0714442035997659,0.0702068345832699,2026-01-01 00:23:34
0,0.0154517992788461,0.1963070769230769,0.3890676923076923,0.069579909117181,0.0678425062317233,2026-01-01 00:23:35
0,0.0167063437499999,0.1817039999999999,0.3321156923076923,0.0662271009527055,0.0640853101662673,2026-01-01 00:23:36
0,0.0157624813701923,0.184416,0.36612,0.0662185367418343,0.0643151520971846,2026-01-01 00:23:37
0,0.0170989236778846,0.184416,0.3636166153846154,0.0677298842078611,0.0655359750356104,2026-01-01 00:23:38
0,0.0053641045673076,0.1988104615384615,0.3832264615384615,0.0653279335069158,0.0651073365948493,2026-01-01 00:23:39
0,0.0080828275240384,0.1975587692307692,0.3709181538461538,0.0680595081475785,0.0675778406617654,2026-01-01 00:23:40
0,0.0106397920673076,0.2042344615384615,0.3752990769230769,0.0684844016300751,0.067652849839411,2026-01-01 00:23:41
0,0.009719765625,0.2044430769230769,0.4017932307692308,0.0637677350518775,0.0630226164947276,2026-01-01 00:23:42
0,0.0099114717548076,0.2044430769230769,0.4017932307692308,0.0631009331945342,0.0623176579925363,2026-01-01 00:23:43
0,0.0101626658653846,0.1898399999999999,0.362364923076923,0.0621229674265379,0.0612860775738441,2026-01-01 00:23:44
0,0.009280125,0.1823298461538461,0.3615304615384616,0.064321677108599,0.0636487032550329,2026-01-01 00:23:45
0,0.0088215378605769,0.1823298461538461,0.3615304615384616,0.0669347995674023,0.0663509447024135,2026-01-01 00:23:46
0,0.0106094368990384,0.2048603076923076,0.385104,0.0645025814317007,0.0636240745318822,2026-01-01 00:23:47
0,0.0115966929086538,0.2048603076923076,0.3811403076923076,0.0648128523171682,0.0637669392324065,2026-01-01 00:23:48
0,0.0110219819711538,0.2113273846153845,0.3748818461538461,0.0634378558000224,0.062473013869446,2026-01-01 00:23:49
0,0.0111152884615384,0.2113273846153845,0.3719612307692307,0.064438837181719,0.0634729399015745,2026-01-01 00:23:50
0,0.0108488149038461,0.2008966153846154,0.3855212307692308,0.0645256283946874,0.0636070745665242,2026-01-01 00:23:51
0,0.0096692415865384,0.1967243076923076,0.3611132307692307,0.0617686061835339,0.0610071018570597,2026-01-01 00:23:52
0,0.0119876430288461,0.196932923076923,0.3936572307692307,0.066024813690053,0.0649274397879599,2026-01-01 00:23:53
0,0.0144997878605769,0.2115359999999999,0.3969950769230769,0.0682391408748556,0.0666808555684212,2026-01-01 00:23:54
0,0.0130959122596153,0.2115359999999999,0.4034621538461538,0.0642202940873324,0.0628708458250079,2026-01-01 00:23:55
0,0.0121618287259615,0.1919261538461538,0.3598615384615384,0.0624688044492482,0.0612734971366805,2026-01-01 00:23:56
0,0.0115229441105769,0.2278079999999999,0.3957433846153846,0.0653485185156572,0.0643245725303768,2026-01-01 00:23:57
0,0.0121396225961538,0.2278079999999999,0.3909452307692307,0.0639937514911918,0.062831757839005,2026-01-01 00:23:58
0,0.012622860576923,0.1869193846153846,0.3527686153846153,0.0609594964774179,0.0596382729598693,2026-01-01 00:23:59
0,0.0132053131009615,0.1869193846153846,0.3588184615384615,0.0638590234229097,0.0624787530159918,2026-01-01 00:24:00
0,0.0131073209134615,0.2123704615384615,0.4159790769230769,0.0726309539268228,0.071438460277303,2026-01-01 00:24:01
0,0.0123168641826923,0.2123704615384615,0.4159790769230769,0.0700532465548686,0.0689619620485259,2026-01-01 00:24:02
0,0.010196484375,0.2054861538461538,0.3813489230769231,0.0591255430369748,0.0582396904679921,2026-01-01 00:24:03
0,0.011774953125,0.2115359999999999,0.3859384615384615,0.0642318862841545,0.0631433741141904,2026-01-01 00:24:04
0,0.0127290018028846,0.2115359999999999,0.3859384615384615,0.0664334895316154,0.0652026153190914,2026-01-01 00:24:05
0,0.0105682842548076,0.2008966153846154,0.4009587692307692,0.0654318811211939,0.0645727685248793,2026-01-01 00:24:06
0,0.0115416868990384,0.210492923076923,0.4105550769230769,0.0704717517316257,0.0695201931502527,2026-01-01 00:24:07
0,0.0101907800480769,0.210492923076923,0.3886504615384615,0.0696912690924106,0.0689421568397922,2026-01-01 00:24:08
0,0.0090287271634615,0.1940123076923077,0.3581926153846154,0.0642917640727472,0.0636546385850518,2026-01-01 00:24:09
0,0.007707360576923,0.1940123076923077,0.363408,0.0653389649353808,0.0648827938036288,2026-01-01 00:24:10
0,0.0107879008413461,0.1710646153846154,0.3404603076923077,0.0679982198791237,0.0671370173761609,2026-01-01 00:24:11
0,0.0118356634615384,0.1848332307692307,0.3558978461538462,0.0659994701015911,0.0649295550894662,2026-01-01 00:24:12
0,0.0105599314903846,0.1848332307692307,0.3625735384615385,0.0647898898138511,0.0639235298541105,2026-01-01 00:24:13
0,0.0111415691105769,0.1967243076923076,0.3609046153846154,0.0645718908209957,0.0636034159613525,2026-01-01 00:24:14
0,0.0108207007211538,0.1967243076923076,0.3609046153846154,0.0639579706141337,0.0630359773540604,2026-01-01 00:24:15
0,0.009444735576923,0.2234270769230769,0.3988726153846154,0.0660900130712678,0.0654116717233427,2026-01-01 00:24:16
0,0.0097861802884615,0.2234270769230769,0.4143101538461538,0.0717932993086235,0.0711231924267979,2026-01-01 00:24:17
0,0.0124804561298076,0.1908830769230769,0.3767593846153846,0.0681868479639584,0.0670349494670648,2026-01-01 00:24:18
0,0.0118666298076923,0.1785747692307692,0.3312812307692308,0.0638377623856217,0.0627251385284265,2026-01-01 00:24:19
0,0.0113552776442307,0.196932923076923,0.3755076923076922,0.0673010236430609,0.0663361549460494,2026-01-01 00:24:20
0,0.0099778864182692,0.196932923076923,0.3650769230769231,0.0638994637887171,0.0631156339991106,2026-01-01 00:24:21
0,0.0080376003605769,0.2036086153846153,0.3788455384615384,0.0615669192091174,0.0610400075470641,2026-01-01 00:24:22
0,0.0073891406249999,0.2036086153846153,0.3788455384615384,0.0657549290420868,0.0653384365756777,2026-01-01 00:24:23
0,0.0097831243990384,0.2211323076923076,0.4107636923076923,0.0658304476082244,0.0650994493777952,2026-01-01 00:24:24
0,0.0119741971153846,0.2211323076923076,0.4099292307692307,0.0663754545127854,0.0652864424304216,2026-01-01 00:24:25
0,0.0099778864182692,0.210492923076923,0.389484923076923,0.0689056328083456,0.0681793811598688,2026-01-01 00:24:26
0,0.0091678719951923,0.2100756923076923,0.3890676923076923,0.0629981118542341,0.0623274596007118,2026-01-01 00:24:27
0,0.0105633948317307,0.2384473846153846,0.4345458461538461,0.0657061632957326,0.0648514809751824,2026-01-01 00:24:28
0,0.0087153966346153,0.2384473846153846,0.4345458461538461,0.0677671194327476,0.0672043476102075,2026-01-01 00:24:29
0,0.0095298930288461,0.1883796923076923,0.349848,0.0629653821462552,0.0622400231979609,2026-01-01 00:24:30
0,0.0111910745192307,0.1852504615384615,0.368832,0.0681073938609373,0.0671816712328137,2026-01-01 00:24:31
0,0.011309235576923,0.2230098461538461,0.398664,0.0703195853102296,0.0694042165064077,2026-01-01 00:24:32
0,0.0091222373798076,0.2230098461538461,0.3978295384615384,0.0687452322026249,0.0681373006199927,2026-01-01 00:24:33
0,0.0081048299278846,0.1998535384615384,0.37968,0.0689149124199346,0.0684366633149756,2026-01-01 00:24:34
0,0.0087983131009615,0.1821212307692307,0.3619476923076923,0.0672852959604461,0.0667075763242998,2026-01-01 00:24:35
0,0.0083682475961538,0.1714818461538461,0.3375396923076922,0.0645786201018657,0.0640341362589561,2026-01-01 00:24:36
0,0.0099008780048076,0.1902572307692307,0.3648683076923077,0.0648808470368741,0.0641209554432572,2026-01-01 00:24:37
0,0.0119409897836538,0.1906744615384615,0.3809316923076923,0.0663924046775029,0.0653097554875838,2026-01-01 00:24:38
0,0.0100332998798076,0.1906744615384615,0.3773852307692307,0.0656435311623292,0.0648722288578212,2026-01-01 00:24:39
0,0.0080738635817307,0.2019396923076923,0.3765507692307692,0.0642999556706833,0.0637910418955157,2026-01-01 00:24:40
0,0.0099784975961538,0.2019396923076923,0.3786369230769231,0.0638658377976937,0.063081493508991,2026-01-01 00:24:41
0,0.0101471826923076,0.1992276923076923,0.3613218461538461,0.0640535951106213,0.0632447446828931,2026-01-01 00:24:42
0,0.0096718900240384,0.2513815384615384,0.4297476923076923,0.0606909296681724,0.0599153026141899,2026-01-01 00:24:43
0,0.0102718629807692,0.2513815384615384,0.4297476923076923,0.0632194181225901,0.0623793528233756,2026-01-01 00:24:44
0,0.0110350204326923,0.2234270769230769,0.4001243076923076,0.0665436697315286,0.0656223156052026,2026-01-01 00:24:45
0,0.0084633876201923,0.2234270769230769,0.3773852307692308,0.058456891747515,0.057840982553645,2026-01-01 00:24:46
0,0.0084024735576923,0.2271821538461538,0.4074258461538461,0.0601356328033104,0.0595457200037657,2026-01-01 00:24:47
0,0.0100335036057692,0.2271821538461538,0.4316252307692307,0.068370315128486,0.0676300879502718,2026-01-01 00:24:48
0,0.0101763155048076,0.2238443076923077,0.4282873846153846,0.0671933098964793,0.0664182467217474,2026-01-01 00:24:49
0,0.0105872307692307,0.2138307692307692,0.3982467692307692,0.067320329515082,0.0664826090843183,2026-01-01 00:24:50
0,0.0126120631009615,0.2271821538461538,0.409512,0.0711826389183524,0.0700564340208514,2026-01-01 00:24:51
0,0.0115520769230769,0.2271821538461538,0.4220289230769231,0.0693699236979824,0.0684012853141461,2026-01-01 00:24:52
0,0.0072341051682692,0.2171686153846153,0.4120153846153845,0.0681002768540155,0.0677149572104124,2026-01-01 00:24:53
0,0.0081755228365384,0.2171686153846153,0.4101378461538462,0.0678938195329892,0.0673997889991307,2026-01-01 00:24:54
0,0.0104613281249999,0.232188923076923,0.4182738461538461,0.0693554020703097,0.0685618874462729,2026-01-01 00:24:55
0,0.0100779158653846,0.232188923076923,0.4182738461538461,0.0664400436967443,0.0656712647832788,2026-01-01 00:24:56
0,0.0106493671874999,0.1883796923076923,0.3730043076923077,0.0605089128312971,0.0595644148005444,2026-01-01 00:24:57
0,0.0123119747596153,0.1883796923076923,0.3686233846153846,0.0642060719618477,0.0630145614464511,2026-01-01 00:24:58
0,0.0100330961538461,0.1802436923076923,0.3548547692307692,0.0636686360679665,0.0628731437127399,2026-01-01 00:24:59
0,0.0094575703125,0.1900486153846153,0.371544,0.0627643474942684,0.0620477048742772,2026-01-01 00:25:00
0,0.0123274579326923,0.1900486153846153,0.371544,0.0666789300539517,0.0655294856843657,2026-01-01 00:25:01
0,0.0123270504807692,0.1804523076923077,0.3408775384615384,0.0640442442079874,0.0628467106746001,2026-01-01 00:25:02
0,0.0124380811298076,0.2323975384615384,0.3978295384615384,0.0644002247010308,0.0631876813892675,2026-01-01 00:25:03
0,0.0139896580528846,0.2323975384615384,0.4314166153846154,0.0701763549252685,0.0687677995733513,2026-01-01 00:25:04
0,0.0106711658653846,0.2065292307692307,0.4055483076923076,0.0704159223555279,0.0696026460722089,2026-01-01 00:25:05
0,0.0090097806490384,0.1764886153846153,0.3519341538461538,0.0687042919447311,0.0681109652279503,2026-01-01 00:25:06
0,0.0110676165865384,0.2121618461538461,0.3876073846153846,0.0702311801843124,0.0693536338858659,2026-01-01 00:25:07
0,0.0126428257211538,0.2121618461538461,0.3871901538461538,0.0673865749513218,0.0661899497012548,2026-01-01 00:25:08
0,0.0141581394230769,0.1898399999999999,0.3563150769230769,0.0660018784312772,0.0644654562113215,2026-01-01 00:25:09
0,0.0141548798076923,0.184416,0.3554806153846154,0.0683229038783847,0.0668405458685428,2026-01-01 00:25:10
0,0.0130358131009615,0.2042344615384615,0.3961606153846154,0.0693195497357807,0.068082799240103,2026-01-01 00:25:11
0,0.0117056862980769,0.2042344615384615,0.3961606153846154,0.0640627648624226,0.0629842420777535,2026-01-01 00:25:12
0,0.0115506508413461,0.1810781538461538,0.3348276923076922,0.059646476637831,0.0585173875053272,2026-01-01 00:25:13
0,0.0129321165865384,0.1944295384615384,0.3602787692307692,0.0648925776415834,0.0635909348379241,2026-01-01 00:25:14
0,0.0149866929086538,0.1944295384615384,0.3692492307692308,0.0688596721065506,0.0672090282498071,2026-01-01 00:25:15
0,0.0146185600961538,0.183372923076923,0.3581926153846154,0.0688006734301995,0.0672296836610444,2026-01-01 00:25:16
0,0.0147615757211538,0.2002707692307692,0.3836436923076923,0.0669223676445172,0.0652740313859698,2026-01-01 00:25:17
0,0.0126968131009615,0.2002707692307692,0.3713353846153846,0.063112919542557,0.0618225812326251,2026-01-01 00:25:18
0,0.0117733233173076,0.2027741538461538,0.4047138461538461,0.0641446962984617,0.0630549833184343,2026-01-01 00:25:19
0,0.0134292079326923,0.2067378461538461,0.409512,0.0686947002152205,0.0673692675628846,2026-01-01 00:25:20
0,0.0151089284855769,0.2067378461538461,0.3709181538461538,0.064207636430709,0.0624046541215945,2026-01-01 00:25:21
0,0.0142143677884615,0.2044430769230769,0.3951175384615384,0.0641079150898999,0.0625122110115148,2026-01-01 00:25:22
0,0.0109135997596153,0.2044430769230769,0.4051310769230769,0.0664590107010288,0.0655567955565736,2026-01-01 00:25:23
0,0.0109616790865384,0.200688,0.387816,0.0592709926040177,0.0582485378002682,2026-01-01 00:25:24
0,0.0110961382211538,0.192552,0.3604873846153846,0.061430455210324,0.060420001191035,2026-01-01 00:25:25
0,0.0104918870192307,0.2056947692307692,0.3982467692307692,0.0691318989830202,0.0683311039262078,2026-01-01 00:25:26
0,0.0113890961538461,0.2056947692307692,0.4049224615384615,0.0675502590732497,0.0665832260382568,2026-01-01 00:25:27
0,0.0125927091346153,0.1992276923076923,0.3673716923076923,0.0645302539893019,0.0632896307192164,2026-01-01 00:25:28
0,0.0119220432692307,0.1992276923076923,0.3673716923076923,0.0620557779685069,0.0608997903408806,2026-01-01 00:25:29
0,0.010090954326923,0.2194633846153846,0.3876073846153846,0.0628074310966293,0.0619914997538355,2026-01-01 00:25:30
0,0.0090391171875,0.2215495384615384,0.4124326153846154,0.0667207809023548,0.0661056500209375,2026-01-01 00:25:31
0,0.0087257866586538,0.2215495384615384,0.4124326153846154,0.0661722209455988,0.0655943859797529,2026-01-01 00:25:32
0,0.0097319891826923,0.1869193846153846,0.3571495384615384,0.066491174117839,0.0657751064014095,2026-01-01 00:25:33
0,0.0124152638221153,0.1869193846153846,0.36612,0.0689947347964843,0.0678685100312691,2026-01-01 00:25:34
0,0.0109588269230769,0.1792006153846154,0.3519341538461538,0.0654274767933388,0.0645031691625531,2026-01-01 00:25:35
0,0.0074046237980769,0.165432,0.3287778461538462,0.0631214344738652,0.0626856206513696,2026-01-01 00:25:36
0,0.0061350036057692,0.165432,0.3300295384615385,0.0605282494781674,0.0602165319131587,2026-01-01 00:25:37
0,0.010737173076923,0.1846246153846154,0.3629907692307692,0.0637736625122381,0.0628632893232691,2026-01-01 00:25:38
0,0.0125234423076923,0.2000621538461538,0.3784283076923076,0.0658292399957319,0.0646270240006576,2026-01-01 00:25:39
0,0.0110533557692307,0.2000621538461538,0.3490135384615384,0.0586547876302434,0.0576038838811045,2026-01-01 00:25:40
0,0.0119322295673076,0.1581304615384615,0.3085421538461538,0.0586528152771514,0.057426253904366,2026-01-01 00:25:41
0,0.0104678473557692,0.2040258461538461,0.3865643076923076,0.0662218256658631,0.0653892526815858,2026-01-01 00:25:42
0,0.0077434200721153,0.2040258461538461,0.3865643076923076,0.0690050771831796,0.0685692359782675,2026-01-01 00:25:43
0,0.0072212704326923,0.1710646153846154,0.3419206153846154,0.0648027193608295,0.0643991124930798,2026-01-01 00:25:44
0,0.0090584711538461,0.1950553846153846,0.3659113846153846,0.0655783638980785,0.0649497183358307,2026-01-01 00:25:45
0,0.0092780877403846,0.1960984615384615,0.3790541538461538,0.0687688460812678,0.0681400857002017,2026-01-01 00:25:46
0,0.0085387662259615,0.2059033846153846,0.3888590769230768,0.0660441596020331,0.0654898502737424,2026-01-01 00:25:47
0,0.0079116977163461,0.2059033846153846,0.3974123076923077,0.0665163306804016,0.0660441313549485,2026-01-01 00:25:48
0,0.006848859375,0.1938036923076923,0.3853126153846153,0.0686697917783802,0.0683273988100496,2026-01-01 00:25:49
0,0.0066736550480769,0.1994363076923077,0.3876073846153846,0.0664450362118813,0.066109039968052,2026-01-01 00:25:50
0,0.0075967373798076,0.1994363076923077,0.3800972307692307,0.0653108632570345,0.0648675453563744,2026-01-01 00:25:51
0,0.0100718040865384,0.2691138461538461,0.490872,0.0714534536044735,0.070740050851332,2026-01-01 00:25:52
0,0.0099410120192307,0.2691138461538461,0.490872,0.0699996732320088,0.0692901907388161,2026-01-01 00:25:53
0,0.0079650739182692,0.1764886153846153,0.3166781538461538,0.0621222856842988,0.0616095445212683,2026-01-01 00:25:54
0,0.0093045721153846,0.2405335384615384,0.4504006153846154,0.0672275392036749,0.0665805299252811,2026-01-01 00:25:55
0,0.0073799729567307,0.2405335384615384,0.4504006153846154,0.0660429015193368,0.0656292681678742,2026-01-01 00:25:56
0,0.0089875745192307,0.1727335384615384,0.3427550769230769,0.0633645547812418,0.0627239213289975,2026-01-01 00:25:57
0,0.0127402067307692,0.205068923076923,0.3694578461538461,0.0684442641044921,0.0672480811716047,2026-01-01 00:25:58
0,0.0119548431490384,0.205068923076923,0.3648683076923076,0.066817144365755,0.0657389725085207,2026-01-01 00:25:59
0,0.0106430516826923,0.1992276923076923,0.3882332307692308,0.063734839429855,0.0628399173139887,2026-01-01 00:26:00
0,0.0089454032451923,0.1992276923076923,0.3882332307692308,0.0672227366243218,0.0666248908445173,2026-01-01 00:26:01
0,0.0100424675480769,0.2232184615384615,0.4128498461538461,0.0718208709225474,0.0711153031746265,2026-01-01 00:26:02
0,0.0105238719951923,0.2444972307692307,0.4397612307692308,0.0718743826372328,0.0710997538512769,2026-01-01 00:26:03
0,0.0101433118990384,0.2444972307692307,0.4397612307692308,0.0688249642283875,0.0680734083527309,2026-01-01 00:26:04
0,0.0115209068509615,0.21696,0.408468923076923,0.0676086132973729,0.0666197665661264,2026-01-01 00:26:05
0,0.0114432872596153,0.196932923076923,0.3884418461538461,0.0662204419565838,0.0652242141356967,2026-01-01 00:26:06
0,0.0097348413461538,0.1867107692307692,0.3519341538461538,0.0647181805699108,0.0639818393002639,2026-01-01 00:26:07
0,0.0106465150240384,0.1867107692307692,0.355272,0.0637691509879018,0.0628741308930847,2026-01-01 00:26:08
0,0.0107119110576923,0.1835815384615384,0.3521427692307692,0.0647166891891098,0.0638240144545291,2026-01-01 00:26:09
0,0.0101573689903846,0.1664750769230769,0.3294036923076923,0.0644401285596197,0.0636345662668765,2026-01-01 00:26:10
0,0.0120373521634615,0.1748196923076923,0.3412947692307692,0.0620290498106907,0.0608498576276885,2026-01-01 00:26:11
0,0.0131851442307692,0.2513815384615384,0.4426818461538461,0.0650010148808003,0.0636496968346891,2026-01-01 00:26:12
0,0.010384930889423,0.2513815384615384,0.4647950769230768,0.0688508091237939,0.0680631113557337,2026-01-01 00:26:13
0,0.0078729897836538,0.2134135384615384,0.4205686153846154,0.0705366986526444,0.0700959477336633,2026-01-01 00:26:14
0,0.0089696466346153,0.213204923076923,0.4203599999999999,0.0670428227818932,0.0664400897486937,2026-01-01 00:26:15
0,0.0102402854567307,0.200688,0.3748818461538461,0.0648319675935522,0.0640181269314877,2026-01-01 00:26:16
0,0.0110843221153846,0.1781575384615384,0.3536030769230769,0.0679606810208578,0.0670506671708878,2026-01-01 00:26:17
0,0.0121365667067307,0.1781575384615384,0.3536030769230769,0.0646470409895038,0.0634975878067164,2026-01-01 00:26:18
0,0.0111568485576923,0.2144566153846153,0.4199427692307692,0.0677720693726427,0.0668474241636206,2026-01-01 00:26:19
0,0.0078782866586538,0.2144566153846153,0.4199427692307692,0.0706132703948914,0.070172405938418,2026-01-01 00:26:20
0,0.0092501772836538,0.1890055384615384,0.3694578461538461,0.0664456294678908,0.0657986010155627,2026-01-01 00:26:21
0,0.0113023088942307,0.2432455384615384,0.413892923076923,0.0648703466760188,0.0638781628690607,2026-01-01 00:26:22
0,0.0099890913461538,0.2432455384615384,0.4082603076923076,0.0639715642704694,0.0631868585173293,2026-01-01 00:26:23
0,0.0085750294471153,0.2177944615384615,0.4068,0.0658000869112194,0.0652389477804872,2026-01-01 00:26:24
0,0.0107165967548076,0.2177944615384615,0.4153532307692308,0.0683717600694014,0.0675266771652703,2026-01-01 00:26:25
0,0.0094200847355769,0.2065292307692307,0.404088,0.0660708774215544,0.065395893195434,2026-01-01 00:26:26
0,0.0075932740384615,0.1814953846153846,0.3381655384615384,0.0599494935187186,0.059466662614676,2026-01-01 00:26:27
0,0.0097543990384615,0.1800350769230769,0.3354535384615384,0.0635505021457682,0.0627974364315753,2026-01-01 00:26:28
0,0.0095694158653846,0.1800350769230769,0.3444239999999999,0.0656479209950692,0.0649467151668979,2026-01-01 00:26:29
0,0.0101467752403846,0.1839987692307692,0.3640338461538461,0.0632738040394387,0.0624549215822293,2026-01-01 00:26:30
0,0.010837813701923,0.1839987692307692,0.3640338461538461,0.0623869062210992,0.0614383256770775,2026-01-01 00:26:31
0,0.010543837139423,0.1810781538461538,0.3277347692307692,0.0620380813909289,0.0611355137464702,2026-01-01 00:26:32
0,0.0079840204326923,0.2090326153846154,0.3901107692307692,0.0641241904458397,0.0636252089824832,2026-01-01 00:26:33
0,0.0065593647836538,0.2090326153846154,0.3686233846153846,0.0630423890787776,0.062700219731632,2026-01-01 00:26:34
0,0.0114263780048076,0.200688,0.3873987692307692,0.0655347867497234,0.0645309705492097,2026-01-01 00:26:35
0,0.012164680889423,0.1998535384615384,0.3865643076923076,0.0682028435202207,0.0671092274065364,2026-01-01 00:26:36
0,0.008883266826923,0.1998535384615384,0.398664,0.066319331321837,0.065721695637417,2026-01-01 00:26:37
0,0.0092823659855769,0.1988104615384615,0.3748818461538461,0.0626454967789629,0.0619539825063156,2026-01-01 00:26:38
0,0.0092544555288461,0.1879624615384615,0.3538116923076922,0.0630516529793197,0.0623687902423092,2026-01-01 00:26:39
0,0.0085053551682692,0.2157083076923077,0.4287046153846153,0.0693155533827031,0.0687917500446962,2026-01-01 00:26:40
0,0.0100622289663461,0.2157083076923077,0.4287046153846153,0.0704169094741413,0.0696942801678749,2026-01-01 00:26:41
0,0.0116195102163461,0.1877538461538461,0.3725870769230769,0.0685472507404245,0.067555255653449,2026-01-01 00:26:42
0,0.0104014326923076,0.2011052307692307,0.3821833846153846,0.0663472957192539,0.065526894075681,2026-01-01 00:26:43
0,0.0099599585336538,0.2011052307692307,0.3750904615384615,0.066159130207396,0.0654051201039114,2026-01-01 00:26:44
0,0.010194243389423,0.2025655384615384,0.3876073846153846,0.0665802782830316,0.0657952191117495,2026-01-01 00:26:45
0,0.0097975889423076,0.2025655384615384,0.3984553846153845,0.0679755018543434,0.0672657126868319,2026-01-01 00:26:46
0,0.0103246280048076,0.1958898461538461,0.3809316923076923,0.0679683947981904,0.0671796453399764,2026-01-01 00:26:47
0,0.0125898569711538,0.1927606153846154,0.348804923076923,0.0671881563321843,0.0659980594621079,2026-01-01 00:26:48
0,0.0119796977163461,0.2094498461538461,0.3942830769230769,0.0721432077285982,0.0711416141509077,2026-01-01 00:26:49
0,0.0086567235576923,0.2094498461538461,0.3942830769230769,0.0677861389492457,0.0672311071669368,2026-01-01 00:26:50
0,0.0085856231971153,0.1877538461538461,0.3544375384615384,0.0604717088634002,0.0598591233411999,2026-01-01 00:26:51
0,0.0101347554086538,0.2415766153846154,0.4293304615384615,0.0714200446161406,0.0706973090419874,2026-01-01 00:26:52
0,0.0103018106971153,0.2415766153846154,0.4218203076923077,0.0721640433494072,0.0714249385641733,2026-01-01 00:26:53
0,0.0099369375,0.2215495384615384,0.4268270769230769,0.0607980714311911,0.059980519861646,2026-01-01 00:26:54
0,0.0134212626201923,0.2215495384615384,0.3842695384615384,0.0601217532647755,0.0586045640313992,2026-01-01 00:26:55
0,0.0127734140625,0.2065292307692307,0.4045052307692307,0.0665221461162881,0.0652842692928757,2026-01-01 00:26:56
0,0.0094997415865384,0.2065292307692307,0.4045052307692307,0.0665498448795366,0.0658683289850241,2026-01-01 00:26:57
0,0.0106269573317307,0.1814953846153846,0.3508910769230769,0.0617600100236106,0.0608388577800904,2026-01-01 00:26:58
0,0.0104334176682692,0.1650147692307692,0.313548923076923,0.0596104277194711,0.0586902622984234,2026-01-01 00:26:59
0,0.0104191568509615,0.1881710769230769,0.3744646153846153,0.0645128817595121,0.0636659491677604,2026-01-01 00:27:00
0,0.0126760330528846,0.1881710769230769,0.3744646153846153,0.0674535255915153,0.0662517645105954,2026-01-01 00:27:01
0,0.0136150060096153,0.1942209230769231,0.3531858461538462,0.0678208658498567,0.0664402096322881,2026-01-01 00:27:02
0,0.0111933155048076,0.2054861538461538,0.3997070769230769,0.0700305822319818,0.069130254850971,2026-01-01 00:27:03
0,0.011288048076923,0.2054861538461538,0.4009587692307692,0.0677691614129949,0.0668224453999824,2026-01-01 00:27:04
0,0.0128345318509615,0.1954726153846153,0.3765507692307692,0.0656027192793882,0.0643349949018174,2026-01-01 00:27:05
0,0.0129588046874999,0.224052923076923,0.4191083076923076,0.0656048163189597,0.0643122173876447,2026-01-01 00:27:06
0,0.0131971640624999,0.2296855384615384,0.3961606153846153,0.0677499385863359,0.0664521560158867,2026-01-01 00:27:07
0,0.015019696514423,0.2296855384615384,0.405756923076923,0.068099906146442,0.0664229322882454,2026-01-01 00:27:08
0,0.0141909393028846,0.1931778461538461,0.3752990769230769,0.0657168958283876,0.0641664058446552,2026-01-01 00:27:09
0,0.0122899723557692,0.2196719999999999,0.4128498461538461,0.0646703893793124,0.0634918565011791,2026-01-01 00:27:10
0,0.0136645114182692,0.2196719999999999,0.4101378461538461,0.0668892847183078,0.0654786800250802,2026-01-01 00:27:11
0,0.0147740030048076,0.1917175384615384,0.3748818461538461,0.0665307105315467,0.0648695944109904,2026-01-01 00:27:12
0,0.0147595384615384,0.2015224615384615,0.39324,0.0648407863886783,0.063138606287315,2026-01-01 00:27:13
0,0.0149023503605769,0.2015224615384615,0.3846867692307692,0.0654008363227479,0.0636803686032475,2026-01-01 00:27:14
0,0.0147607608173076,0.1944295384615384,0.3673716923076923,0.0669009985819647,0.0652523068661812,2026-01-01 00:27:15
0,0.0117635444711538,0.1944295384615384,0.3882332307692308,0.0714010731494578,0.0704253666541354,2026-01-01 00:27:16
0,0.0095101316105769,0.2059033846153846,0.3830178461538461,0.0718319716870512,0.0711996457378745,2026-01-01 00:27:17
0,0.0136824393028846,0.208824,0.4147273846153846,0.066520700291285,0.0650983442336734,2026-01-01 00:27:18
0,0.0141045594951923,0.208824,0.3857298461538462,0.0664878646388893,0.0649745915391998,2026-01-01 00:27:19
0,0.0117278924278846,0.206112,0.3940744615384615,0.0669210355725053,0.065885366670426,2026-01-01 00:27:20
0,0.0120939879807692,0.1904658461538461,0.3784283076923077,0.0598900935147757,0.0586562763558137,2026-01-01 00:27:21
0,0.01228875,0.1610510769230769,0.3106283076923077,0.0558535726770648,0.0544849355714922,2026-01-01 00:27:22
0,0.0117828984375,0.183372923076923,0.344424,0.0607775598436864,0.0596244503954916,2026-01-01 00:27:23
0,0.0096564068509615,0.2290596923076923,0.4418473846153846,0.070330001481948,0.0696639283645382,2026-01-01 00:27:24
0,0.0125458521634615,0.2290596923076923,0.4418473846153846,0.0703216643769687,0.0691934828884889,2026-01-01 00:27:25
0,0.0147440552884615,0.1771144615384615,0.3536030769230769,0.0640683850903417,0.0623487834823993,2026-01-01 00:27:26
0,0.0126945721153846,0.1963070769230769,0.3727956923076923,0.0717312647186897,0.0705990239093293,2026-01-01 00:27:27
0,0.0098680781249999,0.1963070769230769,0.3723784615384615,0.0708570252934014,0.0701665095864731,2026-01-01 00:27:28
0,0.0104238425480769,0.1764886153846153,0.3415033846153846,0.0637022624089946,0.0628436292917373,2026-01-01 00:27:29
0,0.0097680486778846,0.1764886153846153,0.3381655384615384,0.0646895891282666,0.063947855058715,2026-01-01 00:27:30
0,0.0114781243990384,0.1852504615384615,0.3375396923076923,0.0669818291623301,0.0659910455911389,2026-01-01 00:27:31
0,0.0133228629807692,0.1852504615384615,0.3458843076923077,0.0645508389027216,0.0631610016152433,2026-01-01 00:27:32
0,0.011595266826923,0.196932923076923,0.3663286153846153,0.0655338622833826,0.0644998983951899,2026-01-01 00:27:33
0,0.0085626021634615,0.2257218461538461,0.4226547692307692,0.0692124824652797,0.0686807802314223,2026-01-01 00:27:34
0,0.0090476736778846,0.2257218461538461,0.4045052307692307,0.0689908643951502,0.068395021536721,2026-01-01 00:27:35
0,0.0121506237980769,0.1933864615384615,0.3709181538461538,0.0650962059823447,0.0639521569191646,2026-01-01 00:27:36
0,0.0101337367788461,0.1933864615384615,0.3611132307692307,0.0585586898242623,0.0576751899245354,2026-01-01 00:27:37
0,0.0118912806490384,0.1908830769230769,0.3567323076923077,0.0624522923227758,0.0613097566533684,2026-01-01 00:27:38
0,0.0142777265624999,0.2071550769230769,0.3725870769230769,0.0666279733785344,0.0650802071350205,2026-01-01 00:27:39
0,0.0131087469951923,0.2071550769230769,0.3947003076923077,0.0701878426412176,0.0689528390049631,2026-01-01 00:27:40
0,0.0105713401442307,0.199644923076923,0.3938658461538462,0.0690790317203213,0.0682653601101769,2026-01-01 00:27:41
0,0.0104806820913461,0.199644923076923,0.371544,0.065350327154867,0.0645044228107522,2026-01-01 00:27:42
0,0.0122423004807692,0.2228012307692307,0.3965778461538461,0.0723123062585356,0.0712684763087215,2026-01-01 00:27:43
0,0.0121587728365384,0.2228012307692307,0.3965778461538461,0.0715769892546401,0.0705367254263219,2026-01-01 00:27:44
0,0.0123105486778846,0.235944,0.4266184615384615,0.0662429355203439,0.0650889921384705,2026-01-01 00:27:45
0,0.0126094146634615,0.235944,0.4266184615384615,0.0689108312346663,0.0677473639582939,2026-01-01 00:27:46
0,0.0096144393028846,0.2111187692307692,0.3951175384615384,0.0637736601797502,0.0630447641728749,2026-01-01 00:27:47
0,0.0091886520432692,0.17628,0.3510996923076923,0.0615874925853402,0.0608981766276877,2026-01-01 00:27:48
0,0.0129999573317307,0.1929692307692307,0.3565236923076923,0.0654529421878401,0.064148957516221,2026-01-01 00:27:49
0,0.0133422169471153,0.2011052307692307,0.3586098461538461,0.0634964847512222,0.0620788919255032,2026-01-01 00:27:50
0,0.0119381376201923,0.2011052307692307,0.3909452307692307,0.0663848864590045,0.0653026340995237,2026-01-01 00:27:51
0,0.0126841820913461,0.1898399999999999,0.3727956923076923,0.0663904387814229,0.0651674910232352,2026-01-01 00:27:52
0,0.0114082463942307,0.1708559999999999,0.3377483076923077,0.0604035083304416,0.0593164035729937,2026-01-01 00:27:53
0,0.0105008509615384,0.2019396923076923,0.3636166153846154,0.0657166193554032,0.0648722297180119,2026-01-01 00:27:54
0,0.0116233810096153,0.2553452307692307,0.4572849230769231,0.0731429162853744,0.0722134559250185,2026-01-01 00:27:55
0,0.0134440799278846,0.2553452307692307,0.471888,0.0774682447125454,0.0762927627874064,2026-01-01 00:27:56
0,0.0126878491586538,0.2200892307692307,0.436632,0.0730859290678929,0.0719761871138248,2026-01-01 00:27:57
0,0.0118462572115384,0.1973501538461538,0.3696664615384615,0.0657535077140634,0.064677584732127,2026-01-01 00:27:58
0,0.0127622091346153,0.1973501538461538,0.3696664615384615,0.0635620159034819,0.0622676150476219,2026-01-01 00:27:59
0,0.0094777391826923,0.1800350769230769,0.3600701538461538,0.0622669071231119,0.0615413696846528,2026-01-01 00:28:00
0,0.0100638587740384,0.1904658461538461,0.35256,0.0637907723477078,0.0629919152216639,2026-01-01 00:28:01
0,0.014029180889423,0.2102843076923076,0.3924055384615384,0.0654564056070146,0.0639353041641459,2026-01-01 00:28:02
0,0.0142212944711538,0.2102843076923076,0.3924055384615384,0.0630763576987325,0.0614522715943291,2026-01-01 00:28:03
0,0.011634993389423,0.1848332307692307,0.348804923076923,0.0610908224511123,0.0599726230590376,2026-01-01 00:28:04
0,0.0118782421874999,0.195264,0.3800972307692308,0.0652688477501992,0.0641788894354972,2026-01-01 00:28:05
0,0.0107257644230769,0.195264,0.3778024615384615,0.0642206077751842,0.0633185947455777,2026-01-01 00:28:06
0,0.0087310835336538,0.1862935384615384,0.3688319999999999,0.0642332688306149,0.0636371039959739,2026-01-01 00:28:07
0,0.0107872896634615,0.2081981538461538,0.3609046153846154,0.0651326933624235,0.0642331855535755,2026-01-01 00:28:08
0,0.0138460312499999,0.2081981538461538,0.3609046153846154,0.0598068915305654,0.0581820564536252,2026-01-01 00:28:09
0,0.0136659375,0.1787833846153846,0.3490135384615385,0.0658649051034482,0.0644315751517246,2026-01-01 00:28:10
0,0.0110278900240384,0.1906744615384615,0.3694578461538461,0.0712630468619393,0.0704045984980006,2026-01-01 00:28:11
0,0.0105908978365384,0.1906744615384615,0.3684147692307692,0.0655911746439325,0.0647304802561116,2026-01-01 00:28:12
0,0.0112723611778846,0.1777403076923077,0.341712,0.0621552183187827,0.0611245043966073,2026-01-01 00:28:13
0,0.0119813275240384,0.1794092307692308,0.3586098461538461,0.0651760855018601,0.0640653565673953,2026-01-01 00:28:14
0,0.0132656159855769,0.1877538461538461,0.3669544615384615,0.0677766518054355,0.0664657653418544,2026-01-01 00:28:15
0,0.0146301724759615,0.1877538461538461,0.3700836923076923,0.0655485876665057,0.0638950342233041,2026-01-01 00:28:16
0,0.0115993413461538,0.1842073846153846,0.3667458461538461,0.062441043926611,0.0613542113222912,2026-01-01 00:28:17
0,0.0112481177884615,0.2323975384615384,0.412224,0.0681300594847727,0.0671951252072318,2026-01-01 00:28:18
0,0.0116060643028846,0.2323975384615384,0.4182738461538461,0.0678475144982036,0.0668474718667898,2026-01-01 00:28:19
0,0.0096753533653846,0.1919261538461538,0.3778024615384615,0.0590184150438213,0.0582199351729259,2026-01-01 00:28:20
0,0.0096344044471153,0.1919261538461538,0.3740473846153846,0.0636355179091709,0.0629019665075569,2026-01-01 00:28:21
0,0.0118843539663461,0.1919261538461538,0.3740473846153846,0.0663089427414305,0.0652352513468669,2026-01-01 00:28:22
0,0.0116938701923076,0.1821212307692307,0.3502652307692308,0.0610313602344326,0.0599005870755082,2026-01-01 00:28:23
0,0.0083598948317307,0.168144,0.3339932307692307,0.0595254747131806,0.0589355096544681,2026-01-01 00:28:24
0,0.0088969164663461,0.1658492307692307,0.3148006153846153,0.061247629747457,0.0605979952397143,2026-01-01 00:28:25
0,0.0106872602163461,0.2275993846153846,0.3911538461538461,0.0653854838954562,0.0645061545382382,2026-01-01 00:28:26
0,0.0100771009615384,0.2323975384615384,0.4599969230769231,0.0692129896740315,0.0684754698839559,2026-01-01 00:28:27
0,0.009979719951923,0.2323975384615384,0.4128498461538461,0.0677301668951398,0.0669909001083332,2026-01-01 00:28:28
0,0.0111676460336538,0.187128,0.3621563076923076,0.0651555807133306,0.0641913808868321,2026-01-01 00:28:29
0,0.0096610925480769,0.187128,0.3700836923076923,0.0660582771215463,0.0653479859448208,2026-01-01 00:28:30
0,0.0073394314903846,0.1829556923076923,0.3629907692307692,0.0654957516356954,0.06508322539428,2026-01-01 00:28:31
0,0.0093487806490384,0.2011052307692307,0.3886504615384615,0.0648490003876067,0.0641715914688733,2026-01-01 00:28:32
0,0.0114687530048076,0.2011052307692307,0.390528,0.0671832256821067,0.0661970808840359,2026-01-01 00:28:33
0,0.0103060889423076,0.1894227692307692,0.3679975384615384,0.0692856331945154,0.068514841442407,2026-01-01 00:28:34
0,0.0106599609374999,0.2033999999999999,0.3909452307692307,0.0677754929793091,0.0669319257260641,2026-01-01 00:28:35
0,0.0105858046875,0.2033999999999999,0.3909452307692307,0.0616987842452514,0.0607838853353435,2026-01-01 00:28:36
0,0.0087412698317307,0.2342750769230769,0.4289132307692307,0.0691107761791829,0.0685557407210949,2026-01-01 00:28:37
0,0.0069391099759615,0.2342750769230769,0.4416387692307691,0.0728010649722587,0.0724696061382739,2026-01-01 00:28:38
0,0.009563915264423,0.2328147692307692,0.4401784615384615,0.0687085805540676,0.0680396984603087,2026-01-01 00:28:39
0,0.0111898521634615,0.2328147692307692,0.3978295384615384,0.0687600393819688,0.0678434243266787,2026-01-01 00:28:40
0,0.010440140625,0.1998535384615384,0.36612,0.063306996960699,0.0624402060207377,2026-01-01 00:28:41
0,0.0112538221153846,0.1998535384615384,0.36612,0.0660966112622262,0.0651315093341551,2026-01-01 00:28:42
0,0.0096851322115384,0.202356923076923,0.4005415384615384,0.0703489355578938,0.0696790567399826,2026-01-01 00:28:43
0,0.0092583263221153,0.3079163076923077,0.4969218461538461,0.0713059398385523,0.0707023369484522,2026-01-01 00:28:44
0,0.0112369128605769,0.3079163076923077,0.4887858461538461,0.0707750226412343,0.0698772897244235,2026-01-01 00:28:45
0,0.0126597349759615,0.2244701538461538,0.4128498461538461,0.0672599015963751,0.0660577434756326,2026-01-01 00:28:46
0,0.0112546370192307,0.2244701538461538,0.4128498461538461,0.0629664283564695,0.0619524353479003,2026-01-01 00:28:47
0,0.0114157842548076,0.2190461538461538,0.4080516923076923,0.0647310614256311,0.063716482821453,2026-01-01 00:28:48
0,0.0120416304086538,0.2559710769230769,0.4750172307692307,0.0684571956897916,0.0673898121292218,2026-01-01 00:28:49
0,0.0098216286057692,0.2559710769230769,0.4224461538461538,0.0630617866028636,0.0622922510515991,2026-01-01 00:28:50
0,0.0105016658653846,0.1723163076923076,0.3429636923076923,0.0624264927000894,0.0615368345374226,2026-01-01 00:28:51
0,0.0119287662259615,0.1723163076923076,0.3429636923076923,0.0632093343119931,0.062073540905056,2026-01-01 00:28:52
0,0.013433282451923,0.1960984615384615,0.3577753846153846,0.0655893830137602,0.0641990193592752,2026-01-01 00:28:53
0,0.014370829326923,0.1960984615384615,0.3907366153846153,0.0676956219923778,0.0661526756933637,2026-01-01 00:28:54
0,0.0125941352163461,0.2188375384615384,0.4067999999999999,0.0673076549782506,0.0661188942498558,2026-01-01 00:28:55
0,0.0121813864182692,0.2188375384615384,0.4239064615384615,0.0698661259306173,0.0687959982664812,2026-01-01 00:28:56
0,0.0100793419471153,0.2313544615384615,0.4364233846153846,0.0696673974773203,0.0689344118505124,2026-01-01 00:28:57
0,0.0117877878605769,0.2572227692307692,0.4885772307692307,0.0721473508285203,0.0711778637564209,2026-01-01 00:28:58
0,0.0158684188701923,0.2572227692307692,0.481692923076923,0.0739091983501276,0.0721856141022477,2026-01-01 00:28:59
0,0.0139666370192307,0.238656,0.4631261538461538,0.068270124810511,0.0668262148562658,2026-01-01 00:29:00
0,0.011955046875,0.238656,0.4355889230769231,0.0658371102223714,0.0647425820974823,2026-01-01 00:29:01
0,0.0117688413461538,0.196932923076923,0.3880246153846153,0.0658894096754567,0.0648298440592697,2026-01-01 00:29:02
0,0.0122231502403846,0.1910916923076923,0.3717526153846153,0.0609128128662018,0.0596738248269198,2026-01-01 00:29:03
0,0.0118305703124999,0.1785747692307692,0.3421292307692307,0.0613392739396137,0.0601875745774821,2026-01-01 00:29:04
0,0.0140230691105769,0.1837901538461538,0.3490135384615385,0.0676624491898039,0.0661933573939468,2026-01-01 00:29:05
0,0.0158894026442307,0.1896313846153846,0.3531858461538461,0.06883241752595,0.0669733423540756,2026-01-01 00:29:06
0,0.0146248756009615,0.1896313846153846,0.3698750769230769,0.0665236551586263,0.0648961455659751,2026-01-01 00:29:07
0,0.0134999008413461,0.1919261538461538,0.3538116923076923,0.0662089228665687,0.0648180078714633,2026-01-01 00:29:08
0,0.0151684164663461,0.2079895384615384,0.4145187692307692,0.0743157471880935,0.0727512846761355,2026-01-01 00:29:09
0,0.0156137614182692,0.2079895384615384,0.4145187692307692,0.0729825042819217,0.0712927512839425,2026-01-01 00:29:10
0,0.0145114002403846,0.1837901538461538,0.3609046153846154,0.0651128530872173,0.063475214849742,2026-01-01 00:29:11
0,0.0153972007211538,0.205068923076923,0.4068,0.07125460539557,0.0695711506303503,2026-01-01 00:29:12
0,0.0144354104567307,0.205068923076923,0.4068,0.0738468474655,0.0724222051966006,2026-01-01 00:29:13
0,0.0118517578124999,0.191508923076923,0.3625735384615385,0.0673896832594979,0.0663393190089354,2026-01-01 00:29:14
0,0.0100976772836538,0.2309372307692307,0.4470627692307692,0.0678305429253442,0.0670747304655199,2026-01-01 00:29:15
0,0.0116203251201923,0.2309372307692307,0.4470627692307692,0.0680775588624727,0.0670784769115584,2026-01-01 00:29:16
0,0.0124820859375,0.1858763076923077,0.368832,0.0621947342788252,0.0609293238323104,2026-01-01 00:29:17
0,0.0118478870192307,0.1998535384615384,0.3938658461538462,0.0637171059251928,0.0626058875878442,2026-01-01 00:29:18
0,0.0121549020432692,0.1998535384615384,0.3938658461538462,0.0598742270695283,0.0586274801052541,2026-01-01 00:29:19
0,0.0115514657451923,0.2021483076923077,0.4005415384615385,0.0657004101849226,0.0646769474975801,2026-01-01 00:29:20
0,0.0080891430288461,0.2021483076923077,0.4005415384615385,0.0711442724916394,0.0706829065151081,2026-01-01 00:29:21
0,0.0097841430288461,0.191508923076923,0.3650769230769231,0.0653900333913366,0.0646539017547371,2026-01-01 00:29:22
0,0.0137704489182692,0.1933864615384615,0.3452584615384615,0.0663247049045669,0.0648794360122467,2026-01-01 00:29:23
0,0.014219868389423,0.2292683076923077,0.4487316923076923,0.0709961318850292,0.069557502008223,2026-01-01 00:29:24
0,0.0129037986778846,0.2292683076923077,0.451860923076923,0.0750759124373599,0.0739586682410031,2026-01-01 00:29:25
0,0.0119803088942307,0.2225926153846154,0.4303735384615385,0.070807800225323,0.0697869384021686,2026-01-01 00:29:26
0,0.012644048076923,0.207780923076923,0.3792627692307692,0.0638095347502985,0.0625442625128637,2026-01-01 00:29:27
0,0.0111411616586538,0.1944295384615384,0.3707095384615384,0.0670383480467975,0.0661060861474895,2026-01-01 00:29:28
0,0.0114176177884615,0.2903926153846153,0.4948356923076923,0.0734751435969351,0.072582606254025,2026-01-01 00:29:29
0,0.0142162013221153,0.2903926153846153,0.4948356923076923,0.0707246137691817,0.0692810985245543,2026-01-01 00:29:30
0,0.0134324675480769,0.2102843076923076,0.4032535384615384,0.0666303522937497,0.0652623372425402,2026-01-01 00:29:31
0,0.0126689026442307,0.2102843076923076,0.3767593846153846,0.0648504844657828,0.0636009767317904,2026-01-01 00:29:32
0,0.0136859026442307,0.1708559999999999,0.3269003076923076,0.0628475973277876,0.0613393557081289,2026-01-01 00:29:33
0,0.0137834873798076,0.1708559999999999,0.3383741538461538,0.0652381612002538,0.063765454224376,2026-01-01 00:29:34
0,0.0128496075721153,0.1675181538461538,0.3310726153846153,0.0612465493193694,0.0598834483707525,2026-01-01 00:29:35
0,0.0141638437499999,0.1896313846153846,0.3775938461538461,0.0651323808047057,0.06357367819715,2026-01-01 00:29:36
0,0.0147907085336538,0.1896313846153846,0.3775938461538461,0.0691774757731948,0.06757779291619,2026-01-01 00:29:37
0,0.0129769362980769,0.192552,0.3584012307692307,0.0614390348762145,0.0600529277457507,2026-01-01 00:29:38
0,0.0119454717548076,0.1986018461538461,0.3684147692307692,0.0624659401290376,0.0613131256808817,2026-01-01 00:29:39
0,0.0112947710336538,0.2154996923076923,0.3873987692307692,0.0679064359850136,0.0669605271446103,2026-01-01 00:29:40
0,0.0123959098557692,0.2154996923076923,0.3873987692307692,0.0637360970608051,0.0625190489962221,2026-01-01 00:29:41
0,0.0128913713942307,0.184416,0.3617390769230769,0.0605424166582121,0.0591540088108369,2026-01-01 00:29:42
0,0.0146984206730769,0.184416,0.3617390769230769,0.0636928372391761,0.0619736552519975,2026-01-01 00:29:43
0,0.0128170114182692,0.2455403076923076,0.4245323076923076,0.0642405009923732,0.0629489172746844,2026-01-01 00:29:44
0,0.0103810600961538,0.2490867692307692,0.4946270769230769,0.0692145131201012,0.0684315893263681,2026-01-01 00:29:45
0,0.0108783551682692,0.2490867692307692,0.4720966153846153,0.0669607570773484,0.0660712068695938,2026-01-01 00:29:46
0,0.0122249837740384,0.1921347692307692,0.3757163076923077,0.0654591968570478,0.064307512973946,2026-01-01 00:29:47
0,0.0136630853365384,0.2336492307692307,0.4378836923076923,0.0711698376773733,0.0698460155922307,2026-01-01 00:29:48
0,0.0144246129807692,0.2336492307692307,0.4378836923076923,0.0674666262874153,0.0659065717736918,2026-01-01 00:29:49
0,0.0160786640624999,0.2232184615384615,0.408468923076923,0.0653676761020451,0.0633593690068576,2026-01-01 00:29:50
0,0.0140401820913461,0.2232184615384615,0.4080516923076923,0.0649446387647768,0.0634088273912173,2026-01-01 00:29:51
0,0.0141389891826923,0.1923433846153846,0.3771766153846154,0.0667192492459377,0.0652038894916037,2026-01-01 00:29:52
0,0.0153906814903846,0.218628923076923,0.3755076923076923,0.0687564302192247,0.0670117424020048,2026-01-01 00:29:53
0,0.0147762439903846,0.218628923076923,0.3974123076923076,0.0630213313502698,0.0612645967806622,2026-01-01 00:29:54
0,0.0157720564903846,0.1860849230769231,0.3550633846153846,0.0625299311394589,0.0605081360014468,2026-01-01 00:29:55
0,0.0177750901442307,0.1860849230769231,0.3700836923076923,0.0679835130883044,0.065618627097739,2026-01-01 00:29:56
0,0.015249703125,0.1873366153846154,0.3713353846153846,0.066744975390053,0.064979522115957,2026-01-01 00:29:57
0,0.0132776358173076,0.1873366153846154,0.3600701538461538,0.0628966546292666,0.0614792123457693,2026-01-01 00:29:58
0,0.0167674615384615,0.2017310769230769,0.3992898461538461,0.0668269858675299,0.0646892438794523,2026-01-01 00:29:59
0,0.0072212704326923,0.1710646153846154,0.3419206153846154,0.0648027193608295,0.0643991124930798,2026-01-01 00:10:00
0,0.0090584711538461,0.1950553846153846,0.3659113846153846,0.0655783638980785,0.0649497183358307,2026-01-01 00:10:01
0,0.0092780877403846,0.1960984615384615,0.3790541538461538,0.0687688460812678,0.0681400857002017,2026-01-01 00:10:02
0,0.0085387662259615,0.2059033846153846,0.3888590769230768,0.0660441596020331,0.0654898502737424,2026-01-01 00:10:03
0,0.0079116977163461,0.2059033846153846,0.3974123076923077,0.0665163306804016,0.0660441313549485,2026-01-01 00:10:04
0,0.006848859375,0.1938036923076923,0.3853126153846153,0.0686697917783802,0.0683273988100496,2026-01-01 00:10:05
0,0.0066736550480769,0.1994363076923077,0.3876073846153846,0.0664450362118813,0.066109039968052,2026-01-01 00:10:06
0,0.0075967373798076,0.1994363076923077,0.3800972307692307,0.0653108632570345,0.0648675453563744,2026-01-01 00:10:07
0,0.0100718040865384,0.2691138461538461,0.490872,0.0714534536044735,0.070740050851332,2026-01-01 00:10:08
0,0.0099410120192307,0.2691138461538461,0.490872,0.0699996732320088,0.0692901907388161,2026-01-01 00:10:09
0,0.0079650739182692,0.1764886153846153,0.3166781538461538,0.0621222856842988,0.0616095445212683,2026-01-01 00:10:10
0,0.0093045721153846,0.2405335384615384,0.4504006153846154,0.0672275392036749,0.0665805299252811,2026-01-01 00:10:11
0,0.0073799729567307,0.2405335384615384,0.4504006153846154,0.0660429015193368,0.0656292681678742,2026-01-01 00:10:12
0,0.0089875745192307,0.1727335384615384,0.3427550769230769,0.0633645547812418,0.0627239213289975,2026-01-01 00:10:13
0,0.0127402067307692,0.205068923076923,0.3694578461538461,0.0684442641044921,0.0672480811716047,2026-01-01 00:10:14
0,0.0119548431490384,0.205068923076923,0.3648683076923076,0.066817144365755,0.0657389725085207,2026-01-01 00:10:15
0,0.0106430516826923,0.1992276923076923,0.3882332307692308,0.063734839429855,0.0628399173139887,2026-01-01 00:10:16
0,0.0089454032451923,0.1992276923076923,0.3882332307692308,0.0672227366243218,0.0666248908445173,2026-01-01 00:10:17
0,0.0100424675480769,0.2232184615384615,0.4128498461538461,0.0718208709225474,0.0711153031746265,2026-01-01 00:10:18
0,0.0105238719951923,0.2444972307692307,0.4397612307692308,0.0718743826372328,0.0710997538512769,2026-01-01 00:10:19
0,0.0101433118990384,0.2444972307692307,0.4397612307692308,0.0688249642283875,0.0680734083527309,2026-01-01 00:10:20
0,0.0115209068509615,0.21696,0.408468923076923,0.0676086132973729,0.0666197665661264,2026-01-01 00:10:21
0,0.0114432872596153,0.196932923076923,0.3884418461538461,0.0662204419565838,0.0652242141356967,2026-01-01 00:10:22
0,0.0097348413461538,0.1867107692307692,0.3519341538461538,0.0647181805699108,0.0639818393002639,2026-01-01 00:10:23
0,0.0106465150240384,0.1867107692307692,0.355272,0.0637691509879018,0.0628741308930847,2026-01-01 00:10:24
0,0.0107119110576923,0.1835815384615384,0.3521427692307692,0.0647166891891098,0.0638240144545291,2026-01-01 00:10:25
0,0.0101573689903846,0.1664750769230769,0.3294036923076923,0.0644401285596197,0.0636345662668765,2026-01-01 00:10:26
0,0.0120373521634615,0.1748196923076923,0.3412947692307692,0.0620290498106907,0.0608498576276885,2026-01-01 00:10:27
0,0.0131851442307692,0.2513815384615384,0.4426818461538461,0.0650010148808003,0.0636496968346891,2026-01-01 00:10:28
0,0.010384930889423,0.2513815384615384,0.4647950769230768,0.0688508091237939,0.0680631113557337,2026-01-01 00:10:29
0,0.0078729897836538,0.2134135384615384,0.4205686153846154,0.0705366986526444,0.0700959477336633,2026-01-01 00:10:30
0,0.0089696466346153,0.213204923076923,0.4203599999999999,0.0670428227818932,0.0664400897486937,2026-01-01 00:10:31
0,0.0102402854567307,0.200688,0.3748818461538461,0.0648319675935522,0.0640181269314877,2026-01-01 00:10:32
0,0.0110843221153846,0.1781575384615384,0.3536030769230769,0.0679606810208578,0.0670506671708878,2026-01-01 00:10:33
0,0.0121365667067307,0.1781575384615384,0.3536030769230769,0.0646470409895038,0.0634975878067164,2026-01-01 00:10:34
0,0.0111568485576923,0.2144566153846153,0.4199427692307692,0.0677720693726427,0.0668474241636206,2026-01-01 00:10:35
0,0.0078782866586538,0.2144566153846153,0.4199427692307692,0.0706132703948914,0.070172405938418,2026-01-01 00:10:36
0,0.0092501772836538,0.1890055384615384,0.3694578461538461,0.0664456294678908,0.0657986010155627,2026-01-01 00:10:37
0,0.0113023088942307,0.2432455384615384,0.413892923076923,0.0648703466760188,0.0638781628690607,2026-01-01 00:10:38
0,0.0099890913461538,0.2432455384615384,0.4082603076923076,0.0639715642704694,0.0631868585173293,2026-01-01 00:10:39
0,0.0085750294471153,0.2177944615384615,0.4068,0.0658000869112194,0.0652389477804872,2026-01-01 00:10:40
0,0.0107165967548076,0.2177944615384615,0.4153532307692308,0.0683717600694014,0.0675266771652703,2026-01-01 00:10:41
0,0.0094200847355769,0.2065292307692307,0.404088,0.0660708774215544,0.065395893195434,2026-01-01 00:10:42
0,0.0075932740384615,0.1814953846153846,0.3381655384615384,0.0599494935187186,0.059466662614676,2026-01-01 00:10:43
0,0.0097543990384615,0.1800350769230769,0.3354535384615384,0.0635505021457682,0.0627974364315753,2026-01-01 00:10:44
0,0.0095694158653846,0.1800350769230769,0.3444239999999999,0.0656479209950692,0.0649467151668979,2026-01-01 00:10:45
0,0.0101467752403846,0.1839987692307692,0.3640338461538461,0.0632738040394387,0.0624549215822293,2026-01-01 00:10:46
0,0.010837813701923,0.1839987692307692,0.3640338461538461,0.0623869062210992,0.0614383256770775,2026-01-01 00:10:47
0,0.010543837139423,0.1810781538461538,0.3277347692307692,0.0620380813909289,0.0611355137464702,2026-01-01 00:10:48
0,0.0079840204326923,0.2090326153846154,0.3901107692307692,0.0641241904458397,0.0636252089824832,2026-01-01 00:10:49
0,0.0065593647836538,0.2090326153846154,0.3686233846153846,0.0630423890787776,0.062700219731632,2026-01-01 00:10:50
0,0.0114263780048076,0.200688,0.3873987692307692,0.0655347867497234,0.0645309705492097,2026-01-01 00:10:51
0,0.012164680889423,0.1998535384615384,0.3865643076923076,0.0682028435202207,0.0671092274065364,2026-01-01 00:10:52
0,0.008883266826923,0.1998535384615384,0.398664,0.066319331321837,0.065721695637417,2026-01-01 00:10:53
0,0.0092823659855769,0.1988104615384615,0.3748818461538461,0.0626454967789629,0.0619539825063156,2026-01-01 00:10:54
0,0.0092544555288461,0.1879624615384615,0.3538116923076922,0.0630516529793197,0.0623687902423092,2026-01-01 00:10:55
0,0.0085053551682692,0.2157083076923077,0.4287046153846153,0.0693155533827031,0.0687917500446962,2026-01-01 00:10:56
0,0.0100622289663461,0.2157083076923077,0.4287046153846153,0.0704169094741413,0.0696942801678749,2026-01-01 00:10:57
0,0.0116195102163461,0.1877538461538461,0.3725870769230769,0.0685472507404245,0.067555255653449,2026-01-01 00:10:58
0,0.0104014326923076,0.2011052307692307,0.3821833846153846,0.0663472957192539,0.065526894075681,2026-01-01 00:10:59
0,0.0099599585336538,0.2011052307692307,0.3750904615384615,0.066159130207396,0.0654051201039114,2026-01-01 00:11:00
0,0.010194243389423,0.2025655384615384,0.3876073846153846,0.0665802782830316,0.0657952191117495,2026-01-01 00:11:01
0,0.0097975889423076,0.2025655384615384,0.3984553846153845,0.0679755018543434,0.0672657126868319,2026-01-01 00:11:02
0,0.0103246280048076,0.1958898461538461,0.3809316923076923,0.0679683947981904,0.0671796453399764,2026-01-01 00:11:03
0,0.0125898569711538,0.1927606153846154,0.348804923076923,0.0671881563321843,0.0659980594621079,2026-01-01 00:11:04
0,0.0119796977163461,0.2094498461538461,0.3942830769230769,0.0721432077285982,0.0711416141509077,2026-01-01 00:11:05
0,0.0086567235576923,0.2094498461538461,0.3942830769230769,0.0677861389492457,0.0672311071669368,2026-01-01 00:11:06
0,0.0085856231971153,0.1877538461538461,0.3544375384615384,0.0604717088634002,0.0598591233411999,2026-01-01 00:11:07
0,0.0101347554086538,0.2415766153846154,0.4293304615384615,0.0714200446161406,0.0706973090419874,2026-01-01 00:11:08
0,0.0103018106971153,0.2415766153846154,0.4218203076923077,0.0721640433494072,0.0714249385641733,2026-01-01 00:11:09
0,0.0099369375,0.2215495384615384,0.4268270769230769,0.0607980714311911,0.059980519861646,2026-01-01 00:11:10
0,0.0134212626201923,0.2215495384615384,0.3842695384615384,0.0601217532647755,0.0586045640313992,2026-01-01 00:11:11
0,0.0127734140625,0.2065292307692307,0.4045052307692307,0.0665221461162881,0.0652842692928757,2026-01-01 00:11:12
0,0.0094997415865384,0.2065292307692307,0.4045052307692307,0.0665498448795366,0.0658683289850241,2026-01-01 00:11:13
0,0.0106269573317307,0.1814953846153846,0.3508910769230769,0.0617600100236106,0.0608388577800904,2026-01-01 00:11:14
0,0.0104334176682692,0.1650147692307692,0.313548923076923,0.0596104277194711,0.0586902622984234,2026-01-01 00:11:15
0,0.0104191568509615,0.1881710769230769,0.3744646153846153,0.0645128817595121,0.0636659491677604,2026-01-01 00:11:16
0,0.0126760330528846,0.1881710769230769,0.3744646153846153,0.0674535255915153,0.0662517645105954,2026-01-01 00:11:17
0,0.0136150060096153,0.1942209230769231,0.3531858461538462,0.0678208658498567,0.0664402096322881,2026-01-01 00:11:18
0,0.0111933155048076,0.2054861538461538,0.3997070769230769,0.0700305822319818,0.069130254850971,2026-01-01 00:11:19
0,0.011288048076923,0.2054861538461538,0.4009587692307692,0.0677691614129949,0.0668224453999824,2026-01-01 00:11:20
0,0.0128345318509615,0.1954726153846153,0.3765507692307692,0.0656027192793882,0.0643349949018174,2026-01-01 00:11:21
0,0.0129588046874999,0.224052923076923,0.4191083076923076,0.0656048163189597,0.0643122173876447,2026-01-01 00:11:22
0,0.0131971640624999,0.2296855384615384,0.3961606153846153,0.0677499385863359,0.0664521560158867,2026-01-01 00:11:23
0,0.015019696514423,0.2296855384615384,0.405756923076923,0.068099906146442,0.0664229322882454,2026-01-01 00:11:24
0,0.0141909393028846,0.1931778461538461,0.3752990769230769,0.0657168958283876,0.0641664058446552,2026-01-01 00:11:25
0,0.0122899723557692,0.2196719999999999,0.4128498461538461,0.0646703893793124,0.0634918565011791,2026-01-01 00:11:26
0,0.0136645114182692,0.2196719999999999,0.4101378461538461,0.0668892847183078,0.0654786800250802,2026-01-01 00:11:27
0,0.0147740030048076,0.1917175384615384,0.3748818461538461,0.0665307105315467,0.0648695944109904,2026-01-01 00:11:28
0,0.0147595384615384,0.2015224615384615,0.39324,0.0648407863886783,0.063138606287315,2026-01-01 00:11:29
0,0.0149023503605769,0.2015224615384615,0.3846867692307692,0.0654008363227479,0.0636803686032475,2026-01-01 00:11:30
0,0.0147607608173076,0.1944295384615384,0.3673716923076923,0.0669009985819647,0.0652523068661812,2026-01-01 00:11:31
0,0.0117635444711538,0.1944295384615384,0.3882332307692308,0.0714010731494578,0.0704253666541354,2026-01-01 00:11:32
0,0.0095101316105769,0.2059033846153846,0.3830178461538461,0.0718319716870512,0.0711996457378745,2026-01-01 00:11:33
0,0.0136824393028846,0.208824,0.4147273846153846,0.066520700291285,0.0650983442336734,2026-01-01 00:11:34
0,0.0141045594951923,0.208824,0.3857298461538462,0.0664878646388893,0.0649745915391998,2026-01-01 00:11:35
0,0.0117278924278846,0.206112,0.3940744615384615,0.0669210355725053,0.065885366670426,2026-01-01 00:11:36
0,0.0120939879807692,0.1904658461538461,0.3784283076923077,0.0598900935147757,0.0586562763558137,2026-01-01 00:11:37
0,0.01228875,0.1610510769230769,0.3106283076923077,0.0558535726770648,0.0544849355714922,2026-01-01 00:11:38
0,0.0117828984375,0.183372923076923,0.344424,0.0607775598436864,0.0596244503954916,2026-01-01 00:11:39
0,0.0096564068509615,0.2290596923076923,0.4418473846153846,0.070330001481948,0.0696639283645382,2026-01-01 00:11:40
0,0.0125458521634615,0.2290596923076923,0.4418473846153846,0.0703216643769687,0.0691934828884889,2026-01-01 00:11:41
0,0.0147440552884615,0.1771144615384615,0.3536030769230769,0.0640683850903417,0.0623487834823993,2026-01-01 00:11:42
0,0.0126945721153846,0.1963070769230769,0.3727956923076923,0.0717312647186897,0.0705990239093293,2026-01-01 00:11:43
0,0.0098680781249999,0.1963070769230769,0.3723784615384615,0.0708570252934014,0.0701665095864731,2026-01-01 00:11:44
0,0.0104238425480769,0.1764886153846153,0.3415033846153846,0.0637022624089946,0.0628436292917373,2026-01-01 00:11:45
0,0.0097680486778846,0.1764886153846153,0.3381655384615384,0.0646895891282666,0.063947855058715,2026-01-01 00:11:46
0,0.0114781243990384,0.1852504615384615,0.3375396923076923,0.0669818291623301,0.0659910455911389,2026-01-01 00:11:47
0,0.0133228629807692,0.1852504615384615,0.3458843076923077,0.0645508389027216,0.0631610016152433,2026-01-01 00:11:48
0,0.011595266826923,0.196932923076923,0.3663286153846153,0.0655338622833826,0.0644998983951899,2026-01-01 00:11:49
0,0.0085626021634615,0.2257218461538461,0.4226547692307692,0.0692124824652797,0.0686807802314223,2026-01-01 00:11:50
0,0.0090476736778846,0.2257218461538461,0.4045052307692307,0.0689908643951502,0.068395021536721,2026-01-01 00:11:51
0,0.0121506237980769,0.1933864615384615,0.3709181538461538,0.0650962059823447,0.0639521569191646,2026-01-01 00:11:52
0,0.0101337367788461,0.1933864615384615,0.3611132307692307,0.0585586898242623,0.0576751899245354,2026-01-01 00:11:53
0,0.0118912806490384,0.1908830769230769,0.3567323076923077,0.0624522923227758,0.0613097566533684,2026-01-01 00:11:54
0,0.0142777265624999,0.2071550769230769,0.3725870769230769,0.0666279733785344,0.0650802071350205,2026-01-01 00:11:55
0,0.0131087469951923,0.2071550769230769,0.3947003076923077,0.0701878426412176,0.0689528390049631,2026-01-01 00:11:56
0,0.0105713401442307,0.199644923076923,0.3938658461538462,0.0690790317203213,0.0682653601101769,2026-01-01 00:11:57
0,0.0104806820913461,0.199644923076923,0.371544,0.065350327154867,0.0645044228107522,2026-01-01 00:11:58
0,0.0122423004807692,0.2228012307692307,0.3965778461538461,0.0723123062585356,0.0712684763087215,2026-01-01 00:11:59
0,0.0121587728365384,0.2228012307692307,0.3965778461538461,0.0715769892546401,0.0705367254263219,2026-01-01 00:12:00
0,0.0123105486778846,0.235944,0.4266184615384615,0.0662429355203439,0.0650889921384705,2026-01-01 00:12:01
0,0.0126094146634615,0.235944,0.4266184615384615,0.0689108312346663,0.0677473639582939,2026-01-01 00:12:02
0,0.0096144393028846,0.2111187692307692,0.3951175384615384,0.0637736601797502,0.0630447641728749,2026-01-01 00:12:03
0,0.0091886520432692,0.17628,0.3510996923076923,0.0615874925853402,0.0608981766276877,2026-01-01 00:12:04
0,0.0129999573317307,0.1929692307692307,0.3565236923076923,0.0654529421878401,0.064148957516221,2026-01-01 00:12:05
0,0.0133422169471153,0.2011052307692307,0.3586098461538461,0.0634964847512222,0.0620788919255032,2026-01-01 00:12:06
0,0.0119381376201923,0.2011052307692307,0.3909452307692307,0.0663848864590045,0.0653026340995237,2026-01-01 00:12:07
0,0.0126841820913461,0.1898399999999999,0.3727956923076923,0.0663904387814229,0.0651674910232352,2026-01-01 00:12:08
0,0.0114082463942307,0.1708559999999999,0.3377483076923077,0.0604035083304416,0.0593164035729937,2026-01-01 00:12:09
0,0.0105008509615384,0.2019396923076923,0.3636166153846154,0.0657166193554032,0.0648722297180119,2026-01-01 00:12:10
0,0.0116233810096153,0.2553452307692307,0.4572849230769231,0.0731429162853744,0.0722134559250185,2026-01-01 00:12:11
0,0.0134440799278846,0.2553452307692307,0.471888,0.0774682447125454,0.0762927627874064,2026-01-01 00:12:12
0,0.0126878491586538,0.2200892307692307,0.436632,0.0730859290678929,0.0719761871138248,2026-01-01 00:12:13
0,0.0118462572115384,0.1973501538461538,0.3696664615384615,0.0657535077140634,0.064677584732127,2026-01-01 00:12:14
0,0.0127622091346153,0.1973501538461538,0.3696664615384615,0.0635620159034819,0.0622676150476219,2026-01-01 00:12:15
0,0.0094777391826923,0.1800350769230769,0.3600701538461538,0.0622669071231119,0.0615413696846528,2026-01-01 00:12:16
0,0.0100638587740384,0.1904658461538461,0.35256,0.0637907723477078,0.0629919152216639,2026-01-01 00:12:17
0,0.014029180889423,0.2102843076923076,0.3924055384615384,0.0654564056070146,0.0639353041641459,2026-01-01 00:12:18
0,0.0142212944711538,0.2102843076923076,0.3924055384615384,0.0630763576987325,0.0614522715943291,2026-01-01 00:12:19
0,0.011634993389423,0.1848332307692307,0.348804923076923,0.0610908224511123,0.0599726230590376,2026-01-01 00:12:20
0,0.0118782421874999,0.195264,0.3800972307692308,0.0652688477501992,0.0641788894354972,2026-01-01 00:12:21
0,0.0107257644230769,0.195264,0.3778024615384615,0.0642206077751842,0.0633185947455777,2026-01-01 00:12:22
0,0.0087310835336538,0.1862935384615384,0.3688319999999999,0.0642332688306149,0.0636371039959739,2026-01-01 00:12:23
0,0.0107872896634615,0.2081981538461538,0.3609046153846154,0.0651326933624235,0.0642331855535755,2026-01-01 00:12:24
0,0.0138460312499999,0.2081981538461538,0.3609046153846154,0.0598068915305654,0.0581820564536252,2026-01-01 00:12:25
0,0.0136659375,0.1787833846153846,0.3490135384615385,0.0658649051034482,0.0644315751517246,2026-01-01 00:12:26
0,0.0110278900240384,0.1906744615384615,0.3694578461538461,0.0712630468619393,0.0704045984980006,2026-01-01 00:12:27
0,0.0105908978365384,0.1906744615384615,0.3684147692307692,0.0655911746439325,0.0647304802561116,2026-01-01 00:12:28
0,0.0112723611778846,0.1777403076923077,0.341712,0.0621552183187827,0.0611245043966073,2026-01-01 00:12:29
0,0.0119813275240384,0.1794092307692308,0.3586098461538461,0.0651760855018601,0.0640653565673953,2026-01-01 00:12:30
0,0.0132656159855769,0.1877538461538461,0.3669544615384615,0.0677766518054355,0.0664657653418544,2026-01-01 00:12:31
0,0.0146301724759615,0.1877538461538461,0.3700836923076923,0.0655485876665057,0.0638950342233041,2026-01-01 00:12:32
0,0.0115993413461538,0.1842073846153846,0.3667458461538461,0.062441043926611,0.0613542113222912,2026-01-01 00:12:33
0,0.0112481177884615,0.2323975384615384,0.412224,0.0681300594847727,0.0671951252072318,2026-01-01 00:12:34
0,0.0116060643028846,0.2323975384615384,0.4182738461538461,0.0678475144982036,0.0668474718667898,2026-01-01 00:12:35
0,0.0096753533653846,0.1919261538461538,0.3778024615384615,0.0590184150438213,0.0582199351729259,2026-01-01 00:12:36
0,0.0096344044471153,0.1919261538461538,0.3740473846153846,0.0636355179091709,0.0629019665075569,2026-01-01 00:12:37
0,0.0118843539663461,0.1919261538461538,0.3740473846153846,0.0663089427414305,0.0652352513468669,2026-01-01 00:12:38
0,0.0116938701923076,0.1821212307692307,0.3502652307692308,0.0610313602344326,0.0599005870755082,2026-01-01 00:12:39
0,0.0083598948317307,0.168144,0.3339932307692307,0.0595254747131806,0.0589355096544681,2026-01-01 00:12:40
0,0.0088969164663461,0.1658492307692307,0.3148006153846153,0.061247629747457,0.0605979952397143,2026-01-01 00:12:41
0,0.0106872602163461,0.2275993846153846,0.3911538461538461,0.0653854838954562,0.0645061545382382,2026-01-01 00:12:42
0,0.0100771009615384,0.2323975384615384,0.4599969230769231,0.0692129896740315,0.0684754698839559,2026-01-01 00:12:43
0,0.009979719951923,0.2323975384615384,0.4128498461538461,0.0677301668951398,0.0669909001083332,2026-01-01 00:12:44
0,0.0111676460336538,0.187128,0.3621563076923076,0.0651555807133306,0.0641913808868321,2026-01-01 00:12:45
0,0.0096610925480769,0.187128,0.3700836923076923,0.0660582771215463,0.0653479859448208,2026-01-01 00:12:46
0,0.0073394314903846,0.1829556923076923,0.3629907692307692,0.0654957516356954,0.06508322539428,2026-01-01 00:12:47
0,0.0093487806490384,0.2011052307692307,0.3886504615384615,0.0648490003876067,0.0641715914688733,2026-01-01 00:12:48
0,0.0114687530048076,0.2011052307692307,0.390528,0.0671832256821067,0.0661970808840359,2026-01-01 00:12:49
0,0.0103060889423076,0.1894227692307692,0.3679975384615384,0.0692856331945154,0.068514841442407,2026-01-01 00:12:50
0,0.0106599609374999,0.2033999999999999,0.3909452307692307,0.0677754929793091,0.0669319257260641,2026-01-01 00:12:51
0,0.0105858046875,0.2033999999999999,0.3909452307692307,0.0616987842452514,0.0607838853353435,2026-01-01 00:12:52
0,0.0087412698317307,0.2342750769230769,0.4289132307692307,0.0691107761791829,0.0685557407210949,2026-01-01 00:12:53
0,0.0069391099759615,0.2342750769230769,0.4416387692307691,0.0728010649722587,0.0724696061382739,2026-01-01 00:12:54
0,0.009563915264423,0.2328147692307692,0.4401784615384615,0.0687085805540676,0.0680396984603087,2026-01-01 00:12:55
0,0.0111898521634615,0.2328147692307692,0.3978295384615384,0.0687600393819688,0.0678434243266787,2026-01-01 00:12:56
0,0.010440140625,0.1998535384615384,0.36612,0.063306996960699,0.0624402060207377,2026-01-01 00:12:57
0,0.0112538221153846,0.1998535384615384,0.36612,0.0660966112622262,0.0651315093341551,2026-01-01 00:12:58
0,0.0096851322115384,0.202356923076923,0.4005415384615384,0.0703489355578938,0.0696790567399826,2026-01-01 00:12:59
0,0.0092583263221153,0.3079163076923077,0.4969218461538461,0.0713059398385523,0.0707023369484522,2026-01-01 00:13:00
0,0.0112369128605769,0.3079163076923077,0.4887858461538461,0.0707750226412343,0.0698772897244235,2026-01-01 00:13:01
0,0.0126597349759615,0.2244701538461538,0.4128498461538461,0.0672599015963751,0.0660577434756326,2026-01-01 00:13:02
0,0.0112546370192307,0.2244701538461538,0.4128498461538461,0.0629664283564695,0.0619524353479003,2026-01-01 00:13:03
0,0.0114157842548076,0.2190461538461538,0.4080516923076923,0.0647310614256311,0.063716482821453,2026-01-01 00:13:04
0,0.0120416304086538,0.2559710769230769,0.4750172307692307,0.0684571956897916,0.0673898121292218,2026-01-01 00:13:05
0,0.0098216286057692,0.2559710769230769,0.4224461538461538,0.0630617866028636,0.0622922510515991,2026-01-01 00:13:06
0,0.0105016658653846,0.1723163076923076,0.3429636923076923,0.0624264927000894,0.0615368345374226,2026-01-01 00:13:07
0,0.0119287662259615,0.1723163076923076,0.3429636923076923,0.0632093343119931,0.062073540905056,2026-01-01 00:13:08
0,0.013433282451923,0.1960984615384615,0.3577753846153846,0.0655893830137602,0.0641990193592752,2026-01-01 00:13:09
0,0.014370829326923,0.1960984615384615,0.3907366153846153,0.0676956219923778,0.0661526756933637,2026-01-01 00:13:10
0,0.0125941352163461,0.2188375384615384,0.4067999999999999,0.0673076549782506,0.0661188942498558,2026-01-01 00:13:11
0,0.0121813864182692,0.2188375384615384,0.4239064615384615,0.0698661259306173,0.0687959982664812,2026-01-01 00:13:12
0,0.0100793419471153,0.2313544615384615,0.4364233846153846,0.0696673974773203,0.0689344118505124,2026-01-01 00:13:13
0,0.0117877878605769,0.2572227692307692,0.4885772307692307,0.0721473508285203,0.0711778637564209,2026-01-01 00:13:14
0,0.0158684188701923,0.2572227692307692,0.481692923076923,0.0739091983501276,0.0721856141022477,2026-01-01 00:13:15
0,0.0139666370192307,0.238656,0.4631261538461538,0.068270124810511,0.0668262148562658,2026-01-01 00:13:16
0,0.011955046875,0.238656,0.4355889230769231,0.0658371102223714,0.0647425820974823,2026-01-01 00:13:17
0,0.0117688413461538,0.196932923076923,0.3880246153846153,0.0658894096754567,0.0648298440592697,2026-01-01 00:13:18
0,0.0122231502403846,0.1910916923076923,0.3717526153846153,0.0609128128662018,0.0596738248269198,2026-01-01 00:13:19
0,0.0118305703124999,0.1785747692307692,0.3421292307692307,0.0613392739396137,0.0601875745774821,2026-01-01 00:13:20
0,0.0140230691105769,0.1837901538461538,0.3490135384615385,0.0676624491898039,0.0661933573939468,2026-01-01 00:13:21
0,0.0158894026442307,0.1896313846153846,0.3531858461538461,0.06883241752595,0.0669733423540756,2026-01-01 00:13:22
0,0.0146248756009615,0.1896313846153846,0.3698750769230769,0.0665236551586263,0.0648961455659751,2026-01-01 00:13:23
0,0.0134999008413461,0.1919261538461538,0.3538116923076923,0.0662089228665687,0.0648180078714633,2026-01-01 00:13:24
0,0.0151684164663461,0.2079895384615384,0.4145187692307692,0.0743157471880935,0.0727512846761355,2026-01-01 00:13:25
0,0.0156137614182692,0.2079895384615384,0.4145187692307692,0.0729825042819217,0.0712927512839425,2026-01-01 00:13:26
0,0.0145114002403846,0.1837901538461538,0.3609046153846154,0.0651128530872173,0.063475214849742,2026-01-01 00:13:27
0,0.0153972007211538,0.205068923076923,0.4068,0.07125460539557,0.0695711506303503,2026-01-01 00:13:28
0,0.0144354104567307,0.205068923076923,0.4068,0.0738468474655,0.0724222051966006,2026-01-01 00:13:29
0,0.0118517578124999,0.191508923076923,0.3625735384615385,0.0673896832594979,0.0663393190089354,2026-01-01 00:13:30
0,0.0100976772836538,0.2309372307692307,0.4470627692307692,0.0678305429253442,0.0670747304655199,2026-01-01 00:13:31
0,0.0116203251201923,0.2309372307692307,0.4470627692307692,0.0680775588624727,0.0670784769115584,2026-01-01 00:13:32
0,0.0124820859375,0.1858763076923077,0.368832,0.0621947342788252,0.0609293238323104,2026-01-01 00:13:33
0,0.0118478870192307,0.1998535384615384,0.3938658461538462,0.0637171059251928,0.0626058875878442,2026-01-01 00:13:34
0,0.0121549020432692,0.1998535384615384,0.3938658461538462,0.0598742270695283,0.0586274801052541,2026-01-01 00:13:35
0,0.0115514657451923,0.2021483076923077,0.4005415384615385,0.0657004101849226,0.0646769474975801,2026-01-01 00:13:36
0,0.0080891430288461,0.2021483076923077,0.4005415384615385,0.0711442724916394,0.0706829065151081,2026-01-01 00:13:37
0,0.0097841430288461,0.191508923076923,0.3650769230769231,0.0653900333913366,0.0646539017547371,2026-01-01 00:13:38
0,0.0137704489182692,0.1933864615384615,0.3452584615384615,0.0663247049045669,0.0648794360122467,2026-01-01 00:13:39
0,0.014219868389423,0.2292683076923077,0.4487316923076923,0.0709961318850292,0.069557502008223,2026-01-01 00:13:40
0,0.0129037986778846,0.2292683076923077,0.451860923076923,0.0750759124373599,0.0739586682410031,2026-01-01 00:13:41
0,0.0119803088942307,0.2225926153846154,0.4303735384615385,0.070807800225323,0.0697869384021686,2026-01-01 00:13:42
0,0.012644048076923,0.207780923076923,0.3792627692307692,0.0638095347502985,0.0625442625128637,2026-01-01 00:13:43
0,0.0111411616586538,0.1944295384615384,0.3707095384615384,0.0670383480467975,0.0661060861474895,2026-01-01 00:13:44
0,0.0114176177884615,0.2903926153846153,0.4948356923076923,0.0734751435969351,0.072582606254025,2026-01-01 00:13:45
0,0.0142162013221153,0.2903926153846153,0.4948356923076923,0.0707246137691817,0.0692810985245543,2026-01-01 00:13:46
0,0.0134324675480769,0.2102843076923076,0.4032535384615384,0.0666303522937497,0.0652623372425402,2026-01-01 00:13:47
0,0.0126689026442307,0.2102843076923076,0.3767593846153846,0.0648504844657828,0.0636009767317904,2026-01-01 00:13:48
0,0.0136859026442307,0.1708559999999999,0.3269003076923076,0.0628475973277876,0.0613393557081289,2026-01-01 00:13:49
0,0.0137834873798076,0.1708559999999999,0.3383741538461538,0.0652381612002538,0.063765454224376,2026-01-01 00:13:50
0,0.0128496075721153,0.1675181538461538,0.3310726153846153,0.0612465493193694,0.0598834483707525,2026-01-01 00:13:51
0,0.0141638437499999,0.1896313846153846,0.3775938461538461,0.0651323808047057,0.06357367819715,2026-01-01 00:13:52
0,0.0147907085336538,0.1896313846153846,0.3775938461538461,0.0691774757731948,0.06757779291619,2026-01-01 00:13:53
0,0.0129769362980769,0.192552,0.3584012307692307,0.0614390348762145,0.0600529277457507,2026-01-01 00:13:54
0,0.0119454717548076,0.1986018461538461,0.3684147692307692,0.0624659401290376,0.0613131256808817,2026-01-01 00:13:55
0,0.0112947710336538,0.2154996923076923,0.3873987692307692,0.0679064359850136,0.0669605271446103,2026-01-01 00:13:56
0,0.0123959098557692,0.2154996923076923,0.3873987692307692,0.0637360970608051,0.0625190489962221,2026-01-01 00:13:57
0,0.0128913713942307,0.184416,0.3617390769230769,0.0605424166582121,0.0591540088108369,2026-01-01 00:13:58
0,0.0146984206730769,0.184416,0.3617390769230769,0.0636928372391761,0.0619736552519975,2026-01-01 00:13:59
0,0.0128170114182692,0.2455403076923076,0.4245323076923076,0.0642405009923732,0.0629489172746844,2026-01-01 00:14:00
0,0.0103810600961538,0.2490867692307692,0.4946270769230769,0.0692145131201012,0.0684315893263681,2026-01-01 00:14:01
0,0.0108783551682692,0.2490867692307692,0.4720966153846153,0.0669607570773484,0.0660712068695938,2026-01-01 00:14:02
0,0.0122249837740384,0.1921347692307692,0.3757163076923077,0.0654591968570478,0.064307512973946,2026-01-01 00:14:03
0,0.0136630853365384,0.2336492307692307,0.4378836923076923,0.0711698376773733,0.0698460155922307,2026-01-01 00:14:04
0,0.0144246129807692,0.2336492307692307,0.4378836923076923,0.0674666262874153,0.0659065717736918,2026-01-01 00:14:05
0,0.0160786640624999,0.2232184615384615,0.408468923076923,0.0653676761020451,0.0633593690068576,2026-01-01 00:14:06
0,0.0140401820913461,0.2232184615384615,0.4080516923076923,0.0649446387647768,0.0634088273912173,2026-01-01 00:14:07
0,0.0141389891826923,0.1923433846153846,0.3771766153846154,0.0667192492459377,0.0652038894916037,2026-01-01 00:14:08
0,0.0153906814903846,0.218628923076923,0.3755076923076923,0.0687564302192247,0.0670117424020048,2026-01-01 00:14:09
0,0.0147762439903846,0.218628923076923,0.3974123076923076,0.0630213313502698,0.0612645967806622,2026-01-01 00:14:10
0,0.0157720564903846,0.1860849230769231,0.3550633846153846,0.0625299311394589,0.0605081360014468,2026-01-01 00:14:11
0,0.0177750901442307,0.1860849230769231,0.3700836923076923,0.0679835130883044,0.065618627097739,2026-01-01 00:14:12
0,0.015249703125,0.1873366153846154,0.3713353846153846,0.066744975390053,0.064979522115957,2026-01-01 00:14:13
0,0.0132776358173076,0.1873366153846154,0.3600701538461538,0.0628966546292666,0.0614792123457693,2026-01-01 00:14:14
0,0.0167674615384615,0.2017310769230769,0.3992898461538461,0.0668269858675299,0.0646892438794523,2026-01-01 00:14:15
0,0.0166293353365384,0.2017310769230769,0.3992898461538461,0.0670264800097582,0.0649308418916886,2026-01-01 00:14:16
0,0.0155316598557692,0.191508923076923,0.347136,0.0640327945931768,0.0621205789214545,2026-01-01 00:14:17
0,0.0169288125,0.2027741538461538,0.385104,0.0645436388806604,0.0622839997695792,2026-01-01 00:14:18
0,0.0180091712740384,0.2296855384615384,0.4120153846153845,0.0710467572814529,0.0687263520800576,2026-01-01 00:14:19
0,0.0149453365384615,0.2296855384615384,0.4009587692307692,0.0694731748850445,0.067846583881284,2026-01-01 00:14:20
0,0.0129347650240384,0.180660923076923,0.3450498461538461,0.0646137879349,0.0633058721215428,2026-01-01 00:14:21
0,0.017588680889423,0.1860849230769231,0.3542289230769231,0.0688450298865252,0.066560321849031,2026-01-01 00:14:22
0,0.0189438659855769,0.1960984615384615,0.3836436923076922,0.0718166613489638,0.0692731029248168,2026-01-01 00:14:23
0,0.0173670270432692,0.1960984615384615,0.3836436923076922,0.0689602169239686,0.0667375298455012,2026-01-01 00:14:24
0,0.0179635366586538,0.2011052307692307,0.3778024615384615,0.0672985111868098,0.0648567726507754,2026-01-01 00:14:25
0,0.0161047409855769,0.2011052307692307,0.3778024615384615,0.0652817875930062,0.0632641218158117,2026-01-01 00:14:26
0,0.0148200450721153,0.1979759999999999,0.3563150769230769,0.0647507397290596,0.0630319328556637,2026-01-01 00:14:27
0,0.0162805564903846,0.205068923076923,0.3634079999999999,0.072344102119324,0.0704883862193948,2026-01-01 00:14:28
0,0.0173939188701923,0.205068923076923,0.3738387692307692,0.067346497193121,0.0650615268074784,2026-01-01 00:14:29
0,0.0158413233173076,0.2069464615384615,0.3947003076923077,0.0619103801671005,0.0598493746666699,2026-01-01 00:14:30
0,0.0147088106971153,0.2315630769230769,0.4385095384615384,0.0689865052365771,0.0674002135948597,2026-01-01 00:14:31
0,0.0154452800480769,0.2315630769230769,0.4188996923076923,0.0670375761826384,0.0652340397697362,2026-01-01 00:14:32
0,0.015305727764423,0.2027741538461538,0.3830178461538461,0.0630857594339628,0.061200880230281,2026-01-01 00:14:33
0,0.0142575576923076,0.2027741538461538,0.3830178461538461,0.06504178415963,0.0634598750023856,2026-01-01 00:14:34
0,0.0182316400240384,0.2244701538461538,0.4024190769230769,0.0709444944929369,0.068561859666233,2026-01-01 00:14:35
0,0.0187201748798076,0.2244701538461538,0.3911538461538462,0.0727654393649162,0.070316173235172,2026-01-01 00:14:36
0,0.0168819555288461,0.2163341538461538,0.3830178461538461,0.066842311771551,0.0646752983795768,2026-01-01 00:14:37
0,0.0168998834134615,0.2180030769230769,0.4076344615384615,0.0674049048672971,0.0652519359159618,2026-01-01 00:14:38
0,0.0156559326923076,0.2200892307692307,0.4097206153846153,0.0708295393147672,0.069077604265609,2026-01-01 00:14:39
0,0.0153668455528846,0.2200892307692307,0.4218203076923077,0.0710730129351455,0.0693918815527663,2026-01-01 00:14:40
0,0.0146784555288461,0.2424110769230769,0.4441421538461538,0.072679016119453,0.071181334121941,2026-01-01 00:14:41
0,0.0173179290865384,0.2424110769230769,0.4318338461538461,0.0722203003366452,0.0701132021296193,2026-01-01 00:14:42
0,0.016955704326923,0.1986018461538461,0.3809316923076923,0.067928532052474,0.0657783365370541,2026-01-01 00:14:43
0,0.0145315691105769,0.1973501538461538,0.3698750769230769,0.0684426698003989,0.0668822289445482,2026-01-01 00:14:44
0,0.0130959122596153,0.1973501538461538,0.3713353846153846,0.0645755235811608,0.0632336566068222,2026-01-01 00:14:45
0,0.0143571796874999,0.1940123076923077,0.3761335384615384,0.0655815365226353,0.063990697168343,2026-01-01 00:14:46
0,0.014577,0.1940123076923077,0.3788455384615384,0.067248135226802,0.0656492403800854,2026-01-01 00:14:47
0,0.0145761850961538,0.1848332307692307,0.3542289230769231,0.0594889127440167,0.0576755196552913,2026-01-01 00:14:48
0,0.0178068713942307,0.172524923076923,0.3377483076923077,0.0610923192131766,0.0584395995707876,2026-01-01 00:14:49
0,0.0165519194711538,0.2048603076923076,0.3700836923076923,0.0661630496713394,0.064059215602695,2026-01-01 00:14:50
0,0.0130154405048076,0.2048603076923076,0.3757163076923077,0.0662870220118098,0.0649966737276606,2026-01-01 00:14:51
0,0.012927430889423,0.1856676923076923,0.3565236923076923,0.0660799228862723,0.0648030689030611,2026-01-01 00:14:52
0,0.0138751640624999,0.1971415384615384,0.3629907692307692,0.0650888367728895,0.0635927393236567,2026-01-01 00:14:53
0,0.0147440552884615,0.1971415384615384,0.3531858461538461,0.066454053771207,0.0647977939152041,2026-01-01 00:14:54
0,0.0167348653846153,0.2052775384615384,0.4036707692307692,0.0718308288795327,0.0698542214764398,2026-01-01 00:14:55
0,0.0151645456730769,0.2052775384615384,0.4036707692307692,0.0684003129120742,0.0666981211204546,2026-01-01 00:14:56
0,0.0124751592548076,0.1708559999999999,0.3342018461538462,0.0650687826052926,0.0638617011306622,2026-01-01 00:14:57
0,0.0138065084134615,0.2086153846153846,0.3794713846153846,0.0687800041051477,0.0673800362877103,2026-01-01 00:14:58
0,0.0148827926682692,0.2086153846153846,0.3717526153846154,0.0650598258496964,0.0633346936677374,2026-01-01 00:14:59
0,0.01424859375,0.2004793846153846,0.3800972307692307,0.0619918778575207,0.0603321680072019,2026-01-01 00:15:00
0,0.0155053792067307,0.2004793846153846,0.3800972307692307,0.0626269404206787,0.0606771528840199,2026-01-01 00:15:01
0,0.0170394356971153,0.2269735384615384,0.4120153846153846,0.0662146330785811,0.0639846486655589,2026-01-01 00:15:02
0,0.0154471135817307,0.2269735384615384,0.4120153846153846,0.0687403164795733,0.0669822199669809,2026-01-01 00:15:03
0,0.0126570865384615,0.1662664615384615,0.332532923076923,0.0646079997158844,0.0633560714347537,2026-01-01 00:15:04
0,0.0135964669471153,0.1988104615384615,0.3529772307692307,0.0641342940953634,0.0626765009047775,2026-01-01 00:15:05
0,0.0157836688701923,0.2641070769230769,0.4752258461538461,0.0689647527628759,0.0671342901998727,2026-01-01 00:15:06
0,0.016362454326923,0.2641070769230769,0.4752258461538461,0.0711298723149211,0.0692223144942173,2026-01-01 00:15:07
0,0.0168414140624999,0.1948467692307692,0.370500923076923,0.0682907427741353,0.0661815104165698,2026-01-01 00:15:08
0,0.0169589639423076,0.1875452307692307,0.3631993846153846,0.0687999018787465,0.0666769828391226,2026-01-01 00:15:09
0,0.0154420204326923,0.1908830769230769,0.3757163076923077,0.0695177304181858,0.0677809622788868,2026-01-01 00:15:10
0,0.0157046231971153,0.1908830769230769,0.3730043076923076,0.0686398854504687,0.0668191490883422,2026-01-01 00:15:11
0,0.0186439813701923,0.1908830769230769,0.3769679999999999,0.0691128276556283,0.0665506191197685,2026-01-01 00:15:12
0,0.0183473563701923,0.2630639999999999,0.449148923076923,0.0706689134929132,0.0682456580926143,2026-01-01 00:15:13
0,0.018330243389423,0.2630639999999999,0.4562418461538461,0.0690996112916824,0.0666240081197921,2026-01-01 00:15:14
0,0.0184345510817307,0.1965156923076922,0.3896935384615384,0.0640342511280887,0.0613233450159903,2026-01-01 00:15:15
0,0.0183720072115384,0.2232184615384615,0.438300923076923,0.0664538676632989,0.0638638072653864,2026-01-01 00:15:16
0,0.0172608858173076,0.2232184615384615,0.438300923076923,0.0682932467314234,0.0660759363907992,2026-01-01 00:15:17
0,0.0169779104567307,0.214248,0.3990812307692307,0.0667448801947251,0.0645494352317,2026-01-01 00:15:18
0,0.0197748641826923,0.2234270769230769,0.4063827692307692,0.0705860444415927,0.0677594599776782,2026-01-01 00:15:19
0,0.0198111274038461,0.2234270769230769,0.4063827692307692,0.067566423576125,0.0645967555366128,2026-01-01 00:15:20
0,0.0175440649038461,0.1919261538461538,0.3684147692307692,0.0651901647859346,0.06278505691219,2026-01-01 00:15:21
0,0.0174648155048076,0.207780923076923,0.3997070769230769,0.0729832112349042,0.0708627500280766,2026-01-01 00:15:22
0,0.0175793094951923,0.207780923076923,0.3928227692307692,0.0705864324986551,0.0683623604811847,2026-01-01 00:15:23
0,0.0170526778846153,0.1879624615384615,0.3692492307692308,0.0639765195656016,0.0616619917995791,2026-01-01 00:15:24
0,0.018939384014423,0.2209236923076923,0.4145187692307692,0.0682455842160557,0.0655649258227672,2026-01-01 00:15:25
0,0.0197373786057692,0.2705741538461538,0.491497846153846,0.0713366182744739,0.06855179788022,2026-01-01 00:15:26
0,0.0193885997596153,0.2705741538461538,0.5013027692307692,0.0715616778149301,0.0688850922264702,2026-01-01 00:15:27
0,0.0167246790865384,0.2307286153846153,0.4191083076923076,0.067147008520253,0.0650308070276791,2026-01-01 00:15:28
0,0.0169665018028846,0.214248,0.3876073846153846,0.0646208630726376,0.062353779042054,2026-01-01 00:15:29
0,0.0181919134615384,0.214248,0.3919883076923077,0.0668895893841598,0.0643682487923153,2026-01-01 00:15:30
0,0.0164343695913461,0.199644923076923,0.3773852307692308,0.0637758746720113,0.0616220227379395,2026-01-01 00:15:31
0,0.0179867614182692,0.1958898461538461,0.3556892307692307,0.0622866280316421,0.0596330482638143,2026-01-01 00:15:32
0,0.0203617986778846,0.1906744615384615,0.3454670769230769,0.0644361293591994,0.0611343759385567,2026-01-01 00:15:33
0,0.0171981382211538,0.1906744615384615,0.368832,0.0665446258344429,0.064283833653354,2026-01-01 00:15:34
0,0.014230462139423,0.1781575384615384,0.355272,0.0651071301254532,0.0635329232797543,2026-01-01 00:15:35
0,0.015011751201923,0.1771144615384615,0.3327415384615385,0.0622235172235971,0.0603855398380014,2026-01-01 00:15:36
0,0.0165470300480769,0.2232184615384615,0.3890676923076923,0.0675482262052333,0.0654901417013386,2026-01-01 00:15:37
0,0.016704102764423,0.2232184615384615,0.3980381538461538,0.0721894428530911,0.0702302542375813,2026-01-01 00:15:38
0,0.0167780552884615,0.1748196923076923,0.3490135384615385,0.0662032882352457,0.0640419568243846,2026-01-01 00:15:39
0,0.0171197037259615,0.1950553846153846,0.3675803076923077,0.0621870612242526,0.0597841645257692,2026-01-01 00:15:40
0,0.0146377103365384,0.2165427692307692,0.425784,0.0643266952880409,0.0626391344351442,2026-01-01 00:15:41
0,0.0151258377403846,0.2165427692307692,0.425784,0.0623404747932412,0.0604776308241179,2026-01-01 00:15:42
0,0.0165837007211538,0.1944295384615384,0.3609046153846154,0.0639385767631312,0.0617504855761153,2026-01-01 00:15:43
0,0.0152199591346153,0.199644923076923,0.3940744615384615,0.0672101334771771,0.065464149623749,2026-01-01 00:15:44
0,0.0163194681490384,0.199644923076923,0.3700836923076923,0.0639800851609143,0.0618637717612689,2026-01-01 00:15:45
0,0.0167933347355769,0.1940123076923077,0.3611132307692307,0.0638088423870915,0.061559339463964,2026-01-01 00:15:46
0,0.0154742091346153,0.200688,0.3755076923076923,0.0658289320364751,0.0639843507798669,2026-01-01 00:15:47
0,0.0146703064903846,0.200688,0.3755076923076923,0.0664173503701411,0.0647768981788127,2026-01-01 00:15:48
0,0.0165390847355769,0.2067378461538461,0.4011673846153846,0.0704663834785091,0.0684979552734949,2026-01-01 00:15:49
0,0.0189452920673076,0.224052923076923,0.4184824615384614,0.0693039066662329,0.0666641386930509,2026-01-01 00:15:50
0,0.0172356237980769,0.224052923076923,0.3901107692307692,0.0647530950659089,0.0624171177875573,2026-01-01 00:15:51
0,0.0169006983173076,0.2029827692307692,0.3713353846153846,0.066286422848144,0.0640956804347244,2026-01-01 00:15:52
0,0.0161420228365384,0.2029827692307692,0.3928227692307692,0.068532202238222,0.0666040377331977,2026-01-01 00:15:53
0,0.01340109375,0.2361526153846153,0.4424732307692307,0.0722844217403943,0.0710313192376919,2026-01-01 00:15:54
0,0.0142707998798076,0.2361526153846153,0.4424732307692307,0.0682902610777747,0.0667825128971732,2026-01-01 00:15:55
0,0.0166509302884615,0.1689784615384615,0.3371224615384615,0.0631863668555534,0.0609529611826478,2026-01-01 00:15:56
0,0.0153430096153846,0.2221753846153846,0.394908923076923,0.0721630412591974,0.0705130950938819,2026-01-01 00:15:57
0,0.0125421850961538,0.2221753846153846,0.394908923076923,0.068364790566455,0.0672044506131036,2026-01-01 00:15:58
0,0.0134263557692307,0.2086153846153846,0.3517255384615385,0.0605150025277914,0.0590067665755094,2026-01-01 00:15:59
0,0.0139265030048076,0.2086153846153846,0.4049224615384615,0.0687362320383203,0.0673106388981927,2026-01-01 00:16:00
0,0.0127721917067307,0.1998535384615384,0.3961606153846154,0.0690231447686718,0.0678311553252894,2026-01-01 00:16:01
0,0.0139236508413461,0.2134135384615384,0.3999156923076923,0.0671758472177791,0.0657170175576667,2026-01-01 00:16:02
0,0.0164893756009615,0.2134135384615384,0.3882332307692308,0.0663707862232056,0.0642898262260591,2026-01-01 00:16:03
0,0.0139590991586538,0.2163341538461538,0.4161876923076923,0.0707949276035221,0.0694050814066723,2026-01-01 00:16:04
0,0.0127108701923076,0.2163341538461538,0.4220289230769231,0.0735893841717949,0.0724833169890722,2026-01-01 00:16:05
0,0.0144378551682692,0.2056947692307692,0.4097206153846153,0.0673580788603602,0.0657925461271912,2026-01-01 00:16:06
0,0.0114290264423076,0.2138307692307692,0.412224,0.0641988061310459,0.0631732859936275,2026-01-01 00:16:07
0,0.0102258209134615,0.2138307692307692,0.412224,0.0642858136444445,0.0634673019953902,2026-01-01 00:16:08
0,0.0126092109375,0.187128,0.370500923076923,0.0636877527664499,0.062427058652271,2026-01-01 00:16:09
0,0.0119778641826923,0.2163341538461538,0.4297476923076923,0.0698596139563865,0.0688251148328597,2026-01-01 00:16:10
0,0.0084894645432692,0.2163341538461538,0.4297476923076923,0.0680679066024403,0.0675364264749558,2026-01-01 00:16:11
0,0.0084625727163461,0.1831643076923076,0.3310726153846153,0.0600008130712938,0.0594010305654447,2026-01-01 00:16:12
0,0.0114595853365384,0.205068923076923,0.3940744615384615,0.0655924770279149,0.0645836739940686,2026-01-01 00:16:13
0,0.0100709891826923,0.205068923076923,0.3940744615384615,0.0632947277477807,0.0624883808203395,2026-01-01 00:16:14
0,0.0085886790865384,0.1825384615384615,0.3481790769230769,0.0635956037228887,0.0630129780634684,2026-01-01 00:16:15
0,0.0119092085336538,0.1960984615384615,0.3830178461538461,0.0731692907496585,0.0721935998611373,2026-01-01 00:16:16
0,0.0096081237980769,0.1960984615384615,0.3830178461538461,0.0689232007838323,0.0682502129181242,2026-01-01 00:16:17
0,0.0072770913461538,0.2382387692307692,0.417648,0.0681076359802322,0.0677177526233377,2026-01-01 00:16:18
0,0.0090900486778846,0.2382387692307692,0.4364233846153846,0.0716061520373324,0.0710268401706513,2026-01-01 00:16:19
0,0.0108985240384615,0.1981846153846153,0.3659113846153846,0.0644105113748775,0.0634817780891201,2026-01-01 00:16:20
0,0.0092308233173076,0.199644923076923,0.3686233846153846,0.0640855027847412,0.0634172182302072,2026-01-01 00:16:21
0,0.0099041376201923,0.199644923076923,0.3686233846153846,0.0642874475714838,0.0635199494116342,2026-01-01 00:16:22
0,0.0106780925480769,0.1781575384615384,0.341712,0.0607780252109684,0.0598326556997081,2026-01-01 00:16:23
0,0.0082938876201923,0.2134135384615384,0.3769679999999999,0.0626069278885877,0.0620551274899217,2026-01-01 00:16:24
0,0.0076796538461538,0.2134135384615384,0.3629907692307692,0.0618844627876518,0.0614061043489938,2026-01-01 00:16:25
0,0.0077560510817307,0.2284338461538461,0.3913624615384615,0.0637776346153846,0.0633042680137057,2026-01-01 00:16:26
0,0.00835846875,0.2284338461538461,0.4551987692307692,0.0668627938153583,0.0663382935938993,2026-01-01 00:16:27
0,0.0077642001201923,0.226764923076923,0.4347544615384615,0.0652563078360711,0.0647927689552598,2026-01-01 00:16:28
0,0.0089928713942307,0.2079895384615384,0.3815575384615384,0.0661157725689886,0.0655013255322444,2026-01-01 00:16:29
0,0.008531024639423,0.1908830769230769,0.3644510769230769,0.0653925489813855,0.0648336878550377,2026-01-01 00:16:30
0,0.0051632307692307,0.1727335384615384,0.3302381538461538,0.0644319307066556,0.0642247206503146,2026-01-01 00:16:31
0,0.0050660534855769,0.2033999999999999,0.3896935384615384,0.0680217166391756,0.0678328020696593,2026-01-01 00:16:32
0,0.0058178022836538,0.2033999999999999,0.3896935384615384,0.0640683960357719,0.0638037032403671,2026-01-01 00:16:33
0,0.0077491243990384,0.1890055384615384,0.3686233846153846,0.0614912912120001,0.0610010652855114,2026-01-01 00:16:34
0,0.0082511051682692,0.1967243076923076,0.3763421538461537,0.0656924233023522,0.0651721853464926,2026-01-01 00:16:35
0,0.0060651256009615,0.1967243076923076,0.3746732307692307,0.0635951910518552,0.0633053123866119,2026-01-01 00:16:36
0,0.0061563948317307,0.2015224615384615,0.3861470769230769,0.064705401585864,0.0644118606862414,2026-01-01 00:16:37
0,0.0060471977163461,0.2015224615384615,0.3861470769230769,0.0649780828979838,0.0646960791460864,2026-01-01 00:16:38
0,0.0073559332932692,0.1583390769230769,0.3074990769230769,0.0583188795549181,0.0578531067266575,2026-01-01 00:16:39
0,0.0073033719951923,0.2238443076923077,0.3967864615384615,0.06260106782845,0.0621735832227968,2026-01-01 00:16:40
0,0.0084925204326923,0.2269735384615384,0.4508178461538461,0.0683372891727606,0.0678075378419082,2026-01-01 00:16:41
0,0.0089727025240384,0.2269735384615384,0.4531126153846153,0.0655322821323599,0.0649151031031326,2026-01-01 00:16:42
0,0.0082411225961538,0.2261390769230769,0.3955347692307692,0.0644197385194721,0.0638904265854621,2026-01-01 00:16:43
0,0.0079078269230769,0.1979759999999999,0.3765507692307692,0.0647474174327958,0.0642626978703149,2026-01-01 00:16:44
0,0.0077191766826923,0.1979759999999999,0.3780110769230769,0.0671380276946296,0.0666927962681595,2026-01-01 00:16:45
0,0.0098849873798076,0.2094498461538461,0.4174393846153846,0.0706460144389658,0.0699510284457035,2026-01-01 00:16:46
0,0.0112432283653846,0.2125790769230769,0.4220289230769231,0.0689387844394067,0.0680157762280693,2026-01-01 00:16:47
0,0.0099935733173076,0.226764923076923,0.4393439999999999,0.071633433472769,0.070932906915262,2026-01-01 00:16:48
0,0.0065273798076923,0.226764923076923,0.4341286153846153,0.0694733021293923,0.0691659816789147,2026-01-01 00:16:49
0,0.0075350084134615,0.1856676923076923,0.3381655384615384,0.0625435001664699,0.0620879461834766,2026-01-01 00:16:50
0,0.0101009368990384,0.2246787692307692,0.4145187692307692,0.0684250942891164,0.0676754357373199,2026-01-01 00:16:51
0,0.0108449441105769,0.2246787692307692,0.4145187692307692,0.0681532834897902,0.0672848960590575,2026-01-01 00:16:52
0,0.0114210811298076,0.1829556923076923,0.3542289230769231,0.0661016004616312,0.0651074534090796,2026-01-01 00:16:53
0,0.0111550150240384,0.1998535384615384,0.3828092307692308,0.0674989559035866,0.0665708245997284,2026-01-01 00:16:54
0,0.0085322469951923,0.1998535384615384,0.3773852307692308,0.0624915952676855,0.0619063828721502,2026-01-01 00:16:55
0,0.0088029987980769,0.1904658461538461,0.3767593846153846,0.0619353623898112,0.0613065765356238,2026-01-01 00:16:56
0,0.00931190625,0.1904658461538461,0.3767593846153846,0.0649915158292926,0.0643209571740067,2026-01-01 00:16:57
0,0.0109618828125,0.2246787692307692,0.4224461538461538,0.0669824560512852,0.0660793957589456,2026-01-01 00:16:58
0,0.0128487926682692,0.2246787692307692,0.4224461538461538,0.0686955629658164,0.0674832490189846,2026-01-01 00:16:59
0,0.0123800192307692,0.2301027692307692,0.4205686153846154,0.0673905557800108,0.0662436572977711,2026-01-01 00:17:00
0,0.0122090931490384,0.2301027692307692,0.4136843076923077,0.0653339923062467,0.0641830865193534,2026-01-01 00:17:01
0,0.010636532451923,0.1775316923076923,0.3442153846153846,0.0615477424675998,0.0606216857259609,2026-01-01 00:17:02
0,0.0119206171875,0.1625113846153845,0.3210590769230769,0.0631642698019207,0.0620292178370718,2026-01-01 00:17:03
0,0.0114997193509615,0.1965156923076922,0.386772923076923,0.0691328337378351,0.0681696791504278,2026-01-01 00:17:04
0,0.0116659597355769,0.1965156923076922,0.390528,0.0686138143052541,0.0676147979140942,2026-01-01 00:17:05
0,0.0137062752403846,0.1940123076923077,0.3696664615384615,0.0652664172555684,0.0638109962342916,2026-01-01 00:17:06
0,0.01215103125,0.2086153846153846,0.3673716923076923,0.0670145074482684,0.0659036922189914,2026-01-01 00:17:07
0,0.0075635300480769,0.2086153846153846,0.3817661538461538,0.0652509863055939,0.0648111427693158,2026-01-01 00:17:08
0,0.0083124266826923,0.2119532307692307,0.4228633846153846,0.0656933435964982,0.0651653201905157,2026-01-01 00:17:09
0,0.0121239356971153,0.2119532307692307,0.4228633846153846,0.0691328816894019,0.0680614833359739,2026-01-01 00:17:10
0,0.0105776556490384,0.1988104615384615,0.3669544615384615,0.0641522176866763,0.0632741672018611,2026-01-01 00:17:11
0,0.0088565787259615,0.1785747692307692,0.3448412307692307,0.0642274400326723,0.0636138747949011,2026-01-01 00:17:12
0,0.0101537019230769,0.1862935384615384,0.3602787692307692,0.0681440432978611,0.0673833286075871,2026-01-01 00:17:13
0,0.0090110030048076,0.1875452307692307,0.3738387692307692,0.0658251573202718,0.0652054687973783,2026-01-01 00:17:14
0,0.0081828569711538,0.2033999999999999,0.3909452307692307,0.0659007166527564,0.0653907126978788,2026-01-01 00:17:15
0,0.0102078930288461,0.2384473846153846,0.4224461538461538,0.0674961384989155,0.0667197694253841,2026-01-01 00:17:16
0,0.0117631370192307,0.2384473846153846,0.4224461538461538,0.0645111843676047,0.0634296580156152,2026-01-01 00:17:17
0,0.010821923076923,0.2017310769230769,0.3846867692307692,0.0671688599259964,0.0662913397411403,2026-01-01 00:17:18
0,0.0101977067307692,0.2027741538461538,0.4045052307692307,0.0721719014569007,0.0714478140836919,2026-01-01 00:17:19
0,0.0095844915865384,0.2027741538461538,0.3992898461538461,0.0672362444858969,0.0665496062617569,2026-01-01 00:17:20
0,0.0091316087740384,0.1906744615384615,0.3586098461538461,0.0617485931892097,0.0610696527093811,2026-01-01 00:17:21
0,0.0083391147836538,0.2094498461538461,0.3702923076923077,0.0631240828879743,0.0625708319033149,2026-01-01 00:17:22
0,0.0098693004807692,0.2094498461538461,0.3761335384615384,0.063882589304306,0.0631156250404202,2026-01-01 00:17:23
0,0.0132232409855769,0.1704387692307692,0.3333673846153845,0.0607291302782116,0.0592720268101687,2026-01-01 00:17:24
0,0.0099640330528846,0.1821212307692307,0.35256,0.0591370311119798,0.0582915645188932,2026-01-01 00:17:25
0,0.0102162457932692,0.1821212307692307,0.3473446153846153,0.0645687808132054,0.0637554372394643,2026-01-01 00:17:26
0,0.0095199104567307,0.1875452307692307,0.3523513846153845,0.0630873163169044,0.0623649002642109,2026-01-01 00:17:27
0,0.0094233443509615,0.213204923076923,0.4007501538461538,0.0618354454519892,0.0611131973921274,2026-01-01 00:17:28
0,0.0110806550480769,0.213204923076923,0.4013759999999999,0.0677411910925623,0.066828796595065,2026-01-01 00:17:29
0,0.0128253641826923,0.192552,0.3807230769230769,0.0669923132355783,0.0657531753319576,2026-01-01 00:17:30
0,0.0126456778846153,0.1929692307692307,0.3778024615384615,0.0675496405996071,0.0663554125597501,2026-01-01 00:17:31
0,0.0100314663461538,0.1929692307692307,0.3848953846153846,0.0673676728966194,0.0666166123009261,2026-01-01 00:17:32
0,0.0101695925480769,0.1919261538461538,0.3832264615384615,0.0614797079939747,0.060632778943658,2026-01-01 00:17:33
0,0.0100216875,0.2136221538461538,0.4143101538461538,0.0683995287669165,0.0676613724010131,2026-01-01 00:17:34
0,0.0114720126201923,0.2136221538461538,0.4143101538461538,0.0741791987263532,0.0732867412983136,2026-01-01 00:17:35
0,0.0128699801682692,0.2109101538461538,0.4134756923076922,0.0705484252922092,0.069364572525741,2026-01-01 00:17:36
0,0.0131301382211538,0.2109101538461538,0.4065913846153846,0.0661743606303625,0.0648586576729018,2026-01-01 00:17:37
0,0.0119813275240384,0.175236923076923,0.3500566153846154,0.0627328430088852,0.0615780592641499,2026-01-01 00:17:38
0,0.0108903749999999,0.175236923076923,0.3500566153846154,0.0651985045785529,0.0642825383104849,2026-01-01 00:17:39
0,0.0105018695913461,0.1758627692307692,0.3406689230769231,0.0641765007322371,0.0633114048282076,2026-01-01 00:17:40
0,0.0101991328125,0.1758627692307692,0.3448412307692308,0.0612592565011673,0.0604042564472802,2026-01-01 00:17:41
0,0.011401930889423,0.1994363076923077,0.3648683076923077,0.0679653908095099,0.0670021665312566,2026-01-01 00:17:42
0,0.0147835781249999,0.1994363076923077,0.3823919999999999,0.068223230141538,0.0666022142932747,2026-01-01 00:17:43
0,0.0137586328125,0.196932923076923,0.3798886153846154,0.0644212305074178,0.0629348469706621,2026-01-01 00:17:44
0,0.009118977764423,0.2309372307692307,0.4362147692307692,0.0731885811337763,0.0726182666614077,2026-01-01 00:17:45
0,0.0091770396634615,0.2309372307692307,0.4362147692307692,0.0738874660230622,0.0733153434031678,2026-01-01 00:17:46
0,0.0110447992788461,0.2225926153846154,0.4130584615384615,0.0677386852373509,0.0668321919928929,2026-01-01 00:17:47
0,0.0111554224759615,0.2225926153846154,0.4130584615384615,0.0681987705124468,0.067280226283747,2026-01-01 00:17:48
0,0.0123995769230769,0.1835815384615384,0.3648683076923077,0.0666329585101201,0.0654690892860141,2026-01-01 00:17:49
0,0.0122113341346153,0.1829556923076923,0.3546461538461538,0.0645114867589531,0.0633452069418308,2026-01-01 00:17:50
0,0.0088575973557692,0.1958898461538461,0.3617390769230769,0.0651357020615729,0.064530633439763,2026-01-01 00:17:51
0,0.0080033743990384,0.1958898461538461,0.3700836923076923,0.0653831406142023,0.0648914561002091,2026-01-01 00:17:52
0,0.0114966634615384,0.1906744615384615,0.3648683076923077,0.065728005199655,0.0647147386364034,2026-01-01 00:17:53
0,0.0112619711538461,0.1748196923076923,0.3331587692307692,0.0634397671465985,0.0624321396505404,2026-01-01 00:17:54
0,0.0094426983173076,0.2140393846153846,0.3775938461538461,0.0625922071116642,0.061875842132433,2026-01-01 00:17:55
0,0.0112415985576923,0.2140393846153846,0.4080516923076923,0.0656299143714611,0.0646599731075803,2026-01-01 00:17:56
0,0.0128883155048076,0.2184203076923076,0.4124326153846154,0.0675563771272249,0.0663155744452566,2026-01-01 00:17:57
0,0.0103270727163461,0.224052923076923,0.4424732307692307,0.0692983384720464,0.068524530528108,2026-01-01 00:17:58
0,0.0097067271634615,0.224052923076923,0.4424732307692307,0.0680798159577979,0.0673842770134231,2026-01-01 00:17:59
0,0.0125049032451923,0.1960984615384615,0.3853126153846153,0.0708441682150094,0.0697317973732567,2026-01-01 00:18:00
0,0.0129478034855769,0.2042344615384615,0.3934486153846154,0.0758772244211406,0.0747643469225473,2026-01-01 00:18:01
0,0.0134876772836538,0.2042344615384615,0.3988726153846154,0.0709017539000546,0.0696070489792228,2026-01-01 00:18:02
0,0.0114997193509615,0.1946381538461538,0.3855212307692307,0.0637455161677507,0.0626996593797932,2026-01-01 00:18:03
0,0.0110945084134615,0.1656406153846154,0.3304467692307692,0.0608909555115249,0.0598716990419525,2026-01-01 00:18:04
0,0.0095091129807692,0.1648061538461538,0.3291950769230769,0.0582647649110806,0.0574835593927729,2026-01-01 00:18:05
0,0.0098501502403846,0.2428283076923076,0.4186910769230769,0.0666698421896637,0.0659381710228341,2026-01-01 00:18:06
0,0.012376555889423,0.2428283076923076,0.4216116923076922,0.0726571656064163,0.0715952832124728,2026-01-01 00:18:07
0,0.0102443599759615,0.2019396923076923,0.3917796923076923,0.0657337859600273,0.0649306068454746,2026-01-01 00:18:08
0,0.0101618509615384,0.208824,0.39324,0.0650063676618644,0.0642072006991815,2026-01-01 00:18:09
0,0.010535891826923,0.2096584615384615,0.401376,0.0676393639139475,0.0668137600655344,2026-01-01 00:18:10
0,0.0096179026442307,0.2096584615384615,0.401376,0.0645086340782993,0.0637876149371806,2026-01-01 00:18:11
0,0.009455329326923,0.1981846153846153,0.37968,0.0667575495313154,0.0660845455968751,2026-01-01 00:18:12
0,0.012421579326923,0.2188375384615384,0.400332923076923,0.0703710006049877,0.0692660240895357,2026-01-01 00:18:13
0,0.0131441953125,0.2188375384615384,0.3882332307692308,0.064663139243409,0.0633131242824057,2026-01-01 00:18:14
0,0.0125028659855769,0.1877538461538461,0.3563150769230769,0.061731469142141,0.0604520688197998,2026-01-01 00:18:15
0,0.0103205534855769,0.1877538461538461,0.3504738461538461,0.0645188263965747,0.063688029764962,2026-01-01 00:18:16
0,0.0100129272836538,0.1883796923076923,0.3700836923076923,0.0682276383782947,0.0674889022424548,2026-01-01 00:18:17
0,0.0109741063701923,0.1883796923076923,0.3700836923076923,0.0670785082251529,0.0661747327541835,2026-01-01 00:18:18
0,0.0101773341346153,0.1885883076923076,0.3673716923076923,0.0634058708890681,0.0625837545463163,2026-01-01 00:18:19
0,0.0124407295673076,0.1885883076923076,0.3604873846153845,0.0633410783121121,0.0621073300792607,2026-01-01 00:18:20
0,0.0127430588942307,0.184416,0.3675803076923076,0.0623747169901976,0.0610591497617303,2026-01-01 00:18:21
0,0.0101579801682692,0.1835815384615384,0.3667458461538461,0.0609446978627548,0.0600921928080804,2026-01-01 00:18:22
0,0.0086011063701923,0.1938036923076923,0.3721698461538461,0.0619167411270072,0.0613164235828988,2026-01-01 00:18:23
0,0.0092351015624999,0.2209236923076923,0.4351716923076922,0.0688760346726829,0.0682540918287169,2026-01-01 00:18:24
0,0.0110154627403846,0.2209236923076923,0.4351716923076922,0.0721010271142391,0.0712545976870507,2026-01-01 00:18:25
0,0.0119428233173076,0.2096584615384615,0.388859076923077,0.0688851618686768,0.0678419818172006,2026-01-01 00:18:26
0,0.0124759741586538,0.1802436923076923,0.3594443076923077,0.0630513857153931,0.0618047515117073,2026-01-01 00:18:27
0,0.0123409038461538,0.2248873846153846,0.3844781538461538,0.064989595841316,0.0638071285976542,2026-01-01 00:18:28
0,0.0108979128605769,0.2248873846153846,0.4032535384615384,0.0674897813546444,0.0666040995929002,2026-01-01 00:18:29
0,0.0114498064903846,0.2065292307692307,0.3848953846153846,0.0631763823784334,0.062130163542025,2026-01-01 00:18:30
0,0.0142820048076923,0.1817039999999999,0.3617390769230769,0.0628174038532273,0.0611723022742525,2026-01-01 00:18:31
0,0.0142276099759615,0.1883796923076923,0.370500923076923,0.0663684655631421,0.0648255222545712,2026-01-01 00:18:32
0,0.0129510631009615,0.2048603076923076,0.39324,0.0703674290724998,0.0691653456495969,2026-01-01 00:18:33
0,0.013668993389423,0.2048603076923076,0.3773852307692307,0.0672951008912765,0.0658922546562719,2026-01-01 00:18:34
0,0.0126876454326923,0.1923433846153846,0.3531858461538462,0.0616008673217045,0.0602801004325683,2026-01-01 00:18:35
0,0.0127110739182692,0.1923433846153846,0.3494307692307692,0.064780646177458,0.0635213406581859,2026-01-01 00:18:36
0,0.0128111033653846,0.1848332307692307,0.3579839999999999,0.0649359027958663,0.0636596190883642,2026-01-01 00:18:37
0,0.0133479212740384,0.1731507692307692,0.3200159999999999,0.0612823556719773,0.0598110367270857,2026-01-01 00:18:38
0,0.0145935018028846,0.2415766153846154,0.4424732307692308,0.0664133665619009,0.064790161006241,2026-01-01 00:18:39
0,0.0147968203125,0.2415766153846154,0.4504006153846154,0.0696828214122075,0.0680936833238237,2026-01-01 00:18:40
0,0.0138001929086538,0.208824,0.3919883076923077,0.0665983942542161,0.0651529031810859,2026-01-01 00:18:41
0,0.0120465198317307,0.1831643076923076,0.3642424615384615,0.06592823685202,0.0648183135723212,2026-01-01 00:18:42
0,0.0133707385817307,0.1810781538461538,0.3425464615384615,0.0638574574015232,0.0624419587742598,2026-01-01 00:18:43
0,0.0163532866586538,0.1823298461538461,0.3536030769230769,0.0677937973577346,0.0657918610136654,2026-01-01 00:18:44
0,0.015777149639423,0.206112,0.3719612307692307,0.0714567674445716,0.0696932648315663,2026-01-01 00:18:45
0,0.0133434393028846,0.2071550769230769,0.4028363076923076,0.0680516213983865,0.0667306211758857,2026-01-01 00:18:46
0,0.0133662566105769,0.2071550769230769,0.4028363076923076,0.0651744663538509,0.0637891389558556,2026-01-01 00:18:47
0,0.0120595582932692,0.2238443076923077,0.4118067692307692,0.0653717915745303,0.0642498107968815,2026-01-01 00:18:48
0,0.0128186412259615,0.2238443076923077,0.4134756923076923,0.0694794117249782,0.0682866831144193,2026-01-01 00:18:49
0,0.0145038623798076,0.2067378461538461,0.4028363076923077,0.067641466613747,0.0660681919059864,2026-01-01 00:18:50
0,0.0141966436298076,0.2067378461538461,0.3976209230769231,0.061357848456985,0.05969288799278,2026-01-01 00:18:51
0,0.0130938749999999,0.1956812307692307,0.3625735384615384,0.0612549622071369,0.059839124596556,2026-01-01 00:18:52
0,0.0137150354567307,0.2328147692307692,0.4249495384615385,0.0671265369045649,0.06571049961171,2026-01-01 00:18:53
0,0.0150791844951923,0.2328147692307692,0.4410129230769231,0.0658018514902487,0.0640507755964336,2026-01-01 00:18:54
0,0.0124191346153846,0.2315630769230769,0.4497747692307692,0.0676897755207338,0.0665407454530853,2026-01-01 00:18:55
0,0.0128243455528846,0.2315630769230769,0.4497747692307692,0.0716430766761184,0.0704859319067315,2026-01-01 00:18:56
0,0.0156848617788461,0.2230098461538461,0.398664,0.0679336647978897,0.0660981688388606,2026-01-01 00:18:57
0,0.0146505450721153,0.1810781538461538,0.3369138461538461,0.065279290847112,0.0636140498835891,2026-01-01 00:18:58
0,0.0100968623798076,0.1810781538461538,0.3375396923076923,0.0644801382300304,0.0636847045706192,2026-01-01 00:18:59
0,0.0123692217548076,0.2278079999999999,0.4289132307692307,0.0724910376124817,0.0714279559228362,2026-01-01 00:19:00
0,0.0146161153846153,0.2278079999999999,0.4341286153846153,0.0732619023730128,0.0717891043987629,2026-01-01 00:19:01
0,0.0126585126201923,0.2063206153846153,0.3926141538461538,0.0641989461463976,0.0629385950316059,2026-01-01 00:19:02
0,0.0143347698317307,0.2211323076923076,0.4042966153846153,0.0656169346897714,0.0640319958454602,2026-01-01 00:19:03
0,0.016889493389423,0.2211323076923076,0.4255753846153846,0.0691249077474078,0.0670298283164762,2026-01-01 00:19:04
0,0.0153644008413461,0.2044430769230769,0.3667458461538462,0.0646141385200674,0.0627608323994902,2026-01-01 00:19:05
0,0.0127583383413461,0.1958898461538461,0.3844781538461538,0.0642414013993917,0.0629617539187521,2026-01-01 00:19:06
0,0.015091204326923,0.2196719999999999,0.4239064615384615,0.0682454045506169,0.0665559223077888,2026-01-01 00:19:07
0,0.0157934477163461,0.2196719999999999,0.4239064615384615,0.0644543336573472,0.0624894241967685,2026-01-01 00:19:08
0,0.0149351502403846,0.2036086153846153,0.3571495384615384,0.0622405953471815,0.0604221234025148,2026-01-01 00:19:09
0,0.017127852764423,0.2036086153846153,0.3667458461538461,0.063355715648853,0.0609965848638968,2026-01-01 00:19:10
0,0.017654891826923,0.2228012307692307,0.4168135384615384,0.0750660104365843,0.0729603366045211,2026-01-01 00:19:11
0,0.0142074411057692,0.2228012307692307,0.4168135384615384,0.076733910046375,0.0754071718620402,2026-01-01 00:19:12
0,0.013515384014423,0.2127876923076923,0.3782196923076922,0.0676749005911812,0.0663115869586072,2026-01-01 00:19:13
0,0.0165765703124999,0.2127876923076923,0.3744646153846154,0.0669607545385258,0.0648764977865132,2026-01-01 00:19:14
0,0.0170968864182692,0.1935950769230769,0.3819747692307692,0.0680698265497492,0.0658877664010075,2026-01-01 00:19:15
0,0.0161279657451923,0.1948467692307692,0.3884418461538461,0.0711351447918958,0.0692827362730852,2026-01-01 00:19:16
0,0.0169683353365384,0.2428283076923076,0.4376750769230769,0.0683451062679607,0.0662052048307806,2026-01-01 00:19:17
0,0.0140650366586538,0.2428283076923076,0.4259926153846153,0.0623063212114367,0.0606980428571915,2026-01-01 00:19:18
0,0.0127622091346153,0.1854590769230769,0.3621563076923076,0.0618077305191471,0.0604757932559123,2026-01-01 00:19:19
0,0.01524440625,0.2138307692307692,0.3803058461538461,0.0663480278915926,0.0645729733184752,2026-01-01 00:19:20
0,0.0167886490384615,0.2138307692307692,0.3803058461538461,0.0646941606269898,0.0624778015193727,2026-01-01 00:19:21
0,0.0156033713942307,0.1865021538461538,0.3717526153846153,0.0593815957469994,0.0572949274769918,2026-01-01 00:19:22
0,0.0152254597355769,0.1865021538461538,0.3717526153846153,0.0617310698272605,0.0598239948336655,2026-01-01 00:19:23
0,0.0147412031249999,0.2025655384615384,0.3788455384615384,0.0649682962569518,0.0632738211977003,2026-01-01 00:19:24
0,0.0140346814903846,0.2025655384615384,0.4051310769230768,0.065653952530416,0.0641363329036637,2026-01-01 00:19:25
0,0.0146265054086538,0.2025655384615384,0.3654941538461538,0.0639203848217046,0.0622244400158444,2026-01-01 00:19:26
0,0.0171311123798076,0.2244701538461538,0.394908923076923,0.0715528160043474,0.0694717961966033,2026-01-01 00:19:27
0,0.0165761628605769,0.2244701538461538,0.4251581538461538,0.0732742203815202,0.0713746607511323,2026-01-01 00:19:28
0,0.0136090979567307,0.200688,0.3840609230769231,0.0668987493615937,0.0654998864040957,2026-01-01 00:19:29
0,0.0143315102163461,0.1983932307692307,0.390528,0.0667514212942809,0.0651947855255721,2026-01-01 00:19:30
0,0.0124488786057692,0.1983932307692307,0.390528,0.0661221682928932,0.0649397148223836,2026-01-01 00:19:31
0,0.0111489032451923,0.1837901538461538,0.3563150769230769,0.0649940906560092,0.0640307252546064,2026-01-01 00:19:32
0,0.0129783623798076,0.2438713846153846,0.4276615384615384,0.0669568255952319,0.0656869743840337,2026-01-01 00:19:33
0,0.0151199296874999,0.2438713846153846,0.4141015384615384,0.0640722248315582,0.0622626510928567,2026-01-01 00:19:34
0,0.015255407451923,0.1760713846153846,0.3410861538461538,0.0578442856323535,0.0557963612056657,2026-01-01 00:19:35
0,0.01518084375,0.2261390769230769,0.4236978461538461,0.0668057682424707,0.0650580713939846,2026-01-01 00:19:36
0,0.014196032451923,0.2261390769230769,0.4236978461538461,0.0690042743501622,0.0675282351406906,2026-01-01 00:19:37
0,0.0133758317307692,0.1963070769230769,0.3919883076923076,0.06588804994702,0.0645160619639106,2026-01-01 00:19:38
0,0.0124022253605769,0.1775316923076923,0.3529772307692307,0.0686120520492691,0.0674818382419823,2026-01-01 00:19:39
0,0.0146191712740384,0.2002707692307692,0.3757163076923077,0.0656387127231731,0.0639900026505358,2026-01-01 00:19:40
0,0.0163194681490384,0.208824,0.3886504615384615,0.06509204533645,0.0630130885246469,2026-01-01 00:19:41
0,0.0136086905048076,0.208824,0.3886504615384615,0.0695130891227008,0.0681679771016047,2026-01-01 00:19:42
0,0.0127283906249999,0.1737766153846153,0.3460929230769231,0.0695530898327709,0.0683785081541189,2026-01-01 00:19:43
0,0.0136514729567307,0.1854590769230769,0.3652855384615384,0.0670124535712481,0.0656072116443789,2026-01-01 00:19:44
0,0.0147854116586538,0.1854590769230769,0.3652855384615384,0.0601984939676791,0.0583545223445522,2026-01-01 00:19:45
0,0.0129123551682692,0.17628,0.3275261538461538,0.0568734774189688,0.0553882976605567,2026-01-01 00:19:46
0,0.0141031334134615,0.2248873846153846,0.4368406153846154,0.0681336282215337,0.0666580296929955,2026-01-01 00:19:47
0,0.0154295931490384,0.2248873846153846,0.4368406153846154,0.0731447404982163,0.0714988161986375,2026-01-01 00:19:48
0,0.0132819140624999,0.1800350769230769,0.3592356923076923,0.0668157888871932,0.0654823671185941,2026-01-01 00:19:49
0,0.0138435865384615,0.1904658461538461,0.3604873846153846,0.0654838899180972,0.0640038666844246,2026-01-01 00:19:50
0,0.0143588094951923,0.1956812307692307,0.3861470769230769,0.0664379368771282,0.0648677427260271,2026-01-01 00:19:51
0,0.0141770859375,0.235944,0.4316252307692307,0.0691023900744636,0.0676324666733667,2026-01-01 00:19:52
0,0.0155004897836538,0.235944,0.4199427692307692,0.0682758391082257,0.0664930449174886,2026-01-01 00:19:53
0,0.017882657451923,0.2438713846153846,0.4593710769230769,0.0716850637196197,0.069418721703465,2026-01-01 00:19:54
0,0.0156911772836538,0.2438713846153846,0.4593710769230769,0.0748046415305176,0.0731404221341536,2026-01-01 00:19:55
0,0.0126576977163461,0.205068923076923,0.3792627692307692,0.0668816069348645,0.0656729170565106,2026-01-01 00:19:56
0,0.0130115697115384,0.2188375384615384,0.4074258461538461,0.0653287297992954,0.0640198562231369,2026-01-01 00:19:57
0,0.0149630606971153,0.2188375384615384,0.409512,0.0679406097160101,0.0662724170613812,2026-01-01 00:19:58
0,0.014924352764423,0.1906744615384615,0.3773852307692307,0.0660685018410631,0.0643607848777935,2026-01-01 00:19:59
